Customer_ID,Bank_Name,Customer_Segment,Daily_Txn_Frequency,Daily_Txn_Limit,Daily_Amount_Spent,Daily_Amount_Limit,Monthly_Txn_Frequency,Monthly_Txn_Limit,Monthly_Amount_Spent,Monthly_Amount_Limit,Risk_Score,Risk_Category
CUST100001,State Bank of India,Mass Retail,2,8,8900,50000,38,196,161000,920000,19.8,Low Risk
CUST100002,Bank of India,SME,13,30,168900,1500000,289,713,3247000,30830000,24.6,Low Risk
CUST100003,Federal Bank,Premium,11,30,184400,300000,233,669,2515000,6200000,44.4,Low-Medium Risk
CUST100004,Kotak Mahindra Bank,Affluent,4,16,27900,200000,84,405,683000,4730000,18.0,Low Risk
CUST100005,Punjab National Bank,Mass Retail,2,10,23800,50000,36,214,540000,1130000,35.0,Low Risk
CUST100006,Indian Bank,Mass Retail,1,12,7700,50000,20,253,147000,1050000,11.6,Low Risk
CUST100007,IDFC First Bank,Mass Retail,3,7,7800,100000,68,176,169000,2260000,22.2,Low Risk
CUST100008,State Bank of India,Business,70,62,529900,5000000,1395,1524,12076000,91850000,51.8,Low-Medium Risk
CUST100009,State Bank of India,Affluent,16,16,81600,100000,335,362,1794000,1930000,91.5,High Risk
CUST100010,IDFC First Bank,Premium,35,34,990300,750000,902,677,19808000,16790000,121.9,High Risk
CUST100011,Punjab National Bank,Mass Retail,13,10,24300,25000,268,205,669000,560000,117.9,High Risk
CUST100012,State Bank of India,SME,4,50,8300,200000,99,1180,184000,4680000,5.8,Low Risk
CUST100013,ICICI Bank,Business,18,47,4501700,5000000,576,1020,151516000,104100000,86.8,Medium Risk
CUST100014,ICICI Bank,Mass Retail,6,6,41200,50000,148,149,925000,1150000,89.1,Medium Risk
CUST100015,Federal Bank,Mass Retail,3,11,2000,40000,63,282,36000,910000,13.3,Low Risk
CUST100016,Punjab National Bank,Mass Retail,4,13,40400,100000,92,320,889000,2470000,34.5,Low Risk
CUST100017,Yes Bank,Mass Retail,2,8,7600,40000,33,173,119000,780000,19.2,Low Risk
CUST100018,Canara Bank,Affluent,19,17,244100,300000,378,417,5469000,6560000,90.6,High Risk
CUST100019,State Bank of India,Affluent,2,18,40000,150000,39,386,816000,3330000,19.2,Low Risk
CUST100020,IDFC First Bank,Mass Retail,6,6,32100,40000,151,121,981000,1000000,99.3,High Risk
CUST100021,IDFC First Bank,Affluent,13,21,12100,100000,216,404,206000,1940000,31.7,Low Risk
CUST100022,Canara Bank,Mass Retail,0,6,3700,50000,6,130,63000,1080000,4.7,Low Risk
CUST100023,Canara Bank,Mass Retail,7,11,13700,50000,180,279,199000,1020000,41.5,Low-Medium Risk
CUST100024,Bank of India,Mass Retail,5,6,52100,75000,107,124,1229000,1630000,77.5,Medium Risk
CUST100025,HDFC Bank,Affluent,1,18,97800,300000,13,368,1723000,5890000,19.6,Low Risk
CUST100026,IDFC First Bank,Premium,22,29,52600,300000,694,748,1199000,5500000,48.4,Low-Medium Risk
CUST100027,Yes Bank,Mass Retail,6,7,31900,40000,156,134,618000,880000,86.4,Medium Risk
CUST100028,Bank of India,Affluent,2,16,44000,100000,52,392,607000,2040000,26.2,Low Risk
CUST100029,Indian Bank,Affluent,9,15,43100,150000,155,319,598000,2890000,38.0,Low Risk
CUST100030,Bank of Baroda,Mass Retail,2,10,30100,50000,34,193,552000,1010000,40.6,Low-Medium Risk
CUST100031,Yes Bank,Affluent,7,13,75100,300000,169,331,1348000,5500000,37.1,Low Risk
CUST100032,HDFC Bank,Mass Retail,1,6,11300,40000,10,120,252000,990000,20.3,Low Risk
CUST100033,Yes Bank,Mass Retail,1,7,32300,100000,30,160,538000,2210000,22.9,Low Risk
CUST100034,Bank of India,SME,16,43,67800,750000,259,899,1322000,17780000,19.0,Low Risk
CUST100035,Indian Bank,SME,48,49,588100,750000,1003,953,12521000,15720000,88.9,Medium Risk
CUST100036,Bank of Baroda,Business,12,51,204500,500000,239,987,4746000,12160000,33.0,Low Risk
CUST100037,Yes Bank,Mass Retail,1,7,3000,40000,15,139,60000,860000,9.7,Low Risk
CUST100038,State Bank of India,Mass Retail,1,8,21100,75000,18,156,348000,1650000,19.0,Low Risk
CUST100039,ICICI Bank,Premium,22,24,869000,1000000,586,584,14531000,21440000,85.6,Medium Risk
CUST100040,IDFC First Bank,Affluent,21,21,94200,400000,441,470,2003000,9250000,55.6,Low-Medium Risk
CUST100041,Punjab National Bank,Mass Retail,0,9,23400,75000,5,193,464000,1650000,17.2,Low Risk
CUST100042,ICICI Bank,Affluent,21,21,242700,300000,465,461,6219000,5970000,96.0,High Risk
CUST100043,IndusInd Bank,Mass Retail,9,10,31500,40000,310,255,705000,760000,94.8,High Risk
CUST100044,Bank of India,Business,17,60,1012800,5000000,447,1523,20469000,111210000,23.2,Low Risk
CUST100045,State Bank of India,Mass Retail,2,9,2600,40000,48,216,43000,860000,12.8,Low Risk
CUST100046,Indian Bank,Premium,15,33,176700,750000,310,831,2787000,14000000,30.4,Low Risk
CUST100047,Union Bank of India,Mass Retail,3,9,3000,25000,49,191,42000,520000,18.6,Low Risk
CUST100048,Indian Bank,Affluent,4,12,15400,150000,71,260,257000,3240000,18.2,Low Risk
CUST100049,Kotak Mahindra Bank,Affluent,7,17,196600,400000,116,396,3783000,9520000,40.3,Low-Medium Risk
CUST100050,IDFC First Bank,Mass Retail,2,9,19100,75000,53,210,282000,1390000,22.9,Low Risk
CUST100051,State Bank of India,SME,33,34,94900,750000,972,761,2402000,15330000,57.6,Low-Medium Risk
CUST100052,Indian Bank,Premium,9,33,243700,500000,161,720,3818000,11880000,33.5,Low Risk
CUST100053,State Bank of India,SME,37,30,192000,200000,850,777,4669000,4510000,107.0,High Risk
CUST100054,Union Bank of India,Business,7,89,425400,1500000,136,2203,8794000,30040000,19.0,Low Risk
CUST100055,Indian Bank,Affluent,8,21,139100,400000,153,463,3243000,9570000,34.9,Low Risk
CUST100056,IndusInd Bank,SME,14,48,113100,400000,281,1156,2238000,8580000,26.8,Low Risk
CUST100057,IndusInd Bank,Mass Retail,3,10,5400,25000,46,209,104000,540000,22.9,Low Risk
CUST100058,IndusInd Bank,Mass Retail,14,11,28800,25000,216,217,690000,620000,113.2,High Risk
CUST100059,IDFC First Bank,Mass Retail,8,8,32200,40000,174,172,710000,990000,86.8,Medium Risk
CUST100060,Federal Bank,Mass Retail,7,13,19900,75000,133,284,277000,1540000,34.8,Low Risk
CUST100061,Federal Bank,Mass Retail,3,6,68500,75000,55,115,1435000,1420000,75.3,Medium Risk
CUST100062,Axis Bank,Mass Retail,1,13,23200,75000,27,321,432000,1520000,20.0,Low Risk
CUST100063,IDFC First Bank,Business,28,87,60200,1000000,522,1872,798000,18210000,16.0,Low Risk
CUST100064,Bank of India,Mass Retail,3,8,11200,40000,64,185,169000,730000,30.3,Low Risk
CUST100065,Punjab National Bank,Mass Retail,3,11,4000,25000,70,215,73000,520000,21.6,Low Risk
CUST100066,Bank of Baroda,Affluent,3,15,52900,150000,38,303,1211000,3690000,26.3,Low Risk
CUST100067,HDFC Bank,Mass Retail,2,13,2500,40000,41,328,54000,960000,9.3,Low Risk
CUST100068,IndusInd Bank,Business,8,65,97800,500000,187,1512,2091000,10790000,16.2,Low Risk
CUST100069,Punjab National Bank,Mass Retail,4,8,4200,40000,90,205,92000,880000,26.3,Low Risk
CUST100070,ICICI Bank,SME,14,49,64200,1500000,330,1274,1060000,27060000,14.3,Low Risk
CUST100071,Yes Bank,Premium,16,27,644200,500000,409,583,13571000,9750000,103.4,High Risk
CUST100072,Federal Bank,Mass Retail,7,12,13200,100000,116,253,180000,1820000,29.3,Low Risk
CUST100073,Kotak Mahindra Bank,Mass Retail,3,12,4000,25000,53,300,86000,580000,18.1,Low Risk
CUST100074,Axis Bank,Business,14,60,188000,1000000,258,1559,2356000,19020000,17.5,Low Risk
CUST100075,Axis Bank,Premium,8,21,116800,750000,156,492,2191000,18060000,23.2,Low Risk
CUST100076,Canara Bank,Premium,3,20,130900,300000,68,491,2895000,6750000,30.7,Low Risk
CUST100077,Yes Bank,Premium,11,21,446300,1000000,215,514,9061000,19610000,46.2,Low-Medium Risk
CUST100078,Federal Bank,Mass Retail,10,8,42600,50000,231,172,631000,960000,99.3,High Risk
CUST100079,HDFC Bank,Mass Retail,5,7,95200,100000,94,161,2422000,2240000,85.2,Medium Risk
CUST100080,Union Bank of India,Mass Retail,2,11,13600,40000,62,273,340000,970000,28.3,Low Risk
CUST100081,HDFC Bank,Business,15,85,2774800,5000000,254,2024,48638000,115140000,34.0,Low Risk
CUST100082,Axis Bank,Affluent,3,16,24300,150000,64,306,439000,3070000,17.2,Low Risk
CUST100083,State Bank of India,Mass Retail,2,12,20000,75000,51,256,346000,1660000,21.6,Low Risk
CUST100084,Kotak Mahindra Bank,Mass Retail,2,6,12400,50000,33,120,206000,1010000,26.0,Low Risk
CUST100085,Union Bank of India,Mass Retail,2,7,6500,40000,29,144,113000,1000000,18.3,Low Risk
CUST100086,Canara Bank,Mass Retail,1,7,24100,75000,26,177,456000,1740000,22.6,Low Risk
CUST100087,Canara Bank,Premium,4,20,169000,750000,86,385,3294000,16730000,21.3,Low Risk
CUST100088,Union Bank of India,Affluent,20,19,85300,100000,469,390,1560000,2100000,94.0,High Risk
CUST100089,Kotak Mahindra Bank,Business,6,43,366300,1000000,122,910,5609000,22330000,23.3,Low Risk
CUST100090,Bank of India,Affluent,4,14,80700,150000,64,326,1291000,3060000,37.7,Low Risk
CUST100091,HDFC Bank,Mass Retail,2,10,6400,50000,51,227,95000,910000,15.7,Low Risk
CUST100092,Federal Bank,Premium,4,29,165200,750000,68,595,3311000,15570000,17.5,Low Risk
CUST100093,Indian Bank,Premium,17,30,71800,500000,338,604,1277000,12260000,31.6,Low Risk
CUST100094,Kotak Mahindra Bank,Affluent,11,12,244300,300000,299,248,5262000,6720000,91.4,High Risk
CUST100095,Yes Bank,Premium,11,27,35200,500000,192,608,436000,9290000,19.4,Low Risk
CUST100096,IDFC First Bank,Affluent,9,16,38500,100000,173,334,934000,2420000,45.3,Low-Medium Risk
CUST100097,Axis Bank,Affluent,3,19,14400,150000,72,487,245000,2980000,11.9,Low Risk
CUST100098,Union Bank of India,Affluent,4,20,77300,400000,88,445,1150000,7880000,18.3,Low Risk
CUST100099,Bank of India,Mass Retail,1,7,8000,100000,30,136,142000,2010000,12.1,Low Risk
CUST100100,Canara Bank,Mass Retail,4,8,111700,100000,107,193,2347000,2200000,84.4,Medium Risk
CUST100101,ICICI Bank,Mass Retail,1,8,11900,40000,13,170,242000,870000,20.6,Low Risk
CUST100102,Canara Bank,Affluent,3,19,1600,200000,63,448,32000,4290000,7.2,Low Risk
CUST100103,IDFC First Bank,Mass Retail,3,7,51400,40000,60,147,1236000,920000,91.8,High Risk
CUST100104,Bank of Baroda,Affluent,0,13,75100,200000,6,299,1301000,4040000,20.0,Low Risk
CUST100105,Federal Bank,Business,17,83,505400,2500000,318,2026,12345000,58690000,19.4,Low Risk
CUST100106,Bank of Baroda,Mass Retail,0,7,14600,100000,11,178,284000,1920000,9.7,Low Risk
CUST100107,Bank of Baroda,Mass Retail,1,10,4000,75000,9,208,69000,1760000,5.6,Low Risk
CUST100108,Bank of Baroda,Premium,25,21,986000,750000,444,448,21220000,16990000,119.6,High Risk
CUST100109,Canara Bank,Mass Retail,2,10,700,40000,43,222,12000,910000,9.4,Low Risk
CUST100110,IndusInd Bank,Mass Retail,6,7,62400,75000,191,178,1527000,1600000,92.3,High Risk
CUST100111,Federal Bank,Mass Retail,3,13,19800,75000,59,329,308000,1700000,21.3,Low Risk
CUST100112,ICICI Bank,Mass Retail,6,6,83300,100000,128,118,2111000,1860000,100.6,High Risk
CUST100113,IndusInd Bank,SME,8,37,17200,200000,126,737,311000,4790000,12.8,Low Risk
CUST100114,HDFC Bank,Business,53,50,970900,1000000,1309,1123,24514000,18390000,113.5,High Risk
CUST100115,Yes Bank,Affluent,14,15,191300,400000,318,296,5089000,7620000,76.2,Medium Risk
CUST100116,Yes Bank,Business,13,80,2548200,5000000,245,1714,50469000,110190000,33.8,Low Risk
CUST100117,Kotak Mahindra Bank,Business,48,85,90600,1000000,913,1703,1897000,23180000,29.0,Low Risk
CUST100118,IndusInd Bank,Mass Retail,2,12,13400,40000,41,281,251000,740000,26.1,Low Risk
CUST100119,State Bank of India,Business,41,46,91100,2500000,1175,1180,2299000,61110000,43.8,Low-Medium Risk
CUST100120,IndusInd Bank,Affluent,4,14,98700,300000,98,364,2030000,7440000,29.1,Low Risk
CUST100121,Yes Bank,Business,21,60,114100,500000,324,1298,2306000,11120000,25.5,Low Risk
CUST100122,Bank of India,Business,43,43,101900,1500000,1214,997,2539000,32050000,53.0,Low-Medium Risk
CUST100123,Bank of India,Mass Retail,1,9,2200,40000,14,225,41000,930000,6.5,Low Risk
CUST100124,State Bank of India,Mass Retail,3,10,39400,100000,48,198,791000,2030000,33.7,Low Risk
CUST100125,Yes Bank,Mass Retail,15,12,83000,100000,261,286,2135000,2150000,98.5,High Risk
CUST100126,Indian Bank,Affluent,2,16,139800,400000,31,350,3207000,9770000,23.7,Low Risk
CUST100127,HDFC Bank,Business,88,84,314900,500000,1870,1717,8777000,12340000,84.6,Medium Risk
CUST100128,ICICI Bank,Business,17,66,637200,5000000,292,1440,16178000,122450000,17.4,Low Risk
CUST100129,Federal Bank,Mass Retail,1,12,21100,50000,31,234,311000,990000,25.1,Low Risk
CUST100130,Canara Bank,Affluent,0,15,68900,400000,4,358,980000,7850000,8.3,Low Risk
CUST100131,Axis Bank,Mass Retail,3,7,3200,25000,62,145,65000,500000,26.2,Low Risk
CUST100132,Union Bank of India,Mass Retail,5,9,7400,75000,102,191,118000,1580000,28.7,Low Risk
CUST100133,Federal Bank,Mass Retail,2,7,28800,100000,40,139,456000,2020000,27.3,Low Risk
CUST100134,Federal Bank,Mass Retail,5,13,2700,25000,115,326,48000,520000,21.7,Low Risk
CUST100135,Kotak Mahindra Bank,SME,19,52,116900,200000,368,1168,2014000,4470000,44.0,Low-Medium Risk
CUST100136,State Bank of India,Mass Retail,3,9,17300,100000,44,207,331000,2330000,20.6,Low Risk
CUST100137,Federal Bank,Affluent,11,17,72100,300000,193,391,1189000,6940000,36.6,Low Risk
CUST100138,Union Bank of India,Premium,8,25,274300,1000000,191,547,6740000,23700000,30.1,Low Risk
CUST100139,Axis Bank,Mass Retail,1,13,14900,50000,22,265,246000,910000,19.5,Low Risk
CUST100140,ICICI Bank,SME,31,29,193900,400000,688,702,3692000,7330000,72.5,Medium Risk
CUST100141,Punjab National Bank,SME,2,38,26900,400000,28,756,460000,9410000,5.3,Low Risk
CUST100142,Kotak Mahindra Bank,Mass Retail,2,10,600,40000,49,197,12000,870000,10.7,Low Risk
CUST100143,HDFC Bank,Affluent,23,21,163500,200000,622,503,2940000,4410000,93.2,High Risk
CUST100144,Bank of India,Mass Retail,7,7,91900,75000,191,143,1634000,1380000,119.0,High Risk
CUST100145,Indian Bank,Mass Retail,3,10,9200,25000,62,211,139000,490000,31.2,Low Risk
CUST100146,Axis Bank,Mass Retail,7,12,33900,25000,116,268,765000,560000,98.7,High Risk
CUST100147,Federal Bank,Affluent,3,19,62000,400000,54,421,1264000,9610000,14.5,Low Risk
CUST100148,Canara Bank,Affluent,3,14,58400,150000,61,335,1168000,3660000,28.5,Low Risk
CUST100149,ICICI Bank,Mass Retail,4,8,6200,25000,71,187,123000,540000,32.8,Low Risk
CUST100150,Bank of Baroda,Mass Retail,2,12,5800,100000,40,282,110000,2180000,9.9,Low Risk
CUST100151,Kotak Mahindra Bank,Business,11,68,891200,1500000,276,1632,15641000,35750000,36.1,Low Risk
CUST100152,Yes Bank,Mass Retail,3,11,11100,50000,50,232,249000,1090000,23.4,Low Risk
CUST100153,Bank of Baroda,Mass Retail,3,7,6600,75000,75,149,112000,1620000,24.9,Low Risk
CUST100154,Indian Bank,Affluent,1,17,121300,300000,13,375,2997000,7300000,24.7,Low Risk
CUST100155,Bank of Baroda,SME,5,42,944900,1500000,120,888,14655000,35290000,35.1,Low Risk
CUST100156,State Bank of India,Mass Retail,1,13,13400,75000,22,337,244000,1830000,12.0,Low Risk
CUST100157,Bank of India,Premium,11,28,40900,750000,220,692,781000,14650000,18.4,Low Risk
CUST100158,Bank of Baroda,Premium,28,31,494700,500000,740,625,13713000,10840000,109.0,High Risk
CUST100159,Axis Bank,Mass Retail,1,9,46800,100000,11,171,766000,2390000,25.9,Low Risk
CUST100160,HDFC Bank,Premium,1,22,46800,300000,18,425,594000,5630000,9.5,Low Risk
CUST100161,Indian Bank,Mass Retail,3,10,2600,100000,56,207,44000,2360000,13.9,Low Risk
CUST100162,Indian Bank,Affluent,6,13,79900,200000,106,257,1247000,3860000,39.3,Low Risk
CUST100163,Bank of India,Affluent,1,14,24200,100000,23,318,472000,2370000,15.4,Low Risk
CUST100164,Punjab National Bank,Affluent,7,18,40900,150000,141,450,658000,3340000,28.6,Low Risk
CUST100165,ICICI Bank,Mass Retail,0,6,27700,75000,4,145,376000,1450000,18.3,Low Risk
CUST100166,Canara Bank,Business,11,68,17500,500000,171,1395,258000,10660000,7.8,Low Risk
CUST100167,Bank of India,Mass Retail,1,12,9100,100000,16,262,186000,2280000,7.8,Low Risk
CUST100168,Axis Bank,Mass Retail,2,7,23600,75000,25,158,430000,1680000,25.9,Low Risk
CUST100169,State Bank of India,Mass Retail,8,7,68300,75000,166,173,1102000,1570000,91.3,High Risk
CUST100170,Bank of Baroda,Affluent,7,15,37900,400000,131,373,789000,9720000,22.8,Low Risk
CUST100171,Kotak Mahindra Bank,Premium,10,21,56400,500000,266,533,920000,10820000,27.2,Low Risk
CUST100172,ICICI Bank,Mass Retail,1,6,8300,40000,13,135,127000,860000,16.0,Low Risk
CUST100173,Axis Bank,Affluent,6,12,239800,200000,122,286,4315000,3690000,86.8,Medium Risk
CUST100174,Kotak Mahindra Bank,Mass Retail,1,8,3500,50000,19,158,71000,1220000,8.9,Low Risk
CUST100175,Yes Bank,Affluent,10,21,44300,150000,161,482,683000,2890000,32.9,Low Risk
CUST100176,Punjab National Bank,Mass Retail,1,6,14300,75000,16,124,266000,1630000,16.4,Low Risk
CUST100177,Bank of Baroda,Premium,7,20,295300,750000,119,440,6478000,17720000,34.9,Low Risk
CUST100178,Bank of Baroda,Mass Retail,7,6,79800,75000,149,141,1908000,1460000,115.4,High Risk
CUST100179,HDFC Bank,SME,30,31,904500,750000,640,645,20810000,16270000,112.8,High Risk
CUST100180,Union Bank of India,Mass Retail,1,7,5400,25000,14,136,96000,490000,17.0,Low Risk
CUST100181,Indian Bank,Mass Retail,7,13,7900,50000,119,248,131000,1170000,30.0,Low Risk
CUST100182,HDFC Bank,Mass Retail,4,8,14600,40000,59,153,298000,880000,39.2,Low Risk
CUST100183,State Bank of India,SME,14,47,880600,1500000,254,896,19961000,35990000,44.7,Low-Medium Risk
CUST100184,Punjab National Bank,Business,113,88,2755100,2500000,1703,1740,87614000,60650000,120.8,High Risk
CUST100185,Indian Bank,Mass Retail,2,7,6000,25000,32,145,94000,560000,22.7,Low Risk
CUST100186,Indian Bank,Premium,4,34,52400,300000,83,699,1095000,6920000,14.5,Low Risk
CUST100187,Kotak Mahindra Bank,Business,4,54,438900,1500000,79,1399,9429000,32770000,19.1,Low Risk
CUST100188,Canara Bank,Affluent,3,15,57700,300000,46,317,779000,6210000,16.7,Low Risk
CUST100189,Yes Bank,Affluent,17,15,230600,200000,347,298,4636000,4510000,111.4,High Risk
CUST100190,IDFC First Bank,Mass Retail,0,11,3300,25000,11,251,70000,610000,7.6,Low Risk
CUST100191,Punjab National Bank,Mass Retail,3,11,17600,40000,62,275,276000,840000,32.6,Low Risk
CUST100192,Indian Bank,Business,15,89,682900,2500000,291,2113,11309000,50500000,20.5,Low Risk
CUST100193,Axis Bank,Business,29,88,617700,2500000,595,1854,9715000,51800000,26.6,Low Risk
CUST100194,Bank of Baroda,Affluent,17,18,93800,400000,449,413,1964000,8420000,57.5,Low-Medium Risk
CUST100195,Federal Bank,Mass Retail,16,13,96400,75000,366,312,1603000,1390000,121.1,High Risk
CUST100196,Canara Bank,Mass Retail,7,12,74900,75000,125,289,1570000,1610000,77.7,Medium Risk
CUST100197,Axis Bank,Premium,9,34,79200,500000,211,805,1289000,10730000,19.3,Low Risk
CUST100198,Indian Bank,Business,5,62,2234500,5000000,98,1556,38983000,110600000,25.5,Low Risk
CUST100199,Canara Bank,Business,18,59,700900,2500000,359,1480,13397000,51350000,27.2,Low Risk
CUST100200,Federal Bank,Premium,5,24,9500,300000,87,553,158000,6690000,9.5,Low Risk
CUST100201,Canara Bank,Affluent,3,12,46400,150000,62,264,832000,3620000,25.7,Low Risk
CUST100202,Union Bank of India,Mass Retail,1,10,11100,100000,18,235,222000,2470000,9.6,Low Risk
CUST100203,Indian Bank,Mass Retail,1,8,10600,100000,20,198,158000,2210000,9.9,Low Risk
CUST100204,Kotak Mahindra Bank,Business,6,57,446200,2500000,102,1085,7049000,45750000,13.6,Low Risk
CUST100205,Yes Bank,Affluent,2,15,62600,300000,33,389,1265000,7440000,15.3,Low Risk
CUST100206,Yes Bank,Mass Retail,11,9,37300,50000,195,183,753000,1150000,89.6,Medium Risk
CUST100207,Federal Bank,Mass Retail,8,10,65700,75000,240,223,1500000,1530000,93.4,High Risk
CUST100208,IDFC First Bank,Premium,2,26,52900,300000,60,653,876000,5710000,13.0,Low Risk
CUST100209,Punjab National Bank,Mass Retail,2,9,7600,100000,26,185,136000,1900000,12.1,Low Risk
CUST100210,IDFC First Bank,Mass Retail,3,9,61300,50000,130,201,1430000,960000,97.7,High Risk
CUST100211,Union Bank of India,Affluent,2,13,79400,150000,24,259,1414000,2750000,34.4,Low Risk
CUST100212,Bank of Baroda,Premium,10,24,23000,750000,201,522,432000,18240000,19.2,Low Risk
CUST100213,HDFC Bank,Premium,7,29,60000,1000000,140,587,1272000,21790000,13.9,Low Risk
CUST100214,State Bank of India,Mass Retail,1,7,10700,25000,13,151,237000,570000,28.9,Low Risk
CUST100215,IndusInd Bank,Premium,10,32,214600,750000,207,692,4303000,17850000,28.3,Low Risk
CUST100216,Federal Bank,Mass Retail,11,10,31700,40000,332,260,595000,940000,92.1,High Risk
CUST100217,State Bank of India,Mass Retail,1,7,7000,40000,33,182,154000,970000,16.6,Low Risk
CUST100218,Bank of India,Premium,14,25,440000,750000,203,495,8724000,18580000,51.0,Low-Medium Risk
CUST100219,Kotak Mahindra Bank,Affluent,5,14,64100,400000,114,337,1163000,8430000,23.8,Low Risk
CUST100220,Axis Bank,Business,10,47,61600,500000,135,910,1002000,12330000,13.5,Low Risk
CUST100221,Kotak Mahindra Bank,Premium,17,31,96900,300000,236,596,1611000,6920000,36.3,Low Risk
CUST100222,State Bank of India,Affluent,9,18,12100,400000,164,355,196000,7400000,22.8,Low Risk
CUST100223,State Bank of India,Mass Retail,2,11,19600,100000,32,283,414000,2280000,17.0,Low Risk
CUST100224,Union Bank of India,Mass Retail,2,6,7500,25000,41,154,165000,570000,29.7,Low Risk
CUST100225,Federal Bank,Mass Retail,1,6,22900,100000,12,122,379000,2430000,16.9,Low Risk
CUST100226,Federal Bank,Mass Retail,2,7,3100,25000,36,141,55000,520000,18.5,Low Risk
CUST100227,Canara Bank,SME,17,54,444600,750000,270,1117,7975000,16570000,42.1,Low-Medium Risk
CUST100228,Union Bank of India,Mass Retail,2,9,65400,100000,36,203,1131000,1810000,44.4,Low-Medium Risk
CUST100229,Punjab National Bank,Business,13,79,286000,1500000,305,1816,4746000,30490000,17.1,Low Risk
CUST100230,State Bank of India,Affluent,2,14,194900,300000,39,288,3474000,5530000,42.0,Low-Medium Risk
CUST100231,Union Bank of India,Premium,21,21,329500,300000,572,510,9296000,6500000,117.5,High Risk
CUST100232,Punjab National Bank,Affluent,9,19,101100,100000,275,402,2808000,2370000,86.6,Medium Risk
CUST100233,Kotak Mahindra Bank,Affluent,5,12,25500,300000,104,305,378000,5830000,20.6,Low Risk
CUST100234,HDFC Bank,Affluent,23,21,211100,300000,582,496,4426000,6510000,88.6,Medium Risk
CUST100235,ICICI Bank,Mass Retail,2,7,14300,25000,49,154,283000,490000,45.6,Low-Medium Risk
CUST100236,Federal Bank,Premium,3,20,14200,750000,53,491,245000,14130000,6.8,Low Risk
CUST100237,IndusInd Bank,Mass Retail,1,7,6200,50000,12,173,126000,1080000,11.3,Low Risk
CUST100238,HDFC Bank,Mass Retail,2,10,6600,75000,40,210,83000,1390000,12.8,Low Risk
CUST100239,ICICI Bank,Affluent,1,19,120300,300000,25,406,1789000,6630000,21.2,Low Risk
CUST100240,HDFC Bank,Mass Retail,3,9,6700,25000,80,230,102000,460000,28.7,Low Risk
CUST100241,Canara Bank,SME,22,52,3400,200000,396,1048,61000,3750000,18.7,Low Risk
CUST100242,Indian Bank,SME,19,48,18900,200000,331,926,322000,4370000,21.2,Low Risk
CUST100243,IndusInd Bank,Business,4,57,138400,500000,69,1264,2215000,11070000,16.1,Low Risk
CUST100244,ICICI Bank,Mass Retail,3,10,16800,50000,68,246,294000,910000,31.2,Low Risk
CUST100245,Bank of India,Mass Retail,3,13,2000,25000,71,317,33000,550000,13.8,Low Risk
CUST100246,Union Bank of India,SME,32,25,223100,200000,812,636,5165000,4770000,117.9,High Risk
CUST100247,Canara Bank,Affluent,1,14,10000,150000,13,318,168000,3460000,5.8,Low Risk
CUST100248,Indian Bank,SME,44,45,888100,750000,1061,887,19783000,14190000,119.9,High Risk
CUST100249,State Bank of India,SME,7,33,581200,1500000,138,763,12783000,33220000,30.1,Low Risk
CUST100250,Indian Bank,Business,17,42,82500,500000,396,1027,1787000,11350000,26.3,Low Risk
CUST100251,IDFC First Bank,Mass Retail,2,12,7100,100000,49,236,90000,1830000,11.7,Low Risk
CUST100252,IDFC First Bank,Mass Retail,2,11,2600,100000,36,222,42000,2400000,8.9,Low Risk
CUST100253,IDFC First Bank,Business,21,59,518300,2500000,350,1126,13121000,60860000,26.8,Low Risk
CUST100254,IndusInd Bank,Mass Retail,8,9,92800,100000,247,208,1503000,2400000,89.4,Medium Risk
CUST100255,HDFC Bank,Mass Retail,1,7,7500,100000,25,176,121000,2380000,9.8,Low Risk
CUST100256,Federal Bank,Affluent,7,19,3200,200000,174,450,65000,4640000,17.6,Low Risk
CUST100257,Axis Bank,SME,9,45,69200,200000,192,1164,1340000,4490000,26.1,Low Risk
CUST100258,IndusInd Bank,Premium,25,20,425200,750000,429,389,15661000,17060000,93.4,High Risk
CUST100259,Bank of India,Affluent,12,20,12200,100000,291,506,256000,2360000,32.4,Low Risk
CUST100260,ICICI Bank,Mass Retail,0,10,12800,40000,6,247,290000,910000,18.4,Low Risk
CUST100261,Axis Bank,Affluent,2,14,71600,200000,34,297,994000,4060000,22.3,Low Risk
CUST100262,Bank of Baroda,SME,11,48,296300,750000,217,1239,5065000,15470000,29.5,Low Risk
CUST100263,IndusInd Bank,Mass Retail,2,11,16100,40000,32,231,340000,970000,28.0,Low Risk
CUST100264,State Bank of India,Affluent,9,21,33600,200000,216,530,483000,3620000,26.9,Low Risk
CUST100265,State Bank of India,Business,9,59,230500,500000,194,1485,3592000,11450000,27.7,Low Risk
CUST100266,IDFC First Bank,Premium,2,20,45900,750000,49,486,791000,18510000,7.2,Low Risk
CUST100267,Axis Bank,Premium,4,34,71900,500000,103,780,1206000,11470000,12.5,Low Risk
CUST100268,Indian Bank,Premium,39,34,401400,500000,855,675,9322000,12480000,96.6,High Risk
CUST100269,Indian Bank,Mass Retail,3,9,7900,50000,70,205,123000,1140000,22.3,Low Risk
CUST100270,Axis Bank,Mass Retail,2,6,2900,100000,42,129,41000,1820000,15.9,Low Risk
CUST100271,Union Bank of India,Business,4,78,104600,1000000,68,1915,2220000,23790000,7.3,Low Risk
CUST100272,Union Bank of India,Business,8,46,149700,500000,144,1118,2704000,10000000,22.6,Low Risk
CUST100273,Federal Bank,Business,24,78,454400,2500000,622,1979,6946000,52810000,22.3,Low Risk
CUST100274,Punjab National Bank,Business,10,79,1278400,5000000,211,1509,21074000,100920000,19.1,Low Risk
CUST100275,Bank of India,Affluent,3,15,18000,100000,61,370,291000,1990000,17.2,Low Risk
CUST100276,Yes Bank,Affluent,7,16,350600,300000,301,409,6385000,6310000,87.0,Medium Risk
CUST100277,Yes Bank,Premium,1,23,64900,1000000,35,564,1189000,20650000,5.6,Low Risk
CUST100278,Punjab National Bank,Affluent,19,20,391800,300000,488,398,7687000,6730000,116.6,High Risk
CUST100279,IDFC First Bank,Premium,2,22,558200,1000000,51,431,9129000,23690000,31.2,Low Risk
CUST100280,Punjab National Bank,Premium,11,33,7300,300000,159,632,141000,6020000,13.9,Low Risk
CUST100281,Punjab National Bank,Business,8,57,360200,1000000,153,1334,6280000,19500000,24.5,Low Risk
CUST100282,Federal Bank,Mass Retail,1,6,1900,50000,10,140,40000,1130000,7.5,Low Risk
CUST100283,HDFC Bank,Mass Retail,3,9,10900,40000,59,233,225000,910000,27.3,Low Risk
CUST100284,Punjab National Bank,Mass Retail,1,6,1200,50000,22,131,25000,1220000,8.6,Low Risk
CUST100285,Kotak Mahindra Bank,Affluent,0,14,37000,100000,10,299,575000,1810000,20.0,Low Risk
CUST100286,State Bank of India,Mass Retail,1,6,5000,75000,31,140,114000,1800000,12.2,Low Risk
CUST100287,IndusInd Bank,Affluent,2,20,170100,300000,48,496,3781000,6490000,36.6,Low Risk
CUST100288,Union Bank of India,Affluent,6,19,57000,300000,110,486,861000,6700000,21.1,Low Risk
CUST100289,Bank of India,Mass Retail,3,10,7300,50000,67,246,104000,930000,19.8,Low Risk
CUST100290,ICICI Bank,Affluent,16,17,161600,200000,359,374,4338000,4210000,93.3,High Risk
CUST100291,Canara Bank,Mass Retail,5,8,125500,100000,154,188,2878000,1960000,107.8,High Risk
CUST100292,Canara Bank,Mass Retail,2,9,23400,75000,29,225,384000,1480000,23.7,Low Risk
CUST100293,Bank of India,Business,4,40,461300,5000000,73,897,8502000,107640000,8.7,Low Risk
CUST100294,Yes Bank,Mass Retail,1,6,18400,100000,23,123,425000,2370000,18.0,Low Risk
CUST100295,Axis Bank,Mass Retail,2,6,42700,40000,84,121,1348000,930000,93.0,High Risk
CUST100296,Union Bank of India,Affluent,5,18,209600,300000,73,342,4828000,6640000,50.8,Low-Medium Risk
CUST100297,Indian Bank,Premium,4,25,207000,500000,87,601,4127000,10890000,28.7,Low Risk
CUST100298,HDFC Bank,Mass Retail,1,13,9200,50000,9,257,146000,1050000,11.6,Low Risk
CUST100299,Union Bank of India,Affluent,4,13,33600,200000,67,269,599000,4960000,20.4,Low Risk
CUST100300,Indian Bank,Mass Retail,2,12,3900,25000,36,253,81000,550000,15.5,Low Risk
CUST100301,Bank of India,Mass Retail,8,10,31600,40000,195,229,855000,790000,88.7,Medium Risk
CUST100302,Yes Bank,Affluent,6,19,59700,150000,100,414,984000,2940000,32.8,Low Risk
CUST100303,State Bank of India,Affluent,8,18,319600,300000,191,427,8126000,6680000,83.7,Medium Risk
CUST100304,Federal Bank,Affluent,3,13,26500,300000,44,252,400000,6500000,13.0,Low Risk
CUST100305,Union Bank of India,Premium,23,25,797400,750000,546,497,17802000,13540000,110.8,High Risk
CUST100306,Axis Bank,SME,35,33,670000,750000,727,742,13091000,17860000,90.2,High Risk
CUST100307,Axis Bank,Affluent,3,20,14600,200000,58,427,308000,4590000,10.3,Low Risk
CUST100308,Punjab National Bank,Mass Retail,3,8,2800,40000,58,169,65000,910000,19.8,Low Risk
CUST100309,IndusInd Bank,Premium,10,24,74000,500000,203,467,1158000,9240000,26.5,Low Risk
CUST100310,Bank of Baroda,Mass Retail,1,9,16900,75000,22,227,244000,1540000,15.5,Low Risk
CUST100311,IDFC First Bank,Affluent,3,18,93000,300000,44,429,2339000,7360000,23.6,Low Risk
CUST100312,IndusInd Bank,Mass Retail,2,13,6700,25000,26,258,167000,600000,20.9,Low Risk
CUST100313,Bank of Baroda,Mass Retail,3,9,11900,75000,56,175,212000,1500000,22.7,Low Risk
CUST100314,Bank of India,SME,9,26,143700,750000,191,671,2106000,14320000,23.4,Low Risk
CUST100315,HDFC Bank,Business,56,53,51800,2500000,1559,1260,1146000,52860000,51.7,Low-Medium Risk
CUST100316,Axis Bank,Premium,0,32,106300,500000,9,702,1651000,10250000,10.6,Low Risk
CUST100317,Federal Bank,Mass Retail,4,12,22800,75000,75,287,505000,1710000,29.8,Low Risk
CUST100318,HDFC Bank,Mass Retail,4,12,4900,25000,85,292,86000,620000,23.2,Low Risk
CUST100319,Yes Bank,Mass Retail,3,6,10500,25000,56,147,161000,510000,40.1,Low-Medium Risk
CUST100320,ICICI Bank,Mass Retail,4,12,10400,75000,91,268,182000,1380000,22.3,Low Risk
CUST100321,Canara Bank,Affluent,13,21,97100,400000,253,462,2444000,9710000,39.5,Low Risk
CUST100322,Bank of Baroda,Premium,38,31,346900,500000,739,591,9684000,9130000,103.6,High Risk
CUST100323,Federal Bank,Premium,11,29,185200,500000,213,739,3428000,12330000,32.9,Low Risk
CUST100324,Axis Bank,Mass Retail,3,9,18500,75000,82,209,380000,1700000,29.0,Low Risk
CUST100325,IDFC First Bank,SME,35,31,335400,400000,644,633,8771000,9840000,95.7,High Risk
CUST100326,Axis Bank,Premium,2,21,326200,500000,55,534,6394000,9700000,41.1,Low-Medium Risk
CUST100327,Yes Bank,Affluent,6,21,24000,100000,119,533,384000,1830000,23.8,Low Risk
CUST100328,Indian Bank,Affluent,8,15,25100,100000,179,389,423000,2140000,34.4,Low Risk
CUST100329,Kotak Mahindra Bank,Mass Retail,1,12,21900,50000,29,301,428000,1060000,27.5,Low Risk
CUST100330,Yes Bank,Mass Retail,5,9,66300,50000,188,234,1187000,1020000,99.6,High Risk
CUST100331,Union Bank of India,Mass Retail,7,12,11600,40000,125,249,300000,990000,40.3,Low-Medium Risk
CUST100332,Federal Bank,Premium,9,25,144000,500000,208,622,3251000,11880000,30.9,Low Risk
CUST100333,Indian Bank,Mass Retail,4,11,48700,100000,89,272,1142000,2260000,43.2,Low-Medium Risk
CUST100334,Bank of Baroda,Mass Retail,6,7,37600,50000,133,144,730000,960000,81.4,Medium Risk
CUST100335,Yes Bank,Mass Retail,4,11,5700,40000,79,217,128000,930000,23.7,Low Risk
CUST100336,Yes Bank,Mass Retail,2,9,4900,40000,36,233,111000,920000,14.9,Low Risk
CUST100337,Union Bank of India,Business,6,76,566100,1000000,103,1601,8850000,20980000,30.8,Low Risk
CUST100338,Axis Bank,Premium,5,22,19000,750000,98,552,478000,18360000,10.7,Low Risk
CUST100339,IndusInd Bank,Affluent,4,17,27400,150000,78,323,438000,2880000,19.8,Low Risk
CUST100340,Axis Bank,Mass Retail,8,8,45200,50000,138,153,994000,990000,95.0,High Risk
CUST100341,Kotak Mahindra Bank,Affluent,3,12,111500,400000,68,267,1680000,7380000,25.3,Low Risk
CUST100342,Axis Bank,Affluent,3,19,30400,150000,49,393,697000,3540000,17.4,Low Risk
CUST100343,Bank of Baroda,Mass Retail,3,9,6200,40000,53,214,143000,890000,21.7,Low Risk
CUST100344,Yes Bank,Affluent,20,18,88200,100000,537,413,1946000,2020000,104.5,High Risk
CUST100345,Canara Bank,Mass Retail,1,9,17500,50000,25,176,232000,960000,22.0,Low Risk
CUST100346,Yes Bank,Affluent,2,16,26600,150000,24,322,476000,2740000,14.0,Low Risk
CUST100347,Union Bank of India,Affluent,2,20,33800,200000,35,434,589000,3830000,12.9,Low Risk
CUST100348,Kotak Mahindra Bank,Mass Retail,5,10,23000,50000,102,203,462000,1060000,47.2,Low-Medium Risk
CUST100349,Indian Bank,Mass Retail,2,10,11500,75000,47,245,149000,1480000,15.6,Low Risk
CUST100350,Federal Bank,Affluent,7,19,86800,200000,154,416,1740000,3960000,40.6,Low-Medium Risk
CUST100351,Bank of Baroda,Affluent,2,14,47900,200000,37,275,851000,4830000,17.7,Low Risk
CUST100352,Kotak Mahindra Bank,Business,47,43,287400,500000,902,963,6532000,10800000,77.4,Medium Risk
CUST100353,Federal Bank,Premium,10,24,284600,1000000,212,471,5207000,23100000,33.4,Low Risk
CUST100354,Indian Bank,Mass Retail,13,13,29900,50000,312,259,657000,910000,85.4,Medium Risk
CUST100355,Federal Bank,Mass Retail,1,12,7500,75000,10,248,129000,1540000,7.7,Low Risk
CUST100356,Punjab National Bank,Affluent,7,20,81800,400000,125,500,1415000,8540000,23.6,Low Risk
CUST100357,Yes Bank,Mass Retail,4,9,44600,100000,97,229,796000,1930000,43.0,Low-Medium Risk
CUST100358,Yes Bank,Affluent,5,17,6000,100000,92,421,104000,1880000,14.6,Low Risk
CUST100359,Federal Bank,SME,12,28,2063500,1500000,356,597,42867000,36140000,94.6,High Risk
CUST100360,IDFC First Bank,Affluent,4,12,15400,200000,59,251,393000,4920000,17.0,Low Risk
CUST100361,State Bank of India,Mass Retail,1,6,6300,25000,28,137,91000,460000,20.7,Low Risk
CUST100362,Indian Bank,Affluent,1,13,13900,100000,27,313,188000,2040000,10.2,Low Risk
CUST100363,Bank of Baroda,Affluent,4,15,24300,150000,81,389,588000,3710000,19.5,Low Risk
CUST100364,Canara Bank,Affluent,13,15,181500,300000,306,299,5106000,5570000,84.1,Medium Risk
CUST100365,State Bank of India,SME,9,35,419300,750000,140,677,9169000,16880000,41.1,Low-Medium Risk
CUST100366,Bank of Baroda,Mass Retail,8,7,45100,50000,215,167,1186000,1240000,105.5,High Risk
CUST100367,Federal Bank,SME,12,47,120400,750000,274,1167,2951000,18640000,19.7,Low Risk
CUST100368,Federal Bank,Business,14,74,750000,2500000,313,1844,16601000,53250000,25.0,Low Risk
CUST100369,ICICI Bank,Mass Retail,6,7,60400,75000,144,166,1201000,1440000,84.0,Medium Risk
CUST100370,Union Bank of India,Mass Retail,2,13,25400,100000,37,334,385000,1940000,18.3,Low Risk
CUST100371,Punjab National Bank,Mass Retail,2,9,7400,100000,28,203,120000,2420000,11.3,Low Risk
CUST100372,IDFC First Bank,Mass Retail,8,6,26800,25000,207,152,685000,610000,120.5,High Risk
CUST100373,IndusInd Bank,Mass Retail,2,10,23500,100000,43,258,356000,2230000,19.3,Low Risk
CUST100374,State Bank of India,Premium,3,31,39600,300000,62,773,688000,7010000,10.4,Low Risk
CUST100375,IndusInd Bank,Mass Retail,4,13,11400,40000,96,275,205000,930000,28.5,Low Risk
CUST100376,Punjab National Bank,Mass Retail,0,6,11200,25000,2,122,247000,570000,25.1,Low Risk
CUST100377,Indian Bank,Business,73,79,2979100,5000000,2129,1804,95079000,118950000,85.4,Medium Risk
CUST100378,Indian Bank,Mass Retail,3,8,53900,50000,132,177,1469000,1140000,91.2,High Risk
CUST100379,Axis Bank,Business,5,44,334900,1000000,121,1106,6984000,21740000,23.0,Low Risk
CUST100380,Bank of Baroda,Mass Retail,10,8,72200,100000,206,158,1794000,1970000,101.7,High Risk
CUST100381,Punjab National Bank,Mass Retail,14,13,33700,40000,237,270,771000,930000,89.9,Medium Risk
CUST100382,Bank of India,Premium,12,29,60400,1000000,289,704,844000,21310000,20.8,Low Risk
CUST100383,Canara Bank,Affluent,8,13,91600,200000,180,256,1845000,4010000,54.8,Low-Medium Risk
CUST100384,ICICI Bank,Business,2,47,430300,1500000,40,999,8717000,35420000,16.9,Low Risk
CUST100385,Union Bank of India,Premium,17,32,1038800,750000,585,695,21275000,17160000,103.8,High Risk
CUST100386,Union Bank of India,Business,104,84,984100,1000000,2333,1962,32063000,24560000,117.6,High Risk
CUST100387,Indian Bank,Mass Retail,1,11,6300,25000,11,221,80000,480000,14.8,Low Risk
CUST100388,Yes Bank,Mass Retail,10,12,61500,75000,294,300,1251000,1690000,83.5,Medium Risk
CUST100389,HDFC Bank,Premium,11,28,56600,500000,262,620,880000,9850000,23.4,Low Risk
CUST100390,HDFC Bank,Business,11,89,13100,500000,215,2262,247000,12160000,6.2,Low Risk
CUST100391,Canara Bank,SME,23,36,859800,750000,620,802,16207000,14020000,95.7,High Risk
CUST100392,Federal Bank,Mass Retail,1,12,4800,25000,21,251,105000,560000,14.2,Low Risk
CUST100393,HDFC Bank,Mass Retail,2,10,2200,50000,28,200,47000,1180000,9.7,Low Risk
CUST100394,IndusInd Bank,Premium,3,25,67600,300000,64,476,904000,6150000,16.1,Low Risk
CUST100395,Bank of India,Mass Retail,3,12,22000,50000,56,273,447000,1230000,32.5,Low Risk
CUST100396,IndusInd Bank,SME,3,38,142600,400000,54,751,3480000,9580000,23.5,Low Risk
CUST100397,HDFC Bank,Business,50,77,90200,1000000,1093,1674,1667000,20060000,33.4,Low Risk
CUST100398,Kotak Mahindra Bank,Affluent,8,17,418800,300000,229,393,5467000,5420000,90.6,High Risk
CUST100399,Kotak Mahindra Bank,Premium,30,28,497200,750000,501,586,9108000,15060000,77.5,Medium Risk
CUST100400,Yes Bank,Premium,18,31,66700,300000,366,627,1156000,5990000,37.0,Low Risk
CUST100401,Union Bank of India,Mass Retail,3,10,18200,100000,73,244,372000,2420000,22.4,Low Risk
CUST100402,Axis Bank,Business,7,88,249000,2500000,182,2255,6173000,61920000,9.1,Low Risk
CUST100403,ICICI Bank,Affluent,3,12,11100,150000,52,236,151000,2770000,13.7,Low Risk
CUST100404,Axis Bank,Business,41,86,1355200,5000000,760,1728,29760000,106500000,35.6,Low Risk
CUST100405,Kotak Mahindra Bank,Mass Retail,3,12,9200,40000,74,309,184000,870000,23.1,Low Risk
CUST100406,IDFC First Bank,Business,18,77,1180000,5000000,311,1483,22471000,93250000,23.1,Low Risk
CUST100407,State Bank of India,Mass Retail,5,10,16300,50000,115,258,239000,1030000,36.6,Low Risk
CUST100408,ICICI Bank,Mass Retail,5,12,6100,40000,63,228,119000,810000,23.8,Low Risk
CUST100409,Union Bank of India,Business,25,54,197000,1000000,580,1356,2971000,21750000,29.1,Low Risk
CUST100410,Yes Bank,Mass Retail,4,8,30300,75000,70,169,569000,1700000,40.5,Low-Medium Risk
CUST100411,Union Bank of India,Mass Retail,1,7,4900,25000,18,179,111000,570000,16.2,Low Risk
CUST100412,Federal Bank,SME,7,40,176100,400000,143,849,2257000,7580000,28.4,Low Risk
CUST100413,Canara Bank,SME,7,30,193000,750000,151,707,3191000,17770000,22.0,Low Risk
CUST100414,Axis Bank,Affluent,4,13,110700,300000,81,254,2118000,6820000,32.9,Low Risk
CUST100415,IndusInd Bank,Affluent,9,13,116400,400000,166,269,2599000,9690000,44.5,Low-Medium Risk
CUST100416,Yes Bank,Affluent,25,20,161800,200000,514,488,3141000,4230000,94.0,High Risk
CUST100417,Punjab National Bank,Mass Retail,1,10,23100,75000,21,227,385000,1820000,18.7,Low Risk
CUST100418,Kotak Mahindra Bank,Mass Retail,1,10,27800,100000,26,255,679000,2410000,20.1,Low Risk
CUST100419,Yes Bank,Premium,2,23,45100,1000000,53,506,957000,21070000,7.0,Low Risk
CUST100420,Indian Bank,Premium,29,32,523900,750000,967,803,10233000,15500000,84.5,Medium Risk
CUST100421,Bank of Baroda,Premium,15,33,42300,500000,238,731,875000,12260000,21.4,Low Risk
CUST100422,IDFC First Bank,Premium,39,32,649600,750000,881,827,10909000,17250000,92.4,High Risk
CUST100423,Kotak Mahindra Bank,Mass Retail,8,7,51400,40000,225,180,1167000,980000,121.7,High Risk
CUST100424,Bank of Baroda,Affluent,5,16,92900,200000,76,341,1938000,4720000,36.0,Low Risk
CUST100425,State Bank of India,Mass Retail,4,11,42800,100000,95,277,887000,2230000,38.6,Low Risk
CUST100426,Bank of Baroda,Affluent,6,18,32400,300000,108,449,560000,5640000,18.4,Low Risk
CUST100427,ICICI Bank,Affluent,3,13,118600,400000,54,266,1846000,8020000,24.3,Low Risk
CUST100428,Punjab National Bank,Business,11,54,125600,1000000,194,1262,2337000,24780000,13.9,Low Risk
CUST100429,HDFC Bank,Mass Retail,12,13,33700,50000,294,254,620000,1010000,81.6,Medium Risk
CUST100430,Bank of India,Mass Retail,1,6,13000,100000,23,149,250000,1870000,14.3,Low Risk
CUST100431,Bank of Baroda,Mass Retail,5,11,105700,100000,186,222,3369000,2300000,98.9,High Risk
CUST100432,IndusInd Bank,Premium,4,29,43700,750000,63,565,684000,17350000,8.3,Low Risk
CUST100433,Canara Bank,Affluent,8,18,87100,300000,151,392,1818000,6000000,34.8,Low Risk
CUST100434,HDFC Bank,Mass Retail,1,11,18000,50000,33,253,316000,1000000,23.9,Low Risk
CUST100435,IDFC First Bank,Mass Retail,0,13,20700,100000,10,325,326000,2130000,10.7,Low Risk
CUST100436,HDFC Bank,Premium,20,23,631400,750000,668,594,13585000,13610000,95.3,High Risk
CUST100437,Bank of India,Mass Retail,2,6,13300,40000,37,132,281000,940000,31.1,Low Risk
CUST100438,Bank of India,Business,8,50,180000,1500000,169,971,3060000,30330000,13.4,Low Risk
CUST100439,Punjab National Bank,Premium,7,20,32400,300000,146,485,648000,7190000,19.9,Low Risk
CUST100440,Bank of Baroda,Mass Retail,1,12,3600,40000,17,275,76000,940000,7.8,Low Risk
CUST100441,ICICI Bank,Mass Retail,8,8,46400,75000,237,177,1268000,1700000,89.8,Medium Risk
CUST100442,State Bank of India,SME,23,35,741800,750000,569,741,18649000,15210000,93.6,High Risk
CUST100443,ICICI Bank,Mass Retail,1,7,7700,50000,12,158,121000,1080000,12.1,Low Risk
CUST100444,HDFC Bank,Mass Retail,1,6,11600,50000,25,128,174000,1060000,19.1,Low Risk
CUST100445,ICICI Bank,Business,26,74,750500,2500000,620,1798,12949000,50930000,30.6,Low Risk
CUST100446,Bank of India,SME,33,31,214000,200000,973,707,5885000,4790000,118.1,High Risk
CUST100447,Punjab National Bank,SME,26,49,1031000,750000,855,1232,23688000,16040000,106.6,High Risk
CUST100448,ICICI Bank,Premium,3,25,432700,1000000,44,570,9819000,23830000,27.9,Low Risk
CUST100449,Bank of Baroda,Mass Retail,0,8,17400,50000,6,165,328000,940000,20.5,Low Risk
CUST100450,HDFC Bank,Mass Retail,0,7,14800,40000,8,175,191000,760000,18.5,Low Risk
CUST100451,Yes Bank,Premium,23,33,640300,1000000,516,756,14058000,24840000,64.2,Low-Medium Risk
CUST100452,Yes Bank,Affluent,12,21,73500,400000,199,429,1119000,8850000,31.3,Low Risk
CUST100453,Yes Bank,Affluent,8,20,80800,150000,187,467,1686000,3240000,47.3,Low-Medium Risk
CUST100454,IndusInd Bank,Business,1,73,968900,2500000,15,1570,14492000,54160000,18.9,Low Risk
CUST100455,Union Bank of India,Mass Retail,2,11,12800,100000,46,274,194000,1950000,14.1,Low Risk
CUST100456,HDFC Bank,Affluent,3,21,38100,150000,57,466,818000,3450000,19.4,Low Risk
CUST100457,Bank of Baroda,Mass Retail,4,9,1000,75000,113,217,14000,1390000,21.7,Low Risk
CUST100458,Union Bank of India,Affluent,0,17,113100,400000,7,334,1925000,8810000,14.4,Low Risk
CUST100459,IDFC First Bank,Mass Retail,4,6,11700,25000,81,131,237000,550000,53.6,Low-Medium Risk
CUST100460,Kotak Mahindra Bank,Mass Retail,1,8,12900,40000,30,207,223000,980000,21.1,Low Risk
CUST100461,Punjab National Bank,Mass Retail,8,10,34500,40000,231,247,954000,870000,93.2,High Risk
CUST100462,ICICI Bank,Affluent,4,16,119800,400000,67,322,1536000,7580000,24.1,Low Risk
CUST100463,Union Bank of India,Premium,33,29,427700,500000,787,607,9574000,11000000,102.1,High Risk
CUST100464,Bank of India,Affluent,14,21,62500,400000,217,447,1173000,7460000,34.5,Low Risk
CUST100465,Kotak Mahindra Bank,SME,9,54,396000,750000,198,1272,6622000,14570000,34.7,Low Risk
CUST100466,IndusInd Bank,Mass Retail,7,8,19900,25000,167,194,405000,460000,85.3,Medium Risk
CUST100467,State Bank of India,Mass Retail,1,13,17100,100000,35,315,372000,2160000,13.7,Low Risk
CUST100468,Federal Bank,Business,2,42,793800,2500000,41,948,12118000,46480000,18.2,Low Risk
CUST100469,IndusInd Bank,Mass Retail,3,12,21200,100000,55,296,304000,2130000,19.5,Low Risk
CUST100470,IndusInd Bank,SME,25,48,1765100,1500000,514,1059,42011000,36800000,87.2,Medium Risk
CUST100471,IDFC First Bank,Mass Retail,5,12,11500,50000,79,238,273000,1150000,29.7,Low Risk
CUST100472,Union Bank of India,SME,12,45,106400,400000,242,1033,1599000,7420000,24.7,Low Risk
CUST100473,Canara Bank,Mass Retail,3,11,23100,50000,56,282,393000,980000,34.4,Low Risk
CUST100474,ICICI Bank,Business,23,77,15500,1000000,583,1890,255000,22720000,14.3,Low Risk
CUST100475,Punjab National Bank,Affluent,6,21,9200,200000,126,484,227000,4850000,14.9,Low Risk
CUST100476,Federal Bank,SME,22,30,71400,400000,512,706,1008000,7290000,41.1,Low-Medium Risk
CUST100477,Bank of Baroda,Mass Retail,1,6,30000,50000,16,153,543000,1180000,35.6,Low Risk
CUST100478,Yes Bank,Affluent,3,19,8600,100000,61,418,129000,2190000,11.0,Low Risk
CUST100479,Yes Bank,SME,50,45,676200,750000,940,959,15860000,16370000,98.3,High Risk
CUST100480,Bank of India,Affluent,15,17,368200,400000,589,439,7678000,9880000,96.4,High Risk
CUST100481,Punjab National Bank,Affluent,7,19,245900,200000,197,476,5651000,4650000,85.8,Medium Risk
CUST100482,Kotak Mahindra Bank,Premium,9,25,169600,750000,187,532,4076000,17960000,28.5,Low Risk
CUST100483,HDFC Bank,Affluent,6,16,163000,300000,153,356,3082000,6140000,46.9,Low-Medium Risk
CUST100484,Canara Bank,Affluent,17,19,47500,150000,488,416,1192000,3280000,64.4,Low-Medium Risk
CUST100485,Bank of Baroda,Affluent,0,13,13200,100000,6,261,288000,2230000,7.7,Low Risk
CUST100486,State Bank of India,Business,5,68,30500,500000,107,1748,424000,10130000,5.7,Low Risk
CUST100487,IndusInd Bank,Mass Retail,12,12,32900,40000,339,262,905000,880000,102.2,High Risk
CUST100488,Yes Bank,Mass Retail,3,7,37100,100000,63,176,509000,1970000,35.0,Low Risk
CUST100489,IDFC First Bank,SME,11,46,272400,1500000,245,935,3830000,28510000,19.7,Low Risk
CUST100490,Axis Bank,Business,7,75,383300,2500000,128,1713,8107000,51540000,12.2,Low Risk
CUST100491,IndusInd Bank,Affluent,17,17,227200,400000,337,326,7118000,9270000,82.2,Medium Risk
CUST100492,Bank of Baroda,Affluent,6,17,40300,100000,101,414,699000,2440000,32.3,Low Risk
CUST100493,Axis Bank,Mass Retail,11,13,87100,100000,358,300,1978000,2120000,95.3,High Risk
CUST100494,IDFC First Bank,Mass Retail,3,13,9400,75000,56,304,190000,1690000,15.7,Low Risk
CUST100495,Yes Bank,Affluent,6,17,110000,400000,124,329,1478000,7490000,29.5,Low Risk
CUST100496,State Bank of India,Mass Retail,2,6,5100,25000,34,123,108000,610000,24.1,Low Risk
CUST100497,Federal Bank,Affluent,5,20,23800,100000,73,390,346000,2200000,20.9,Low Risk
CUST100498,State Bank of India,Mass Retail,5,12,7000,50000,102,252,110000,1170000,24.5,Low Risk
CUST100499,IndusInd Bank,SME,20,48,12100,200000,352,1123,270000,4710000,19.4,Low Risk
CUST100500,Bank of Baroda,SME,42,50,46300,200000,1052,1148,1028000,3960000,52.4,Low-Medium Risk
CUST100501,Union Bank of India,Premium,6,22,91000,300000,136,512,1712000,6510000,27.6,Low Risk
CUST100502,Kotak Mahindra Bank,Affluent,6,19,138900,400000,102,434,2347000,9890000,28.8,Low Risk
CUST100503,State Bank of India,Mass Retail,1,10,4000,40000,19,209,71000,750000,9.5,Low Risk
CUST100504,Union Bank of India,Business,52,46,827700,1000000,1236,953,17042000,22780000,97.7,High Risk
CUST100505,Union Bank of India,Premium,11,23,6100,300000,238,459,157000,7420000,23.1,Low Risk
CUST100506,Union Bank of India,Mass Retail,1,8,5900,40000,20,200,117000,800000,13.2,Low Risk
CUST100507,Yes Bank,Business,65,85,52100,1000000,2207,1982,1408000,24030000,44.2,Low-Medium Risk
CUST100508,Punjab National Bank,Business,17,64,71600,500000,364,1300,1354000,12270000,19.1,Low Risk
CUST100509,Bank of India,SME,3,45,200200,750000,65,911,3976000,17420000,17.1,Low Risk
CUST100510,Indian Bank,Premium,8,20,88500,750000,191,502,1734000,14710000,23.9,Low Risk
CUST100511,IDFC First Bank,Affluent,3,21,63500,150000,73,508,881000,3050000,26.0,Low Risk
CUST100512,Union Bank of India,Mass Retail,1,9,1200,25000,31,213,20000,460000,8.2,Low Risk
CUST100513,Federal Bank,SME,17,46,27600,200000,380,1005,666000,4760000,24.3,Low Risk
CUST100514,Bank of India,Business,51,42,4278600,5000000,1080,875,72736000,119740000,94.8,High Risk
CUST100515,Axis Bank,Mass Retail,2,7,11300,100000,39,181,186000,2240000,16.5,Low Risk
CUST100516,IndusInd Bank,Mass Retail,1,7,2900,40000,24,172,56000,820000,10.1,Low Risk
CUST100517,IndusInd Bank,Mass Retail,3,7,4400,40000,45,148,70000,740000,21.7,Low Risk
CUST100518,Kotak Mahindra Bank,Business,31,62,75200,1000000,848,1546,1812000,23270000,27.6,Low Risk
CUST100519,Canara Bank,SME,6,36,58900,400000,137,875,1347000,9230000,15.7,Low Risk
CUST100520,ICICI Bank,Mass Retail,3,10,12900,75000,52,211,258000,1830000,20.8,Low Risk
CUST100521,Axis Bank,Affluent,6,18,18600,300000,143,396,399000,6930000,18.5,Low Risk
CUST100522,Federal Bank,Mass Retail,3,6,6100,25000,39,122,98000,600000,29.2,Low Risk
CUST100523,Indian Bank,SME,1,41,132600,750000,9,811,3217000,17420000,10.7,Low Risk
CUST100524,Kotak Mahindra Bank,Business,19,40,6839500,5000000,701,962,129456000,112070000,97.5,High Risk
CUST100525,State Bank of India,Business,28,84,140700,500000,436,1753,2537000,10490000,27.3,Low Risk
CUST100526,Axis Bank,Affluent,16,14,173100,200000,420,346,3799000,4860000,97.9,High Risk
CUST100527,Union Bank of India,Mass Retail,7,13,102300,75000,194,338,1840000,1690000,93.0,High Risk
CUST100528,Federal Bank,Mass Retail,11,10,42800,40000,208,195,1121000,830000,115.5,High Risk
CUST100529,Bank of India,Mass Retail,11,10,22600,25000,265,223,569000,460000,110.3,High Risk
CUST100530,Federal Bank,Business,11,63,144900,1000000,192,1551,2248000,20030000,13.4,Low Risk
CUST100531,Indian Bank,Business,45,74,3346800,2500000,1472,1815,63155000,54520000,101.2,High Risk
CUST100532,Union Bank of India,SME,28,28,1069000,1500000,728,681,27890000,29890000,91.5,High Risk
CUST100533,Kotak Mahindra Bank,SME,32,32,837200,1500000,753,686,20878000,29320000,81.8,Medium Risk
CUST100534,HDFC Bank,Affluent,5,12,18800,200000,103,266,293000,4340000,22.3,Low Risk
CUST100535,State Bank of India,Premium,10,25,826000,750000,400,579,13707000,14390000,81.4,Medium Risk
CUST100536,Indian Bank,SME,14,40,217000,750000,392,1033,3356000,17700000,29.5,Low Risk
CUST100537,Indian Bank,Business,14,73,95600,1500000,264,1554,1343000,32090000,10.7,Low Risk
CUST100538,Bank of India,Mass Retail,2,6,3400,40000,36,153,65000,880000,16.7,Low Risk
CUST100539,Bank of Baroda,Affluent,2,14,75700,300000,42,292,1157000,5710000,18.8,Low Risk
CUST100540,Bank of Baroda,Mass Retail,5,8,97100,100000,146,207,2143000,2030000,86.1,Medium Risk
CUST100541,Bank of Baroda,SME,7,27,68400,200000,178,640,1080000,4170000,28.7,Low Risk
CUST100542,Bank of Baroda,Affluent,1,21,7900,200000,30,467,133000,4730000,4.4,Low Risk
CUST100543,Bank of India,Mass Retail,6,7,25200,40000,154,163,809000,940000,81.3,Medium Risk
CUST100544,Bank of Baroda,Premium,5,26,32200,300000,98,544,473000,5870000,13.5,Low Risk
CUST100545,Bank of India,Affluent,7,21,12600,150000,150,439,215000,3350000,18.7,Low Risk
CUST100546,Axis Bank,Mass Retail,3,12,4600,50000,61,238,89000,990000,16.3,Low Risk
CUST100547,IndusInd Bank,Mass Retail,6,12,21000,50000,125,238,377000,1250000,42.8,Low-Medium Risk
CUST100548,Indian Bank,Premium,7,31,200400,750000,163,664,3234000,18500000,22.9,Low Risk
CUST100549,HDFC Bank,Affluent,1,12,63100,150000,27,292,1237000,3290000,26.1,Low Risk
CUST100550,Indian Bank,Premium,3,20,149000,300000,60,465,2348000,6870000,29.7,Low Risk
CUST100551,Kotak Mahindra Bank,Affluent,4,13,65900,100000,87,256,1401000,2360000,49.3,Low-Medium Risk
CUST100552,Bank of India,Business,35,46,50200,2500000,1164,1148,1160000,57620000,40.1,Low-Medium Risk
CUST100553,Indian Bank,Affluent,4,15,89000,150000,88,348,1545000,3430000,40.6,Low-Medium Risk
CUST100554,IDFC First Bank,Affluent,4,16,91300,300000,88,412,2073000,7410000,26.4,Low Risk
CUST100555,ICICI Bank,Business,25,71,699800,2500000,481,1682,13456000,55440000,28.6,Low Risk
CUST100556,Canara Bank,Mass Retail,9,10,21600,25000,254,202,420000,560000,92.6,High Risk
CUST100557,Axis Bank,Mass Retail,8,9,67300,50000,214,201,1236000,1200000,109.5,High Risk
CUST100558,Bank of India,Mass Retail,7,13,17000,75000,154,306,251000,1700000,33.5,Low Risk
CUST100559,Bank of Baroda,Premium,9,28,136100,750000,181,538,2060000,17350000,22.9,Low Risk
CUST100560,Kotak Mahindra Bank,Affluent,4,20,50500,150000,69,382,779000,2950000,25.2,Low Risk
CUST100561,Indian Bank,Premium,1,22,10800,300000,11,438,172000,6180000,3.7,Low Risk
CUST100562,Indian Bank,Mass Retail,4,10,6500,50000,68,208,107000,950000,22.8,Low Risk
CUST100563,ICICI Bank,Mass Retail,2,11,900,50000,45,242,19000,1080000,9.3,Low Risk
CUST100564,HDFC Bank,Mass Retail,2,10,26700,75000,41,224,454000,1590000,26.6,Low Risk
CUST100565,ICICI Bank,Mass Retail,6,10,94300,100000,138,200,3208000,2500000,90.5,High Risk
CUST100566,Canara Bank,Affluent,5,15,85000,300000,119,356,1965000,6680000,30.5,Low Risk
CUST100567,HDFC Bank,Mass Retail,10,9,71400,75000,255,209,2278000,1760000,114.0,High Risk
CUST100568,State Bank of India,Affluent,8,15,13000,400000,170,316,274000,8140000,25.2,Low Risk
CUST100569,Indian Bank,Business,16,57,121700,1000000,311,1088,1899000,23820000,18.1,Low Risk
CUST100570,Indian Bank,Mass Retail,4,13,1400,25000,75,254,20000,560000,16.2,Low Risk
CUST100571,IDFC First Bank,Affluent,3,13,8600,150000,48,283,206000,3430000,12.2,Low Risk
CUST100572,Punjab National Bank,Premium,3,24,118100,1000000,49,482,2133000,20060000,11.3,Low Risk
CUST100573,Federal Bank,Mass Retail,1,13,29500,75000,31,281,558000,1640000,24.6,Low Risk
CUST100574,IndusInd Bank,Affluent,2,18,23800,400000,36,421,368000,8980000,7.2,Low Risk
CUST100575,Union Bank of India,Business,3,65,2448700,5000000,65,1484,48943000,110620000,28.0,Low Risk
CUST100576,HDFC Bank,SME,13,41,292500,1500000,224,845,6972000,36610000,23.9,Low Risk
CUST100577,Canara Bank,Mass Retail,2,9,24300,50000,47,193,524000,1210000,35.9,Low Risk
CUST100578,State Bank of India,SME,20,33,712900,750000,641,769,26328000,18600000,98.0,High Risk
CUST100579,IndusInd Bank,Affluent,6,12,164000,400000,159,300,3625000,9070000,45.3,Low-Medium Risk
CUST100580,Kotak Mahindra Bank,Mass Retail,2,7,7400,75000,38,170,164000,1860000,16.5,Low Risk
CUST100581,Yes Bank,Affluent,1,12,47500,200000,13,274,933000,4770000,15.2,Low Risk
CUST100582,Kotak Mahindra Bank,SME,14,50,57700,750000,323,1077,1029000,14920000,17.0,Low Risk
CUST100583,Punjab National Bank,Affluent,9,21,22000,200000,203,453,316000,4200000,24.7,Low Risk
CUST100584,HDFC Bank,Mass Retail,1,9,21800,40000,24,226,351000,790000,32.6,Low Risk
CUST100585,IndusInd Bank,Affluent,6,14,52500,100000,96,270,627000,1800000,41.7,Low-Medium Risk
CUST100586,Bank of Baroda,Mass Retail,1,8,15400,50000,31,207,254000,970000,21.9,Low Risk
CUST100587,Bank of Baroda,Mass Retail,2,10,13200,40000,41,237,166000,720000,23.8,Low Risk
CUST100588,State Bank of India,Mass Retail,3,13,42000,75000,60,309,761000,1730000,37.2,Low Risk
CUST100589,Axis Bank,Mass Retail,3,9,8600,100000,65,173,166000,2100000,20.4,Low Risk
CUST100590,Axis Bank,Mass Retail,4,12,1800,75000,91,279,32000,1510000,15.6,Low Risk
CUST100591,Punjab National Bank,Mass Retail,8,8,47400,100000,210,179,1149000,2330000,74.6,Medium Risk
CUST100592,Federal Bank,Affluent,3,12,47200,150000,48,237,893000,3570000,25.6,Low Risk
CUST100593,IndusInd Bank,Mass Retail,2,7,45100,40000,98,147,1162000,990000,85.5,Medium Risk
CUST100594,Punjab National Bank,Mass Retail,4,8,9600,25000,93,202,217000,560000,42.7,Low-Medium Risk
CUST100595,Indian Bank,Business,10,44,278500,5000000,227,1005,5494000,106150000,13.2,Low Risk
CUST100596,Indian Bank,Affluent,4,21,3900,100000,83,460,63000,2010000,10.1,Low Risk
CUST100597,Kotak Mahindra Bank,Premium,20,20,259800,300000,501,390,5451000,5870000,100.6,High Risk
CUST100598,Union Bank of India,Mass Retail,1,9,12500,75000,12,216,204000,1460000,12.4,Low Risk
CUST100599,State Bank of India,Mass Retail,1,7,11100,25000,17,167,187000,520000,27.7,Low Risk
CUST100600,Bank of Baroda,Mass Retail,4,11,3400,25000,95,256,72000,620000,23.3,Low Risk
CUST100601,Bank of Baroda,Mass Retail,5,10,107400,100000,99,226,1913000,1800000,80.3,Medium Risk
CUST100602,Canara Bank,Mass Retail,1,7,6900,25000,16,154,126000,480000,20.4,Low Risk
CUST100603,Canara Bank,Mass Retail,8,12,10000,40000,157,278,181000,770000,40.8,Low-Medium Risk
CUST100604,ICICI Bank,Mass Retail,3,10,20400,100000,60,206,385000,2300000,23.3,Low Risk
CUST100605,Punjab National Bank,Mass Retail,1,9,9200,40000,18,230,151000,820000,15.7,Low Risk
CUST100606,Union Bank of India,Affluent,5,13,25100,100000,83,301,395000,2120000,26.8,Low Risk
CUST100607,Federal Bank,Mass Retail,0,6,19000,75000,3,127,239000,1430000,12.2,Low Risk
CUST100608,State Bank of India,Mass Retail,2,12,9700,50000,46,266,168000,1040000,17.3,Low Risk
CUST100609,Federal Bank,Affluent,5,14,61700,200000,92,345,1149000,3740000,31.2,Low Risk
CUST100610,Bank of Baroda,Premium,5,21,218600,500000,68,423,4069000,10870000,31.5,Low Risk
CUST100611,ICICI Bank,Mass Retail,1,7,9000,100000,18,147,120000,1870000,9.9,Low Risk
CUST100612,Federal Bank,Premium,8,29,67600,500000,148,689,1587000,11770000,18.3,Low Risk
CUST100613,Bank of Baroda,Affluent,4,21,57200,300000,87,445,993000,6590000,18.1,Low Risk
CUST100614,ICICI Bank,Mass Retail,2,7,1600,25000,29,172,30000,580000,13.2,Low Risk
CUST100615,Indian Bank,Business,35,77,1455800,5000000,519,1533,28197000,104650000,33.1,Low Risk
CUST100616,IndusInd Bank,SME,30,28,498800,750000,708,681,15756000,15500000,93.7,High Risk
CUST100617,IndusInd Bank,Mass Retail,1,11,8000,25000,12,214,136000,470000,20.4,Low Risk
CUST100618,Punjab National Bank,Mass Retail,1,9,5400,75000,17,172,80000,1630000,8.0,Low Risk
CUST100619,Indian Bank,Business,10,76,36300,2500000,188,1922,687000,54000000,5.6,Low Risk
CUST100620,Federal Bank,Premium,5,21,106800,1000000,108,484,2151000,21280000,16.0,Low Risk
CUST100621,Axis Bank,Mass Retail,4,10,16600,100000,88,215,298000,2320000,26.2,Low Risk
CUST100622,Axis Bank,Mass Retail,1,12,12900,100000,13,248,267000,2380000,9.6,Low Risk
CUST100623,Punjab National Bank,Mass Retail,0,6,2000,40000,2,140,44000,930000,3.0,Low Risk
CUST100624,Yes Bank,Affluent,0,12,35300,200000,7,271,441000,3800000,9.1,Low Risk
CUST100625,Yes Bank,Affluent,1,13,125400,300000,40,337,1892000,6710000,24.0,Low Risk
CUST100626,Canara Bank,Mass Retail,3,10,10900,50000,82,259,167000,930000,24.8,Low Risk
CUST100627,Kotak Mahindra Bank,Affluent,16,21,81000,100000,572,492,1900000,2290000,88.2,Medium Risk
CUST100628,Canara Bank,Premium,10,32,636000,500000,343,707,14514000,10340000,92.4,High Risk
CUST100629,State Bank of India,Mass Retail,1,6,1200,40000,12,135,23000,760000,7.4,Low Risk
CUST100630,Bank of India,Mass Retail,1,7,4000,50000,19,166,80000,1200000,9.7,Low Risk
CUST100631,ICICI Bank,Premium,23,33,325100,1000000,446,650,7422000,22300000,49.1,Low-Medium Risk
CUST100632,Punjab National Bank,Business,43,64,1453100,1500000,854,1363,30753000,30720000,83.8,Medium Risk
CUST100633,Federal Bank,Affluent,5,18,92500,300000,69,351,1210000,5460000,25.4,Low Risk
CUST100634,HDFC Bank,Affluent,2,14,27600,100000,34,273,420000,2180000,18.9,Low Risk
CUST100635,HDFC Bank,Mass Retail,2,7,27300,100000,30,143,687000,2450000,26.4,Low Risk
CUST100636,Federal Bank,Affluent,2,17,1900,100000,31,381,37000,2220000,5.5,Low Risk
CUST100637,Kotak Mahindra Bank,Affluent,6,13,27200,150000,141,318,624000,3720000,29.6,Low Risk
CUST100638,Kotak Mahindra Bank,Mass Retail,1,10,50900,100000,21,224,1012000,1900000,33.3,Low Risk
CUST100639,ICICI Bank,Mass Retail,7,7,34500,40000,191,149,640000,880000,94.7,High Risk
CUST100640,Canara Bank,Mass Retail,2,9,6400,40000,41,176,118000,940000,18.0,Low Risk
CUST100641,IndusInd Bank,Mass Retail,2,13,13900,50000,44,297,262000,1080000,21.2,Low Risk
CUST100642,Indian Bank,Mass Retail,3,12,500,25000,65,251,6000,470000,12.1,Low Risk
CUST100643,HDFC Bank,Mass Retail,0,7,9400,100000,7,163,161000,2210000,5.4,Low Risk
CUST100644,Axis Bank,Mass Retail,3,11,1100,50000,62,284,23000,1110000,11.9,Low Risk
CUST100645,Axis Bank,Mass Retail,3,10,6000,50000,50,198,95000,1160000,17.7,Low Risk
CUST100646,ICICI Bank,Business,53,65,431600,500000,1496,1332,7834000,11660000,85.5,Medium Risk
CUST100647,State Bank of India,Affluent,4,19,104700,400000,74,424,2407000,9360000,22.9,Low Risk
CUST100648,Bank of India,Premium,8,25,50300,750000,235,645,908000,16980000,18.3,Low Risk
CUST100649,ICICI Bank,Premium,31,31,47100,500000,672,756,1079000,9760000,47.2,Low-Medium Risk
CUST100650,Yes Bank,Affluent,9,12,88900,150000,384,303,2155000,3120000,80.3,Medium Risk
CUST100651,ICICI Bank,Mass Retail,11,9,20600,25000,190,192,534000,590000,97.1,High Risk
CUST100652,Union Bank of India,Affluent,5,15,33200,150000,90,389,827000,3700000,24.6,Low Risk
CUST100653,IndusInd Bank,Affluent,22,18,127400,150000,468,355,2437000,2780000,104.3,High Risk
CUST100654,Yes Bank,Premium,9,29,308100,500000,152,562,5159000,10870000,43.3,Low-Medium Risk
CUST100655,Canara Bank,Affluent,9,16,406300,300000,161,400,6203000,6060000,87.5,Medium Risk
CUST100656,ICICI Bank,Mass Retail,3,13,9100,75000,72,331,142000,1470000,16.1,Low Risk
CUST100657,State Bank of India,Mass Retail,10,11,47200,75000,227,216,1617000,1620000,88.8,Medium Risk
CUST100658,Punjab National Bank,Mass Retail,3,11,33900,100000,38,218,536000,2220000,25.9,Low Risk
CUST100659,HDFC Bank,Affluent,3,13,9700,200000,52,250,147000,3610000,12.2,Low Risk
CUST100660,Bank of Baroda,Affluent,18,19,117900,150000,458,375,2765000,3520000,92.0,High Risk
CUST100661,ICICI Bank,Mass Retail,6,6,22100,25000,119,123,576000,590000,95.4,High Risk
CUST100662,Punjab National Bank,SME,9,43,457700,1500000,205,1109,9685000,37140000,24.5,Low Risk
CUST100663,Punjab National Bank,Affluent,7,19,117300,100000,370,450,2791000,1930000,99.5,High Risk
CUST100664,Punjab National Bank,Mass Retail,2,8,23300,100000,46,196,376000,2220000,21.8,Low Risk
CUST100665,Axis Bank,Mass Retail,2,8,7500,50000,32,195,112000,1050000,16.3,Low Risk
CUST100666,ICICI Bank,Mass Retail,4,12,4100,50000,91,273,65000,1020000,18.4,Low Risk
CUST100667,Union Bank of India,Mass Retail,2,13,8600,40000,35,320,188000,880000,17.8,Low Risk
CUST100668,IDFC First Bank,Mass Retail,2,8,3800,50000,35,185,89000,1170000,14.2,Low Risk
CUST100669,ICICI Bank,Mass Retail,14,13,29100,40000,269,276,512000,730000,85.1,Medium Risk
CUST100670,IndusInd Bank,Mass Retail,2,7,25700,100000,31,160,459000,2480000,23.2,Low Risk
CUST100671,HDFC Bank,Mass Retail,0,12,2700,75000,4,273,49000,1780000,2.2,Low Risk
CUST100672,ICICI Bank,Business,5,80,117700,500000,135,1981,2711000,11630000,16.0,Low Risk
CUST100673,Bank of India,Mass Retail,8,8,67700,100000,252,207,2452000,2330000,97.3,High Risk
CUST100674,State Bank of India,Affluent,3,14,21200,100000,48,306,452000,2070000,20.2,Low Risk
CUST100675,IndusInd Bank,Mass Retail,3,12,9700,40000,61,292,225000,930000,23.6,Low Risk
CUST100676,IDFC First Bank,SME,16,36,455700,1500000,327,709,7494000,31060000,34.9,Low Risk
CUST100677,Federal Bank,Mass Retail,2,10,6400,40000,34,244,154000,970000,16.4,Low Risk
CUST100678,Punjab National Bank,Mass Retail,1,9,17500,100000,16,194,290000,1920000,13.4,Low Risk
CUST100679,Axis Bank,SME,7,29,2000,200000,137,559,35000,4010000,11.3,Low Risk
CUST100680,Axis Bank,Business,68,65,4397300,5000000,1388,1400,78891000,109300000,89.7,Medium Risk
CUST100681,Canara Bank,Business,7,61,1812400,5000000,150,1420,37809000,101170000,25.3,Low Risk
CUST100682,HDFC Bank,Mass Retail,4,9,7300,25000,96,179,105000,520000,35.3,Low Risk
CUST100683,Union Bank of India,Mass Retail,4,8,28900,25000,170,204,663000,540000,96.2,High Risk
CUST100684,HDFC Bank,Premium,8,30,82000,500000,144,586,1393000,12000000,19.3,Low Risk
CUST100685,IndusInd Bank,SME,17,42,39100,200000,303,1071,758000,4330000,25.6,Low Risk
CUST100686,IDFC First Bank,Affluent,7,21,459100,400000,353,503,8470000,8210000,83.7,Medium Risk
CUST100687,Bank of Baroda,Affluent,9,18,112900,100000,312,384,2950000,1970000,102.5,High Risk
CUST100688,ICICI Bank,Mass Retail,2,7,16800,25000,35,152,242000,520000,43.4,Low-Medium Risk
CUST100689,Federal Bank,Premium,4,20,49600,500000,95,484,1009000,10810000,14.1,Low Risk
CUST100690,Bank of Baroda,Mass Retail,8,7,31300,25000,204,162,818000,580000,127.3,High Risk
CUST100691,IDFC First Bank,Mass Retail,2,11,19200,40000,41,261,364000,750000,34.6,Low Risk
CUST100692,IndusInd Bank,Affluent,3,17,59200,150000,60,369,932000,2930000,27.4,Low Risk
CUST100693,IDFC First Bank,Affluent,5,19,3900,150000,85,426,81000,3100000,11.8,Low Risk
CUST100694,Indian Bank,Mass Retail,4,8,9000,25000,72,207,180000,510000,38.6,Low Risk
CUST100695,Punjab National Bank,Mass Retail,10,13,66100,75000,319,266,1676000,1560000,97.9,High Risk
CUST100696,Kotak Mahindra Bank,Affluent,11,21,16300,100000,176,460,282000,2360000,27.6,Low Risk
CUST100697,HDFC Bank,Mass Retail,13,12,91800,100000,265,253,1546000,2030000,93.9,High Risk
CUST100698,Punjab National Bank,Affluent,23,21,103900,150000,669,511,2548000,3230000,94.5,High Risk
CUST100699,Canara Bank,Mass Retail,13,12,57300,75000,366,292,1482000,1680000,97.2,High Risk
CUST100700,State Bank of India,Affluent,2,14,27000,200000,41,295,498000,3930000,13.7,Low Risk
CUST100701,Kotak Mahindra Bank,Affluent,15,18,130300,150000,320,352,2477000,3450000,82.8,Medium Risk
CUST100702,IndusInd Bank,Mass Retail,1,6,21100,100000,15,114,322000,2180000,16.7,Low Risk
CUST100703,IndusInd Bank,Mass Retail,1,10,5100,25000,19,220,70000,530000,13.4,Low Risk
CUST100704,Indian Bank,Mass Retail,6,7,87600,100000,199,153,2260000,2370000,98.8,High Risk
CUST100705,Bank of India,Mass Retail,5,12,7000,50000,136,311,102000,990000,25.6,Low Risk
CUST100706,IndusInd Bank,SME,4,33,45500,750000,65,736,756000,18140000,7.4,Low Risk
CUST100707,IDFC First Bank,Mass Retail,1,9,4400,40000,12,187,94000,880000,9.9,Low Risk
CUST100708,Union Bank of India,Business,13,64,1489100,5000000,263,1615,23467000,111320000,22.2,Low Risk
CUST100709,IDFC First Bank,Mass Retail,1,7,27000,50000,27,157,478000,1210000,33.1,Low Risk
CUST100710,ICICI Bank,Premium,2,29,121700,500000,49,673,2862000,11860000,16.5,Low Risk
CUST100711,ICICI Bank,Premium,6,22,179900,500000,115,433,2647000,11110000,28.7,Low Risk
CUST100712,State Bank of India,Affluent,17,14,124400,150000,297,304,2139000,3490000,88.5,Medium Risk
CUST100713,Yes Bank,Affluent,6,19,66800,200000,108,487,1473000,4210000,30.9,Low Risk
CUST100714,Bank of India,Mass Retail,11,11,15400,25000,230,254,409000,550000,80.1,Medium Risk
CUST100715,Federal Bank,Mass Retail,1,8,20300,50000,21,171,351000,920000,27.4,Low Risk
CUST100716,Canara Bank,SME,3,42,244000,750000,66,982,3028000,13970000,18.5,Low Risk
CUST100717,ICICI Bank,Business,16,48,1420100,2500000,400,1218,32653000,59510000,45.9,Low-Medium Risk
CUST100718,Union Bank of India,SME,10,36,19700,200000,218,753,252000,3680000,17.3,Low Risk
CUST100719,IndusInd Bank,Mass Retail,9,8,35600,50000,210,180,675000,960000,89.9,Medium Risk
CUST100720,Union Bank of India,Premium,10,28,147000,500000,281,720,3023000,11790000,31.9,Low Risk
CUST100721,Bank of Baroda,SME,36,28,244100,200000,545,566,3726000,3600000,112.5,High Risk
CUST100722,Bank of Baroda,Mass Retail,1,6,12100,50000,26,144,244000,1000000,21.1,Low Risk
CUST100723,ICICI Bank,Mass Retail,4,9,17300,100000,90,210,264000,2210000,27.3,Low Risk
CUST100724,Punjab National Bank,Premium,7,21,207400,1000000,136,499,3031000,22170000,23.0,Low Risk
CUST100725,Bank of India,Affluent,2,20,7300,150000,58,429,176000,3520000,8.1,Low Risk
CUST100726,Punjab National Bank,Business,5,76,2339900,5000000,94,1611,46779000,107710000,28.1,Low Risk
CUST100727,Punjab National Bank,Mass Retail,13,13,66200,50000,367,309,1214000,1080000,116.5,High Risk
CUST100728,ICICI Bank,Premium,5,25,103600,1000000,96,513,2206000,23080000,14.2,Low Risk
CUST100729,Indian Bank,Mass Retail,1,8,23500,40000,22,176,442000,860000,36.1,Low Risk
CUST100730,State Bank of India,Mass Retail,2,11,12700,100000,24,223,196000,2230000,12.5,Low Risk
CUST100731,Axis Bank,Mass Retail,2,8,53900,75000,24,152,1064000,1820000,45.4,Low-Medium Risk
CUST100732,IDFC First Bank,Business,3,70,106200,1000000,69,1805,2018000,20810000,7.6,Low Risk
CUST100733,Bank of India,Premium,6,28,129400,750000,139,617,1890000,15520000,17.8,Low Risk
CUST100734,Yes Bank,Affluent,21,21,100200,100000,633,541,2555000,1800000,115.5,High Risk
CUST100735,ICICI Bank,Mass Retail,4,13,16600,50000,63,260,316000,1110000,29.2,Low Risk
CUST100736,Kotak Mahindra Bank,Business,6,41,267900,1000000,124,948,4913000,18210000,21.3,Low Risk
CUST100737,Bank of Baroda,Mass Retail,1,11,13000,50000,23,224,246000,1080000,17.9,Low Risk
CUST100738,Yes Bank,Business,8,79,475000,1000000,199,1938,7413000,23630000,26.5,Low Risk
CUST100739,Federal Bank,Affluent,5,14,87500,150000,113,343,1433000,3280000,43.7,Low-Medium Risk
CUST100740,Union Bank of India,Mass Retail,2,11,10200,25000,32,218,214000,500000,30.8,Low Risk
CUST100741,Punjab National Bank,Affluent,7,12,131800,400000,131,305,3109000,9400000,40.7,Low-Medium Risk
CUST100742,ICICI Bank,Mass Retail,8,8,31900,40000,206,163,875000,800000,102.6,High Risk
CUST100743,Axis Bank,Premium,25,21,190300,300000,444,489,7414000,6940000,93.8,High Risk
CUST100744,Yes Bank,Affluent,2,17,103100,400000,40,440,1995000,8910000,18.1,Low Risk
CUST100745,Axis Bank,Mass Retail,1,6,12400,25000,22,151,162000,480000,30.6,Low Risk
CUST100746,Bank of Baroda,Business,18,60,535900,1500000,410,1542,9995000,36500000,30.2,Low Risk
CUST100747,Federal Bank,Mass Retail,8,7,55700,50000,202,150,1391000,970000,125.9,High Risk
CUST100748,ICICI Bank,Affluent,11,17,348400,300000,211,336,7994000,7480000,90.6,High Risk
CUST100749,Indian Bank,Business,74,75,47200,2500000,1297,1524,1119000,45130000,41.6,Low-Medium Risk
CUST100750,IndusInd Bank,Affluent,4,12,48600,200000,90,270,976000,3970000,28.2,Low Risk
CUST100751,Bank of Baroda,Mass Retail,10,13,31900,40000,387,319,603000,780000,87.5,Medium Risk
CUST100752,ICICI Bank,SME,46,44,97700,750000,967,882,2441000,13570000,56.0,Low-Medium Risk
CUST100753,Federal Bank,Affluent,6,18,84700,300000,144,425,1515000,6940000,28.7,Low Risk
CUST100754,Yes Bank,Mass Retail,0,7,37800,100000,6,149,712000,2290000,20.2,Low Risk
CUST100755,ICICI Bank,Mass Retail,3,6,34400,100000,74,128,817000,2350000,43.1,Low-Medium Risk
CUST100756,Kotak Mahindra Bank,Premium,5,30,77200,300000,88,709,1504000,5940000,20.7,Low Risk
CUST100757,Federal Bank,Affluent,4,14,3600,200000,76,312,73000,4220000,12.8,Low Risk
CUST100758,Bank of India,Affluent,3,12,9400,150000,81,296,213000,3390000,14.8,Low Risk
CUST100759,IDFC First Bank,Business,6,63,192300,500000,110,1266,2891000,10540000,22.4,Low Risk
CUST100760,Punjab National Bank,Premium,5,26,274200,500000,90,638,5538000,11440000,36.1,Low Risk
CUST100761,State Bank of India,Mass Retail,2,11,25600,100000,32,214,443000,2240000,20.1,Low Risk
CUST100762,Indian Bank,Mass Retail,3,8,18200,75000,59,163,265000,1410000,28.3,Low Risk
CUST100763,Kotak Mahindra Bank,Mass Retail,3,9,4100,50000,50,212,85000,1170000,16.7,Low Risk
CUST100764,State Bank of India,Premium,25,26,45100,300000,710,650,1061000,6910000,53.5,Low-Medium Risk
CUST100765,State Bank of India,Mass Retail,7,7,21800,25000,134,145,527000,560000,92.9,High Risk
CUST100766,HDFC Bank,Affluent,16,14,46200,150000,305,298,1096000,2860000,66.8,Medium Risk
CUST100767,Bank of India,Premium,7,26,118500,300000,138,592,2076000,5960000,32.0,Low Risk
CUST100768,Bank of India,Business,16,60,22700,1000000,325,1229,323000,20750000,12.8,Low Risk
CUST100769,ICICI Bank,Mass Retail,3,10,3500,75000,74,247,47000,1500000,15.4,Low Risk
CUST100770,IndusInd Bank,Business,24,84,386700,5000000,569,2051,5141000,97970000,16.2,Low Risk
CUST100771,Bank of India,Mass Retail,10,10,85500,75000,230,200,2369000,1770000,116.7,High Risk
CUST100772,Axis Bank,Business,45,77,929600,2500000,959,1713,14905000,56170000,43.0,Low-Medium Risk
CUST100773,Indian Bank,Mass Retail,1,7,7500,25000,18,171,114000,550000,19.8,Low Risk
CUST100774,Bank of India,Mass Retail,0,7,4100,25000,8,150,70000,490000,9.5,Low Risk
CUST100775,IDFC First Bank,Premium,12,29,682500,500000,495,680,14079000,12210000,95.4,High Risk
CUST100776,Federal Bank,Mass Retail,1,6,5900,25000,22,116,111000,480000,21.1,Low Risk
CUST100777,Union Bank of India,Mass Retail,3,8,4100,25000,44,186,76000,590000,21.8,Low Risk
CUST100778,IDFC First Bank,Premium,5,20,51200,750000,86,401,953000,18580000,13.5,Low Risk
CUST100779,HDFC Bank,Premium,5,24,216200,300000,100,596,4340000,6930000,46.2,Low-Medium Risk
CUST100780,Axis Bank,Affluent,3,14,49300,300000,69,301,1153000,7490000,18.4,Low Risk
CUST100781,Union Bank of India,Premium,25,28,212500,300000,693,587,5868000,6770000,89.8,Medium Risk
CUST100782,Bank of Baroda,Affluent,6,14,31400,200000,136,348,607000,3900000,27.0,Low Risk
CUST100783,Punjab National Bank,Mass Retail,3,9,3600,100000,62,174,56000,1940000,17.1,Low Risk
CUST100784,Yes Bank,Mass Retail,7,7,49200,100000,137,152,983000,2030000,69.0,Medium Risk
CUST100785,Yes Bank,Mass Retail,1,6,12400,50000,24,130,211000,900000,21.1,Low Risk
CUST100786,ICICI Bank,Business,56,59,95200,5000000,1128,1239,1832000,113860000,42.0,Low-Medium Risk
CUST100787,Kotak Mahindra Bank,Affluent,17,19,89000,100000,639,482,1309000,1990000,92.2,High Risk
CUST100788,Bank of Baroda,Mass Retail,12,13,23400,40000,408,315,1025000,950000,95.3,High Risk
CUST100789,Punjab National Bank,Affluent,3,15,11700,300000,60,292,188000,6150000,11.0,Low Risk
CUST100790,Axis Bank,SME,8,40,129000,400000,190,960,2379000,8540000,25.6,Low Risk
CUST100791,IndusInd Bank,Mass Retail,9,9,59700,75000,176,204,1147000,1860000,80.7,Medium Risk
CUST100792,Indian Bank,Affluent,22,21,81400,100000,623,531,1617000,1970000,94.5,High Risk
CUST100793,Bank of Baroda,Affluent,6,19,48100,300000,132,403,1060000,6910000,23.0,Low Risk
CUST100794,Kotak Mahindra Bank,Affluent,5,20,16700,150000,122,460,389000,3490000,17.6,Low Risk
CUST100795,ICICI Bank,Mass Retail,4,12,6500,40000,71,270,84000,780000,20.5,Low Risk
CUST100796,ICICI Bank,Business,30,52,3161600,2500000,904,1166,65441000,53770000,99.4,High Risk
CUST100797,Indian Bank,SME,9,51,442500,1500000,194,1132,9478000,30680000,24.8,Low Risk
CUST100798,Punjab National Bank,Affluent,6,13,98600,300000,122,266,1601000,7020000,35.9,Low Risk
CUST100799,Punjab National Bank,Premium,6,20,467100,750000,163,486,7527000,16770000,44.0,Low-Medium Risk
CUST100800,Punjab National Bank,SME,6,29,14500,400000,118,643,285000,8530000,10.5,Low Risk
CUST100801,Kotak Mahindra Bank,Premium,17,28,532600,500000,341,720,14388000,11730000,88.2,Medium Risk
CUST100802,Bank of India,Mass Retail,0,13,7000,40000,4,271,122000,790000,9.5,Low Risk
CUST100803,Federal Bank,Affluent,5,12,34700,150000,119,285,680000,3490000,30.2,Low Risk
CUST100804,ICICI Bank,Affluent,7,18,60400,300000,171,461,1188000,7220000,26.8,Low Risk
CUST100805,IDFC First Bank,Affluent,9,21,51200,400000,177,497,973000,9660000,23.8,Low Risk
CUST100806,Bank of India,Premium,7,31,162300,750000,156,778,2477000,17610000,19.5,Low Risk
CUST100807,IDFC First Bank,SME,2,40,64000,750000,37,992,1166000,15640000,6.5,Low Risk
CUST100808,Canara Bank,SME,4,50,111200,400000,68,1076,2338000,9950000,17.4,Low Risk
CUST100809,Federal Bank,Affluent,19,18,337900,400000,473,418,6325000,8260000,93.3,High Risk
CUST100810,Federal Bank,Mass Retail,4,11,10700,25000,71,221,175000,560000,35.7,Low Risk
CUST100811,Punjab National Bank,SME,24,25,252400,200000,640,569,5466000,3830000,121.1,High Risk
CUST100812,Federal Bank,Business,21,60,270500,500000,476,1237,4689000,12430000,41.8,Low-Medium Risk
CUST100813,Axis Bank,Mass Retail,2,12,4000,25000,40,290,72000,570000,14.9,Low Risk
CUST100814,Federal Bank,SME,6,35,52700,200000,144,794,1250000,4650000,22.5,Low Risk
CUST100815,Bank of Baroda,Business,14,53,1621600,5000000,324,1160,31134000,92300000,30.4,Low Risk
CUST100816,Canara Bank,Affluent,1,15,6500,200000,20,313,107000,4670000,4.3,Low Risk
CUST100817,Indian Bank,Affluent,1,16,25200,400000,31,416,588000,9370000,6.2,Low Risk
CUST100818,Union Bank of India,Mass Retail,1,7,9000,25000,14,137,145000,570000,22.4,Low Risk
CUST100819,Yes Bank,Mass Retail,2,12,14300,40000,32,232,227000,800000,24.7,Low Risk
CUST100820,IDFC First Bank,Mass Retail,1,6,1300,25000,30,123,22000,540000,11.5,Low Risk
CUST100821,Canara Bank,Business,17,71,1007300,5000000,446,1832,16386000,93870000,20.9,Low Risk
CUST100822,IndusInd Bank,Mass Retail,5,11,8700,25000,98,284,132000,530000,34.4,Low Risk
CUST100823,Indian Bank,Mass Retail,9,8,31300,50000,194,189,942000,990000,91.5,High Risk
CUST100824,State Bank of India,Mass Retail,3,11,24600,50000,65,277,438000,1020000,36.8,Low Risk
CUST100825,ICICI Bank,Affluent,21,19,96900,400000,360,389,2584000,7660000,61.1,Low-Medium Risk
CUST100826,ICICI Bank,Business,25,73,1493300,2500000,506,1884,27272000,49030000,45.9,Low-Medium Risk
CUST100827,State Bank of India,Mass Retail,3,6,76300,75000,74,120,1672000,1390000,86.8,Medium Risk
CUST100828,IndusInd Bank,Mass Retail,2,7,1100,40000,34,138,27000,980000,13.6,Low Risk
CUST100829,Punjab National Bank,Premium,33,27,335100,300000,570,534,6856000,6510000,111.1,High Risk
CUST100830,Indian Bank,Affluent,10,21,100600,400000,179,483,1620000,8310000,31.0,Low Risk
CUST100831,Axis Bank,Mass Retail,1,10,2500,25000,14,245,55000,540000,9.1,Low Risk
CUST100832,State Bank of India,Affluent,5,18,88300,200000,82,388,1537000,4480000,32.6,Low Risk
CUST100833,IDFC First Bank,Mass Retail,2,7,37000,75000,38,181,794000,1830000,36.8,Low Risk
CUST100834,IndusInd Bank,Mass Retail,3,8,33200,25000,96,176,553000,480000,89.9,Medium Risk
CUST100835,State Bank of India,Affluent,1,16,45500,150000,14,321,753000,3010000,17.6,Low Risk
CUST100836,Punjab National Bank,Mass Retail,3,8,11400,75000,57,178,257000,1860000,23.5,Low Risk
CUST100837,Indian Bank,Business,43,87,190700,500000,1067,2067,3196000,10300000,41.5,Low-Medium Risk
CUST100838,Axis Bank,Mass Retail,5,13,2100,25000,116,323,33000,450000,20.5,Low Risk
CUST100839,Punjab National Bank,Affluent,1,17,61600,200000,14,378,1052000,3810000,18.7,Low Risk
CUST100840,ICICI Bank,Affluent,6,15,15600,100000,109,347,210000,1820000,23.5,Low Risk
CUST100841,Union Bank of India,Mass Retail,1,7,14900,25000,27,146,311000,620000,37.8,Low Risk
CUST100842,Punjab National Bank,Premium,15,31,41400,300000,365,729,798000,5990000,29.1,Low Risk
CUST100843,Punjab National Bank,Mass Retail,1,10,2600,50000,23,259,52000,1220000,6.7,Low Risk
CUST100844,Union Bank of India,SME,4,44,119800,400000,76,851,2165000,9990000,18.5,Low Risk
CUST100845,Canara Bank,Mass Retail,4,12,8300,25000,94,302,148000,550000,30.9,Low Risk
CUST100846,State Bank of India,Mass Retail,3,12,3400,25000,67,275,62000,460000,18.3,Low Risk
CUST100847,ICICI Bank,Mass Retail,2,10,1800,100000,52,208,29000,1860000,11.0,Low Risk
CUST100848,IndusInd Bank,SME,29,26,51700,750000,618,668,1120000,16030000,49.0,Low-Medium Risk
CUST100849,Bank of Baroda,Affluent,3,21,41500,100000,55,470,612000,2080000,25.6,Low Risk
CUST100850,Canara Bank,Affluent,24,21,177700,150000,601,448,4626000,3340000,126.5,High Risk
CUST100851,HDFC Bank,Mass Retail,2,12,10800,50000,42,243,169000,1050000,18.1,Low Risk
CUST100852,Bank of India,Premium,35,34,265700,300000,706,704,5066000,7360000,88.9,Medium Risk
CUST100853,Bank of India,Mass Retail,1,7,6800,25000,14,174,136000,540000,19.4,Low Risk
CUST100854,Union Bank of India,Business,22,53,1135600,2500000,450,1235,24199000,57140000,41.5,Low-Medium Risk
CUST100855,Kotak Mahindra Bank,Mass Retail,2,13,300,40000,51,330,7000,970000,7.2,Low Risk
CUST100856,Union Bank of India,Mass Retail,3,13,12500,100000,60,268,205000,1900000,16.3,Low Risk
CUST100857,State Bank of India,Mass Retail,13,12,44100,50000,258,238,939000,980000,99.0,High Risk
CUST100858,Bank of Baroda,Affluent,4,20,10600,200000,79,381,144000,3750000,11.5,Low Risk
CUST100859,Punjab National Bank,Affluent,5,15,12600,150000,117,338,176000,2850000,18.9,Low Risk
CUST100860,Bank of Baroda,Mass Retail,4,11,8700,40000,97,286,149000,860000,26.3,Low Risk
CUST100861,Bank of Baroda,Premium,31,24,559900,500000,776,573,14026000,10120000,128.4,High Risk
CUST100862,Canara Bank,Affluent,4,20,82100,300000,75,423,1483000,6290000,22.6,Low Risk
CUST100863,State Bank of India,Affluent,11,14,153800,300000,218,352,3098000,7460000,57.1,Low-Medium Risk
CUST100864,Bank of India,Affluent,5,17,99700,150000,115,416,1857000,2860000,49.2,Low-Medium Risk
CUST100865,IndusInd Bank,Mass Retail,5,11,5200,50000,92,210,80000,1090000,24.3,Low Risk
CUST100866,Kotak Mahindra Bank,Affluent,15,16,232400,300000,398,395,3504000,5610000,81.8,Medium Risk
CUST100867,Yes Bank,Mass Retail,1,8,5600,50000,30,169,115000,1010000,12.8,Low Risk
CUST100868,Punjab National Bank,Mass Retail,6,12,13000,50000,108,241,213000,1080000,33.8,Low Risk
CUST100869,Canara Bank,Business,9,70,138700,500000,168,1441,2325000,12310000,18.7,Low Risk
CUST100870,IDFC First Bank,SME,24,40,960800,750000,465,891,22607000,15550000,101.1,High Risk
CUST100871,Punjab National Bank,Mass Retail,4,9,6700,50000,71,198,91000,920000,24.0,Low Risk
CUST100872,IndusInd Bank,Mass Retail,9,9,49200,50000,230,189,1261000,1040000,110.2,High Risk
CUST100873,Union Bank of India,Affluent,1,16,31200,400000,16,323,496000,7610000,6.6,Low Risk
CUST100874,HDFC Bank,Mass Retail,13,12,74700,100000,298,292,1279000,1960000,85.4,Medium Risk
CUST100875,HDFC Bank,Mass Retail,8,7,30600,50000,172,182,792000,1120000,82.9,Medium Risk
CUST100876,Yes Bank,Mass Retail,1,7,7900,75000,15,171,101000,1390000,10.1,Low Risk
CUST100877,Bank of Baroda,Premium,13,21,1158100,1000000,291,443,27966000,21250000,97.6,High Risk
CUST100878,Punjab National Bank,Premium,11,34,281300,1000000,195,704,5682000,22270000,28.3,Low Risk
CUST100879,Federal Bank,Mass Retail,2,9,11300,40000,33,185,168000,840000,22.2,Low Risk
CUST100880,HDFC Bank,Mass Retail,7,11,58500,50000,150,220,1270000,910000,101.0,High Risk
CUST100881,Punjab National Bank,Mass Retail,1,7,10600,50000,30,160,273000,1240000,19.3,Low Risk
CUST100882,Kotak Mahindra Bank,Premium,11,30,218800,1000000,209,697,4628000,20570000,27.1,Low Risk
CUST100883,ICICI Bank,Mass Retail,5,13,7600,40000,81,311,129000,940000,23.3,Low Risk
CUST100884,IndusInd Bank,Mass Retail,0,8,29200,100000,3,190,399000,2030000,14.2,Low Risk
CUST100885,ICICI Bank,Premium,33,30,101200,300000,710,631,2506000,6400000,69.5,Medium Risk
CUST100886,Federal Bank,Mass Retail,6,7,6600,40000,97,149,134000,830000,42.2,Low-Medium Risk
CUST100887,Axis Bank,Premium,30,33,366400,500000,741,784,9299000,10200000,86.8,Medium Risk
CUST100888,Union Bank of India,Mass Retail,1,7,18100,50000,26,150,251000,910000,24.7,Low Risk
CUST100889,IDFC First Bank,Mass Retail,3,6,13700,50000,59,123,266000,1030000,36.4,Low Risk
CUST100890,Federal Bank,Mass Retail,0,8,5400,75000,4,173,131000,1820000,4.4,Low Risk
CUST100891,Bank of India,Premium,4,31,188700,750000,70,648,3616000,17120000,18.2,Low Risk
CUST100892,Axis Bank,Business,34,78,979500,2500000,600,1530,17103000,47540000,39.3,Low Risk
CUST100893,Kotak Mahindra Bank,Business,5,50,178200,500000,99,1241,3605000,11070000,23.3,Low Risk
CUST100894,Yes Bank,Mass Retail,3,10,18800,40000,62,250,370000,970000,35.9,Low Risk
CUST100895,ICICI Bank,Premium,29,30,463100,750000,715,616,13516000,17180000,86.3,Medium Risk
CUST100896,Punjab National Bank,Mass Retail,1,8,14300,100000,15,156,283000,1900000,13.0,Low Risk
CUST100897,Union Bank of India,Mass Retail,1,9,23000,75000,14,218,453000,1810000,19.4,Low Risk
CUST100898,Bank of Baroda,Business,50,83,231000,1000000,780,1700,4066000,20110000,35.4,Low Risk
CUST100899,State Bank of India,Mass Retail,7,12,118500,100000,182,261,2149000,2120000,89.5,Medium Risk
CUST100900,IndusInd Bank,Mass Retail,1,10,33500,75000,18,194,530000,1630000,26.0,Low Risk
CUST100901,Axis Bank,Mass Retail,9,9,15300,25000,224,185,606000,600000,94.0,High Risk
CUST100902,IDFC First Bank,Mass Retail,6,6,44000,50000,182,147,1134000,1230000,99.7,High Risk
CUST100903,Union Bank of India,Mass Retail,4,8,3500,100000,101,197,62000,2450000,24.2,Low Risk
CUST100904,Canara Bank,Affluent,4,16,29500,150000,84,327,374000,2710000,20.7,Low Risk
CUST100905,IDFC First Bank,Affluent,15,13,88200,100000,313,278,1658000,2450000,93.8,High Risk
CUST100906,Axis Bank,Business,4,47,32700,1500000,63,937,548000,27570000,4.6,Low Risk
CUST100907,HDFC Bank,Business,5,88,154500,500000,96,1718,2318000,9930000,17.8,Low Risk
CUST100908,IDFC First Bank,Mass Retail,2,8,6200,40000,45,208,126000,860000,19.0,Low Risk
CUST100909,Kotak Mahindra Bank,Mass Retail,12,11,41600,50000,296,259,1013000,1070000,98.9,High Risk
CUST100910,Yes Bank,Mass Retail,11,9,92600,75000,196,205,1902000,1670000,114.3,High Risk
CUST100911,Union Bank of India,Affluent,8,13,175500,150000,142,317,3526000,3200000,87.1,Medium Risk
CUST100912,IDFC First Bank,Mass Retail,2,12,53700,100000,38,299,1245000,2450000,36.0,Low Risk
CUST100913,Kotak Mahindra Bank,Affluent,1,12,49000,300000,28,296,1013000,5910000,13.0,Low Risk
CUST100914,Yes Bank,Mass Retail,2,11,24600,75000,41,210,461000,1490000,26.3,Low Risk
CUST100915,State Bank of India,Affluent,2,12,60800,200000,36,244,1495000,4890000,24.1,Low Risk
CUST100916,IDFC First Bank,Affluent,15,19,45200,200000,424,448,920000,3710000,51.7,Low-Medium Risk
CUST100917,ICICI Bank,Mass Retail,1,7,3000,100000,12,151,53000,2230000,6.2,Low Risk
CUST100918,Kotak Mahindra Bank,SME,7,48,532100,1500000,140,1242,8906000,34160000,22.8,Low Risk
CUST100919,Yes Bank,Premium,4,25,38300,500000,101,591,612000,10770000,11.2,Low Risk
CUST100920,Canara Bank,Mass Retail,14,13,29100,50000,319,334,1057000,1140000,87.2,Medium Risk
CUST100921,Yes Bank,Business,26,61,222900,500000,513,1245,4222000,9600000,43.4,Low-Medium Risk
CUST100922,Kotak Mahindra Bank,Affluent,0,13,77800,300000,11,326,1775000,7190000,14.9,Low Risk
CUST100923,Indian Bank,Business,3,51,202600,500000,59,1084,3283000,9490000,23.7,Low Risk
CUST100924,ICICI Bank,Premium,2,30,193900,1000000,40,778,3568000,20810000,12.7,Low Risk
CUST100925,HDFC Bank,Affluent,20,19,337000,300000,378,382,8057000,5560000,116.8,High Risk
CUST100926,Indian Bank,Mass Retail,14,12,79900,100000,316,271,1858000,2180000,97.7,High Risk
CUST100927,Union Bank of India,Mass Retail,1,7,1600,50000,23,172,25000,1130000,7.3,Low Risk
CUST100928,Canara Bank,Affluent,17,17,130400,150000,470,374,2526000,3690000,93.1,High Risk
CUST100929,Yes Bank,Affluent,5,14,39900,300000,77,312,967000,6950000,21.0,Low Risk
CUST100930,HDFC Bank,Mass Retail,10,10,32000,40000,266,259,693000,870000,89.5,Medium Risk
CUST100931,HDFC Bank,Mass Retail,0,9,14500,50000,6,198,234000,1230000,14.1,Low Risk
CUST100932,Yes Bank,Business,7,57,25700,1000000,162,1324,504000,21350000,6.7,Low Risk
CUST100933,HDFC Bank,SME,2,52,537300,1500000,34,1008,9803000,32890000,20.0,Low Risk
CUST100934,ICICI Bank,Affluent,5,19,27500,150000,116,473,551000,3330000,21.0,Low Risk
CUST100935,HDFC Bank,Mass Retail,6,11,48600,100000,109,259,780000,2090000,45.4,Low-Medium Risk
CUST100936,IndusInd Bank,Mass Retail,6,10,26100,75000,130,218,467000,1790000,43.5,Low-Medium Risk
CUST100937,Axis Bank,Mass Retail,3,8,10800,75000,52,153,185000,1450000,23.4,Low Risk
CUST100938,Union Bank of India,Business,16,44,181800,500000,369,1018,3063000,10940000,33.8,Low Risk
CUST100939,Axis Bank,Mass Retail,1,6,13000,40000,14,115,273000,920000,23.7,Low Risk
CUST100940,Axis Bank,Affluent,3,19,24400,150000,65,361,518000,3650000,15.9,Low Risk
CUST100941,Indian Bank,Mass Retail,1,6,20600,100000,24,140,370000,2420000,17.6,Low Risk
CUST100942,Kotak Mahindra Bank,Affluent,4,13,65400,300000,74,264,1331000,6470000,25.0,Low Risk
CUST100943,Federal Bank,Premium,10,26,26800,500000,210,529,493000,11250000,19.7,Low Risk
CUST100944,Bank of Baroda,Business,11,78,630300,2500000,263,1839,13065000,51900000,20.2,Low Risk
CUST100945,IDFC First Bank,Mass Retail,7,12,125200,100000,164,233,2089000,2130000,90.6,High Risk
CUST100946,Federal Bank,Mass Retail,5,7,28700,75000,103,148,544000,1830000,50.1,Low-Medium Risk
CUST100947,Bank of India,Mass Retail,2,7,14800,40000,35,140,315000,980000,31.2,Low Risk
CUST100948,Indian Bank,Business,25,83,181100,500000,518,1914,4145000,12130000,32.1,Low Risk
CUST100949,Kotak Mahindra Bank,Business,2,46,262500,2500000,33,1087,4589000,47420000,7.1,Low Risk
CUST100950,Canara Bank,Affluent,2,16,76600,200000,41,385,1487000,4790000,24.4,Low Risk
CUST100951,ICICI Bank,Affluent,20,21,50800,150000,519,437,1215000,3700000,65.8,Medium Risk
CUST100952,Punjab National Bank,Premium,6,23,84100,750000,77,451,1243000,15400000,14.8,Low Risk
CUST100953,Punjab National Bank,Mass Retail,11,13,66600,75000,284,254,1536000,1620000,94.9,High Risk
CUST100954,Bank of Baroda,Business,7,50,1057500,1500000,116,1099,25730000,35180000,45.5,Low-Medium Risk
CUST100955,Axis Bank,Mass Retail,5,12,11400,100000,96,307,233000,2190000,22.2,Low Risk
CUST100956,State Bank of India,Mass Retail,12,12,23000,40000,255,246,757000,1000000,82.1,Medium Risk
CUST100957,Canara Bank,Affluent,25,21,188500,200000,435,437,3457000,4240000,97.5,High Risk
CUST100958,IDFC First Bank,Mass Retail,8,7,20000,25000,146,138,551000,570000,98.0,High Risk
CUST100959,Yes Bank,Mass Retail,5,13,57200,50000,173,302,1530000,1180000,89.2,Medium Risk
CUST100960,HDFC Bank,Premium,2,21,50400,300000,46,499,746000,6440000,12.3,Low Risk
CUST100961,Yes Bank,Mass Retail,6,13,4400,100000,160,306,73000,2400000,23.5,Low Risk
CUST100962,Union Bank of India,Affluent,2,21,28400,100000,49,526,473000,2180000,18.2,Low Risk
CUST100963,Kotak Mahindra Bank,Mass Retail,1,9,19800,75000,21,202,368000,1570000,18.3,Low Risk
CUST100964,HDFC Bank,Mass Retail,1,6,10900,50000,15,120,172000,940000,17.6,Low Risk
CUST100965,Yes Bank,Mass Retail,4,12,16200,50000,85,252,309000,1040000,32.1,Low Risk
CUST100966,State Bank of India,Mass Retail,0,13,14900,40000,10,307,292000,930000,19.7,Low Risk
CUST100967,Punjab National Bank,Premium,39,34,739400,1000000,1035,792,19319000,24450000,97.0,High Risk
CUST100968,Indian Bank,Mass Retail,2,8,17000,50000,31,182,326000,990000,28.0,Low Risk
CUST100969,Bank of India,Affluent,1,16,12100,200000,16,380,162000,4100000,5.0,Low Risk
CUST100970,State Bank of India,Affluent,1,12,78800,150000,20,282,1335000,2860000,31.3,Low Risk
CUST100971,State Bank of India,Premium,14,22,20200,500000,382,554,443000,11420000,31.5,Low Risk
CUST100972,IndusInd Bank,SME,11,46,113200,750000,209,1063,2887000,18540000,18.4,Low Risk
CUST100973,HDFC Bank,Premium,23,24,180500,300000,561,587,6771000,6750000,87.0,Medium Risk
CUST100974,Canara Bank,Mass Retail,1,7,7500,50000,28,145,131000,1120000,14.8,Low Risk
CUST100975,Canara Bank,Mass Retail,11,13,33500,40000,306,309,794000,870000,89.5,Medium Risk
CUST100976,Punjab National Bank,Mass Retail,3,9,20000,50000,51,228,324000,930000,33.1,Low Risk
CUST100977,Axis Bank,Affluent,4,19,3100,300000,60,412,48000,6930000,8.5,Low Risk
CUST100978,Kotak Mahindra Bank,Mass Retail,1,10,9800,50000,35,245,174000,1110000,15.4,Low Risk
CUST100979,Bank of India,Affluent,1,13,23800,100000,24,313,397000,2260000,15.3,Low Risk
CUST100980,Kotak Mahindra Bank,Affluent,0,13,55800,400000,8,252,1298000,9720000,8.2,Low Risk
CUST100981,Axis Bank,Mass Retail,0,6,11300,40000,4,138,251000,940000,16.1,Low Risk
CUST100982,IDFC First Bank,Premium,2,21,68300,1000000,48,418,1300000,23470000,8.3,Low Risk
CUST100983,HDFC Bank,Mass Retail,3,12,24700,100000,75,309,519000,2450000,23.7,Low Risk
CUST100984,Union Bank of India,Mass Retail,12,11,95700,75000,379,271,2403000,1870000,126.7,High Risk
CUST100985,State Bank of India,Premium,2,20,126800,750000,32,395,2527000,16550000,12.9,Low Risk
CUST100986,Punjab National Bank,Affluent,9,17,18400,300000,147,337,297000,5630000,24.4,Low Risk
CUST100987,ICICI Bank,Premium,11,34,41000,1000000,213,787,689000,21210000,14.9,Low Risk
CUST100988,Punjab National Bank,Affluent,3,14,12700,200000,73,300,232000,4700000,13.0,Low Risk
CUST100989,IDFC First Bank,Mass Retail,0,6,9900,50000,6,115,178000,910000,12.3,Low Risk
CUST100990,Axis Bank,Business,22,72,339300,5000000,519,1641,4201000,91990000,17.2,Low Risk
CUST100991,Bank of Baroda,Premium,1,20,96100,500000,16,434,1447000,9240000,11.8,Low Risk
CUST100992,Punjab National Bank,Premium,8,27,58700,300000,113,532,1090000,6940000,21.3,Low Risk
CUST100993,Bank of India,Mass Retail,2,7,7100,40000,44,172,122000,860000,21.1,Low Risk
CUST100994,Union Bank of India,Affluent,8,20,42400,200000,159,508,635000,4120000,25.7,Low Risk
CUST100995,Punjab National Bank,Mass Retail,3,7,23300,100000,63,170,430000,1870000,30.5,Low Risk
CUST100996,Axis Bank,Mass Retail,7,11,37500,75000,122,272,569000,1730000,47.2,Low-Medium Risk
CUST100997,ICICI Bank,Business,22,89,144300,500000,396,1826,2647000,10120000,25.7,Low Risk
CUST100998,Punjab National Bank,Mass Retail,1,8,20900,75000,19,167,352000,1490000,19.6,Low Risk
CUST100999,IndusInd Bank,SME,9,54,288000,750000,191,1105,4856000,16920000,26.2,Low Risk
CUST101000,ICICI Bank,Affluent,4,19,80800,150000,74,463,1411000,3290000,35.3,Low Risk
CUST101001,IndusInd Bank,Mass Retail,1,11,19600,50000,25,282,343000,1030000,24.1,Low Risk
CUST101002,Bank of India,Affluent,18,19,215300,200000,555,456,5834000,4500000,114.4,High Risk
CUST101003,HDFC Bank,Business,3,74,67400,500000,61,1863,1292000,9950000,8.8,Low Risk
CUST101004,Bank of India,Premium,33,33,643800,500000,1005,775,14357000,11780000,120.9,High Risk
CUST101005,Yes Bank,Business,6,47,1839100,5000000,108,1021,33568000,98030000,25.2,Low Risk
CUST101006,IndusInd Bank,Premium,2,30,207700,1000000,49,659,2638000,19110000,12.9,Low Risk
CUST101007,Indian Bank,Premium,4,27,216200,500000,72,527,4177000,11740000,28.5,Low Risk
CUST101008,Bank of India,Business,40,71,861100,2500000,606,1365,19031000,57390000,40.8,Low-Medium Risk
CUST101009,Union Bank of India,Mass Retail,13,12,21500,25000,321,286,477000,480000,100.2,High Risk
CUST101010,ICICI Bank,Affluent,12,12,194500,300000,278,265,4789000,5640000,87.1,Medium Risk
CUST101011,Federal Bank,Mass Retail,5,11,4700,100000,113,252,103000,2390000,22.3,Low Risk
CUST101012,ICICI Bank,SME,7,33,12300,200000,135,756,252000,4690000,11.7,Low Risk
CUST101013,Union Bank of India,SME,22,52,16500,200000,434,1089,227000,4060000,22.0,Low Risk
CUST101014,IDFC First Bank,Mass Retail,12,10,122400,100000,276,223,2532000,2260000,119.2,High Risk
CUST101015,Punjab National Bank,Premium,4,24,39800,500000,69,535,692000,9430000,10.8,Low Risk
CUST101016,ICICI Bank,SME,5,45,63700,200000,86,977,1008000,4310000,19.8,Low Risk
CUST101017,Canara Bank,Mass Retail,4,7,5800,50000,75,173,103000,910000,28.4,Low Risk
CUST101018,ICICI Bank,Affluent,20,20,447700,400000,519,443,10170000,8300000,113.5,High Risk
CUST101019,IDFC First Bank,Business,42,40,1599900,2500000,1052,929,38940000,46310000,89.4,Medium Risk
CUST101020,Kotak Mahindra Bank,Mass Retail,6,6,53800,40000,204,152,1189000,850000,128.2,High Risk
CUST101021,Axis Bank,Premium,3,28,78700,300000,54,702,1722000,6290000,19.0,Low Risk
CUST101022,Union Bank of India,Mass Retail,0,6,16200,50000,9,151,295000,1060000,18.1,Low Risk
CUST101023,HDFC Bank,SME,11,35,364600,1500000,195,731,5850000,27480000,25.4,Low Risk
CUST101024,Bank of India,SME,14,34,41600,200000,292,654,634000,4110000,29.0,Low Risk
CUST101025,Punjab National Bank,SME,5,41,48300,200000,118,854,906000,4660000,17.8,Low Risk
CUST101026,Axis Bank,Affluent,7,20,38200,200000,162,419,736000,4120000,26.6,Low Risk
CUST101027,IDFC First Bank,Business,16,75,1641700,5000000,308,1902,32262000,115030000,25.2,Low Risk
CUST101028,Bank of Baroda,Business,9,65,218700,500000,174,1530,3605000,10290000,27.6,Low Risk
CUST101029,ICICI Bank,Mass Retail,11,13,52600,75000,316,254,1003000,1570000,83.5,Medium Risk
CUST101030,ICICI Bank,Business,2,69,410300,2500000,53,1376,8345000,54870000,10.2,Low Risk
CUST101031,Yes Bank,Mass Retail,6,13,5100,50000,108,261,94000,1230000,24.2,Low Risk
CUST101032,Union Bank of India,Affluent,6,15,62100,200000,131,351,792000,3750000,31.5,Low Risk
CUST101033,IDFC First Bank,Mass Retail,5,12,47600,75000,94,290,798000,1370000,50.2,Low-Medium Risk
CUST101034,IDFC First Bank,Mass Retail,6,9,97700,100000,124,225,2939000,2230000,91.2,High Risk
CUST101035,ICICI Bank,Mass Retail,2,8,2100,25000,60,205,48000,620000,16.4,Low Risk
CUST101036,ICICI Bank,Premium,16,29,124400,300000,325,592,2221000,7480000,44.1,Low-Medium Risk
CUST101037,Bank of India,Mass Retail,2,13,13100,50000,34,275,198000,1070000,18.5,Low Risk
CUST101038,Yes Bank,Premium,12,26,567100,1000000,210,538,10697000,21280000,48.7,Low-Medium Risk
CUST101039,Yes Bank,Mass Retail,5,12,10500,50000,95,258,209000,1130000,28.3,Low Risk
CUST101040,Punjab National Bank,Mass Retail,1,12,8300,40000,31,305,174000,880000,15.4,Low Risk
CUST101041,IDFC First Bank,Affluent,2,21,3500,100000,40,484,62000,2240000,5.9,Low Risk
CUST101042,IDFC First Bank,Premium,3,28,188500,500000,81,677,3360000,12060000,23.5,Low Risk
CUST101043,Union Bank of India,Mass Retail,12,10,61700,100000,258,224,2293000,2320000,96.8,High Risk
CUST101044,Canara Bank,Affluent,17,18,200600,300000,319,346,6904000,6440000,89.6,Medium Risk
CUST101045,IDFC First Bank,Business,70,64,2439300,2500000,1648,1245,66679000,53080000,115.7,High Risk
CUST101046,Indian Bank,Affluent,4,12,168800,150000,163,273,3472000,3370000,80.9,Medium Risk
CUST101047,HDFC Bank,Mass Retail,1,10,8400,100000,26,240,177000,2120000,9.1,Low Risk
CUST101048,HDFC Bank,Mass Retail,2,7,30900,75000,31,144,664000,1590000,34.5,Low Risk
CUST101049,IndusInd Bank,Business,12,66,100800,500000,309,1588,1335000,9060000,17.9,Low Risk
CUST101050,Bank of Baroda,Mass Retail,2,9,2600,40000,44,222,44000,770000,12.6,Low Risk
CUST101051,IndusInd Bank,Business,8,51,1471200,5000000,137,1116,24482000,107100000,20.7,Low Risk
CUST101052,Axis Bank,Affluent,4,20,3800,200000,81,484,62000,4750000,9.0,Low Risk
CUST101053,Bank of Baroda,SME,8,49,66200,200000,149,1070,1296000,3990000,24.8,Low Risk
CUST101054,Indian Bank,Premium,14,26,41200,300000,341,617,827000,6500000,31.5,Low Risk
CUST101055,IDFC First Bank,SME,10,37,419200,750000,245,901,6846000,15310000,40.2,Low-Medium Risk
CUST101056,Federal Bank,Mass Retail,3,10,4600,40000,71,259,71000,750000,18.4,Low Risk
CUST101057,Indian Bank,Premium,19,30,205200,500000,430,643,3356000,12350000,47.6,Low-Medium Risk
CUST101058,Yes Bank,Mass Retail,3,10,4000,100000,51,219,91000,2400000,13.9,Low Risk
CUST101059,Canara Bank,Affluent,22,20,223500,200000,536,403,4190000,3710000,116.5,High Risk
CUST101060,IDFC First Bank,Affluent,4,14,2700,200000,71,286,58000,4610000,12.4,Low Risk
CUST101061,HDFC Bank,Business,35,84,1044800,5000000,694,2004,15522000,102170000,27.0,Low Risk
CUST101062,Yes Bank,SME,27,47,269500,400000,686,1195,6170000,9990000,61.2,Low-Medium Risk
CUST101063,Bank of India,Premium,10,25,159000,500000,234,544,2127000,10060000,33.1,Low Risk
CUST101064,Canara Bank,Mass Retail,5,13,2300,25000,92,263,43000,490000,21.1,Low Risk
CUST101065,Yes Bank,Affluent,3,15,32700,200000,53,315,561000,4400000,16.3,Low Risk
CUST101066,HDFC Bank,Premium,19,20,382800,500000,469,444,8105000,11920000,84.8,Medium Risk
CUST101067,Punjab National Bank,Mass Retail,1,6,18400,40000,15,126,272000,770000,29.1,Low Risk
CUST101068,Kotak Mahindra Bank,Mass Retail,2,9,25900,50000,34,186,597000,1150000,37.9,Low Risk
CUST101069,Axis Bank,Mass Retail,6,13,36200,75000,115,314,604000,1380000,44.0,Low-Medium Risk
CUST101070,Bank of India,Mass Retail,1,7,38700,100000,23,133,920000,2440000,28.4,Low Risk
CUST101071,Canara Bank,Mass Retail,1,6,3500,50000,35,137,57000,930000,13.1,Low Risk
CUST101072,HDFC Bank,Mass Retail,0,11,46300,100000,7,270,877000,2440000,23.6,Low Risk
CUST101073,Kotak Mahindra Bank,Mass Retail,8,7,73200,75000,195,146,1943000,1610000,115.9,High Risk
CUST101074,Federal Bank,Mass Retail,3,13,17100,25000,50,302,339000,530000,45.8,Low-Medium Risk
CUST101075,HDFC Bank,SME,14,40,299600,750000,352,947,5837000,18610000,35.7,Low Risk
CUST101076,State Bank of India,Affluent,3,19,156300,400000,86,448,2576000,9970000,25.9,Low Risk
CUST101077,Union Bank of India,Mass Retail,12,10,22200,25000,240,221,583000,560000,104.4,High Risk
CUST101078,Canara Bank,Premium,7,23,27800,500000,166,493,464000,9440000,17.2,Low Risk
CUST101079,HDFC Bank,Mass Retail,2,12,7500,75000,42,298,154000,1620000,12.4,Low Risk
CUST101080,Canara Bank,SME,55,52,102400,1500000,1151,1264,2208000,32560000,47.3,Low-Medium Risk
CUST101081,State Bank of India,Premium,10,26,97600,300000,176,552,1701000,6480000,31.9,Low Risk
CUST101082,ICICI Bank,Mass Retail,2,12,5200,25000,49,237,114000,550000,20.1,Low Risk
CUST101083,Union Bank of India,Mass Retail,13,12,42700,40000,294,234,961000,730000,118.4,High Risk
CUST101084,Axis Bank,Business,101,87,2205600,2500000,1746,1710,54203000,57450000,98.9,High Risk
CUST101085,Indian Bank,SME,16,49,288200,750000,290,1131,4587000,17240000,31.2,Low Risk
CUST101086,IndusInd Bank,Affluent,2,13,104400,150000,35,252,1824000,2820000,44.2,Low-Medium Risk
CUST101087,HDFC Bank,Affluent,1,15,64200,200000,20,320,1031000,4400000,18.3,Low Risk
CUST101088,IndusInd Bank,Mass Retail,2,7,1600,25000,30,170,25000,550000,13.4,Low Risk
CUST101089,Yes Bank,SME,14,54,106800,200000,220,1137,2346000,4560000,39.0,Low Risk
CUST101090,Axis Bank,Mass Retail,1,7,2900,25000,29,170,36000,460000,12.4,Low Risk
CUST101091,Bank of Baroda,SME,4,54,21800,400000,88,1308,334000,8950000,5.6,Low Risk
CUST101092,IndusInd Bank,Affluent,2,15,65100,200000,32,311,1219000,3990000,23.0,Low Risk
CUST101093,Canara Bank,Affluent,16,21,85800,100000,599,506,2319000,2150000,97.0,High Risk
CUST101094,Canara Bank,Affluent,10,16,147400,300000,180,388,2883000,7020000,49.0,Low-Medium Risk
CUST101095,Indian Bank,Mass Retail,10,11,33800,50000,267,240,817000,1150000,83.4,Medium Risk
CUST101096,Kotak Mahindra Bank,Mass Retail,5,9,22100,100000,100,184,294000,1880000,34.8,Low Risk
CUST101097,ICICI Bank,Mass Retail,0,12,6400,25000,11,272,99000,550000,13.2,Low Risk
CUST101098,IDFC First Bank,Mass Retail,7,7,44000,50000,175,178,912000,1240000,88.9,Medium Risk
CUST101099,Union Bank of India,Premium,7,32,82100,1000000,142,751,1627000,19100000,13.8,Low Risk
CUST101100,HDFC Bank,Mass Retail,6,11,11100,50000,108,222,234000,1200000,34.6,Low Risk
CUST101101,ICICI Bank,Mass Retail,6,9,10000,50000,124,214,218000,1150000,38.4,Low Risk
CUST101102,Bank of Baroda,SME,8,38,162400,750000,176,836,3334000,17560000,20.7,Low Risk
CUST101103,ICICI Bank,Business,4,76,220500,1000000,87,1759,3261000,19970000,12.8,Low Risk
CUST101104,Kotak Mahindra Bank,SME,33,26,872300,750000,765,628,21698000,15010000,127.9,High Risk
CUST101105,Punjab National Bank,SME,57,46,1176800,1500000,952,1040,29138000,36510000,91.8,High Risk
CUST101106,Punjab National Bank,Mass Retail,7,6,44500,50000,165,148,1195000,1030000,107.6,High Risk
CUST101107,Bank of India,Mass Retail,2,11,9800,75000,38,265,133000,1380000,13.5,Low Risk
CUST101108,IDFC First Bank,Premium,21,21,192600,500000,636,489,3648000,11100000,70.8,Medium Risk
CUST101109,Bank of Baroda,Premium,5,26,137800,500000,98,521,2049000,9440000,22.4,Low Risk
CUST101110,Axis Bank,Mass Retail,2,6,26400,25000,89,149,630000,590000,80.1,Medium Risk
CUST101111,Canara Bank,Business,14,42,370100,1500000,354,1073,6229000,33740000,26.6,Low Risk
CUST101112,Union Bank of India,Mass Retail,5,11,71500,75000,186,220,1805000,1810000,83.2,Medium Risk
CUST101113,IndusInd Bank,Mass Retail,2,7,5800,25000,37,157,140000,590000,24.8,Low Risk
CUST101114,Bank of Baroda,Affluent,3,12,27500,200000,45,250,497000,3760000,17.0,Low Risk
CUST101115,IndusInd Bank,Affluent,5,21,29700,200000,118,510,556000,4130000,18.2,Low Risk
CUST101116,Union Bank of India,Affluent,17,15,186000,150000,479,361,4873000,3510000,127.8,High Risk
CUST101117,HDFC Bank,Mass Retail,2,10,35400,75000,34,200,647000,1570000,32.8,Low Risk
CUST101118,IDFC First Bank,Business,19,66,154600,1500000,452,1659,2859000,37210000,17.4,Low Risk
CUST101119,Indian Bank,Mass Retail,4,11,18800,50000,75,223,443000,1160000,36.7,Low Risk
CUST101120,Yes Bank,Mass Retail,1,6,12500,75000,11,147,177000,1360000,13.7,Low Risk
CUST101121,ICICI Bank,Business,21,62,66200,1000000,500,1376,1657000,24160000,19.3,Low Risk
CUST101122,IndusInd Bank,SME,17,35,180500,400000,273,745,3022000,7480000,42.7,Low-Medium Risk
CUST101123,Bank of Baroda,Business,17,45,396100,1500000,282,905,6020000,28480000,28.3,Low Risk
CUST101124,IndusInd Bank,Business,15,80,287400,1000000,208,1614,5609000,23140000,21.9,Low Risk
CUST101125,Federal Bank,Premium,26,23,185000,300000,594,544,3783000,7220000,80.8,Medium Risk
CUST101126,Punjab National Bank,Affluent,13,12,95000,300000,327,274,2530000,6530000,69.8,Medium Risk
CUST101127,ICICI Bank,Mass Retail,5,10,6700,50000,66,199,100000,1000000,24.7,Low Risk
CUST101128,Canara Bank,Mass Retail,4,8,5900,40000,62,158,95000,820000,27.1,Low Risk
CUST101129,Kotak Mahindra Bank,Mass Retail,2,10,3100,50000,40,195,50000,1020000,12.1,Low Risk
CUST101130,Canara Bank,Mass Retail,3,13,8500,50000,68,315,122000,1010000,18.0,Low Risk
CUST101131,HDFC Bank,Premium,3,34,293000,500000,75,815,4653000,9850000,33.6,Low Risk
CUST101132,State Bank of India,Affluent,3,19,51100,150000,62,369,866000,3340000,24.1,Low Risk
CUST101133,HDFC Bank,Mass Retail,2,9,16700,50000,42,206,416000,1220000,28.0,Low Risk
CUST101134,Bank of India,Mass Retail,3,12,8600,25000,48,235,169000,500000,28.9,Low Risk
CUST101135,ICICI Bank,Premium,15,20,197800,1000000,265,507,2676000,19310000,37.5,Low Risk
CUST101136,Federal Bank,Mass Retail,2,10,14400,40000,59,253,352000,950000,29.9,Low Risk
CUST101137,Bank of India,Business,4,46,42800,500000,83,1099,651000,11600000,7.9,Low Risk
CUST101138,Axis Bank,Affluent,11,12,240700,300000,397,306,6735000,7350000,97.0,High Risk
CUST101139,Yes Bank,Affluent,4,16,33600,400000,94,395,457000,7660000,14.7,Low Risk
CUST101140,HDFC Bank,Affluent,0,15,21600,100000,7,372,298000,1900000,11.1,Low Risk
CUST101141,Bank of Baroda,Business,18,46,233900,1000000,414,1057,5013000,21790000,30.0,Low Risk
CUST101142,HDFC Bank,Mass Retail,3,6,16600,100000,55,127,295000,2230000,28.9,Low Risk
CUST101143,Punjab National Bank,Premium,3,33,69400,750000,58,677,1543000,16020000,9.3,Low Risk
CUST101144,HDFC Bank,Affluent,6,12,50100,150000,112,255,862000,3330000,37.2,Low Risk
CUST101145,Indian Bank,Mass Retail,4,13,23700,50000,102,304,375000,960000,38.4,Low Risk
CUST101146,Union Bank of India,Business,12,48,916400,2500000,214,970,17671000,53390000,29.9,Low Risk
CUST101147,HDFC Bank,Premium,9,22,219100,750000,127,458,3765000,16950000,29.5,Low Risk
CUST101148,Punjab National Bank,Premium,1,23,25200,1000000,26,512,350000,21030000,3.4,Low Risk
CUST101149,Union Bank of India,Business,19,67,151800,500000,437,1382,2812000,11380000,28.6,Low Risk
CUST101150,ICICI Bank,Business,7,52,238500,1500000,158,1202,3773000,31740000,13.6,Low Risk
CUST101151,HDFC Bank,Premium,1,29,4900,300000,30,738,69000,6100000,2.4,Low Risk
CUST101152,IndusInd Bank,Business,65,78,94000,500000,2353,1890,2543000,10060000,57.9,Low-Medium Risk
CUST101153,HDFC Bank,Premium,8,31,211800,500000,165,734,4546000,10440000,34.6,Low Risk
CUST101154,Indian Bank,Premium,6,26,316100,750000,146,600,4800000,13620000,31.9,Low Risk
CUST101155,Axis Bank,Affluent,0,13,23400,100000,6,291,382000,2270000,11.6,Low Risk
CUST101156,Canara Bank,Premium,3,30,143000,500000,48,609,2686000,11960000,18.2,Low Risk
CUST101157,Canara Bank,Mass Retail,4,12,33800,75000,89,303,727000,1540000,39.4,Low Risk
CUST101158,Bank of Baroda,Business,14,50,947300,5000000,304,1037,13420000,91610000,22.1,Low Risk
CUST101159,Indian Bank,Business,40,41,92600,5000000,916,805,2421000,124540000,47.8,Low-Medium Risk
CUST101160,Canara Bank,Mass Retail,1,13,51400,100000,13,315,986000,1980000,30.9,Low Risk
CUST101161,State Bank of India,Business,30,76,115300,500000,486,1537,1490000,9440000,26.5,Low Risk
CUST101162,Yes Bank,Mass Retail,4,10,5900,75000,57,216,127000,1540000,19.0,Low Risk
CUST101163,Federal Bank,Mass Retail,1,9,20000,50000,17,173,378000,1160000,25.1,Low Risk
CUST101164,Canara Bank,Premium,23,26,200500,500000,659,519,4142000,10030000,70.0,Medium Risk
CUST101165,IDFC First Bank,Mass Retail,11,13,76800,100000,298,263,1663000,2200000,86.4,Medium Risk
CUST101166,Indian Bank,Business,95,76,577900,1000000,1703,1473,15267000,20910000,89.7,Medium Risk
CUST101167,Bank of Baroda,Business,72,80,2017700,1500000,2203,1888,39133000,28240000,122.3,High Risk
CUST101168,Axis Bank,Affluent,5,19,62400,400000,125,472,1114000,8120000,19.8,Low Risk
CUST101169,Bank of India,Mass Retail,1,7,7500,25000,13,151,172000,580000,21.9,Low Risk
CUST101170,Federal Bank,Mass Retail,13,12,52800,50000,296,301,1430000,1110000,111.1,High Risk
CUST101171,Federal Bank,Affluent,1,17,35300,200000,27,348,464000,3770000,11.5,Low Risk
CUST101172,State Bank of India,SME,32,53,47600,750000,709,1128,942000,14360000,30.7,Low Risk
CUST101173,Kotak Mahindra Bank,Affluent,9,18,15300,150000,173,361,311000,3370000,26.9,Low Risk
CUST101174,Federal Bank,Mass Retail,6,8,63000,75000,178,187,1554000,1780000,85.3,Medium Risk
CUST101175,IDFC First Bank,Affluent,20,21,86100,100000,438,461,1776000,2040000,90.2,High Risk
CUST101176,Bank of India,Affluent,23,20,346900,400000,523,466,5983000,8870000,93.1,High Risk
CUST101177,IndusInd Bank,Premium,10,32,1035700,1000000,568,779,24572000,19190000,87.8,Medium Risk
CUST101178,Kotak Mahindra Bank,Mass Retail,1,11,8100,25000,20,251,147000,500000,20.8,Low Risk
CUST101179,Indian Bank,Premium,5,28,46200,300000,122,655,789000,5440000,16.5,Low Risk
CUST101180,IDFC First Bank,Affluent,3,12,78100,200000,68,307,1777000,4680000,31.9,Low Risk
CUST101181,IDFC First Bank,SME,12,30,85700,400000,252,633,1511000,8320000,28.5,Low Risk
CUST101182,IDFC First Bank,Mass Retail,1,7,23300,75000,16,151,573000,1780000,23.1,Low Risk
CUST101183,Axis Bank,Affluent,4,12,28700,100000,93,288,550000,2300000,29.1,Low Risk
CUST101184,HDFC Bank,SME,3,37,56500,200000,61,861,1350000,4760000,19.0,Low Risk
CUST101185,Yes Bank,Mass Retail,8,9,21100,25000,220,182,573000,500000,101.9,High Risk
CUST101186,Axis Bank,SME,10,44,267600,750000,177,952,5240000,14470000,29.4,Low Risk
CUST101187,Yes Bank,Premium,22,21,261400,300000,475,468,7044000,7440000,96.3,High Risk
CUST101188,Yes Bank,Mass Retail,10,11,45400,50000,255,241,866000,1150000,89.8,Medium Risk
CUST101189,Federal Bank,Mass Retail,0,6,10100,100000,4,121,208000,2380000,6.0,Low Risk
CUST101190,Axis Bank,Premium,5,23,86200,300000,111,586,1616000,5430000,25.5,Low Risk
CUST101191,Punjab National Bank,Mass Retail,2,7,29700,100000,30,170,429000,2050000,24.6,Low Risk
CUST101192,Axis Bank,Affluent,3,12,41100,400000,67,268,801000,9280000,16.3,Low Risk
CUST101193,Kotak Mahindra Bank,Mass Retail,3,6,19100,40000,54,143,268000,740000,42.9,Low-Medium Risk
CUST101194,Kotak Mahindra Bank,Affluent,3,18,91400,400000,80,455,1818000,8790000,20.0,Low Risk
CUST101195,IDFC First Bank,Mass Retail,3,9,38100,75000,37,180,630000,1580000,37.4,Low Risk
CUST101196,ICICI Bank,Business,11,45,556900,2500000,172,934,8760000,45310000,20.7,Low Risk
CUST101197,Bank of India,SME,13,45,63500,200000,275,1026,1068000,3930000,28.8,Low Risk
CUST101198,Punjab National Bank,SME,1,46,101200,200000,19,1131,2032000,4000000,29.4,Low Risk
CUST101199,Punjab National Bank,Premium,6,26,34200,300000,81,501,445000,5630000,13.9,Low Risk
CUST101200,Canara Bank,Mass Retail,4,7,69800,75000,119,181,2199000,1680000,89.8,Medium Risk
CUST101201,Punjab National Bank,Premium,5,20,263300,500000,119,444,4522000,9850000,39.2,Low Risk
CUST101202,HDFC Bank,Mass Retail,8,13,103900,75000,193,280,1923000,1500000,103.6,High Risk
CUST101203,IndusInd Bank,Mass Retail,6,6,62900,100000,135,126,2090000,2430000,87.3,Medium Risk
CUST101204,State Bank of India,Mass Retail,2,11,17100,75000,35,222,336000,1600000,19.8,Low Risk
CUST101205,Bank of India,Affluent,7,19,21200,200000,156,466,436000,4150000,21.6,Low Risk
CUST101206,HDFC Bank,Premium,5,28,183000,750000,94,719,3031000,17300000,18.6,Low Risk
CUST101207,Kotak Mahindra Bank,Premium,23,20,334700,500000,438,438,8615000,12180000,85.9,Medium Risk
CUST101208,Axis Bank,Affluent,14,17,258200,300000,540,436,5219000,5450000,96.3,High Risk
CUST101209,Indian Bank,Mass Retail,4,7,18700,40000,76,173,266000,850000,44.1,Low-Medium Risk
CUST101210,IndusInd Bank,SME,15,46,76400,400000,366,1029,1731000,8910000,25.8,Low Risk
CUST101211,HDFC Bank,Affluent,12,12,159300,200000,320,285,4338000,4050000,99.0,High Risk
CUST101212,HDFC Bank,Affluent,4,12,42600,400000,69,265,833000,9360000,18.6,Low Risk
CUST101213,Union Bank of India,Mass Retail,3,7,49900,100000,68,160,862000,2480000,42.5,Low-Medium Risk
CUST101214,Punjab National Bank,Premium,27,30,261100,300000,723,582,4813000,7380000,89.6,Medium Risk
CUST101215,IDFC First Bank,Premium,2,33,477700,1000000,40,788,9063000,19860000,28.7,Low Risk
CUST101216,Axis Bank,Mass Retail,3,8,4200,50000,54,155,79000,980000,20.5,Low Risk
CUST101217,Indian Bank,Mass Retail,11,12,21800,25000,364,297,510000,620000,94.6,High Risk
CUST101218,Federal Bank,Premium,4,33,59200,750000,92,818,1183000,15910000,9.3,Low Risk
CUST101219,IDFC First Bank,Premium,7,34,198500,500000,111,702,2684000,9730000,27.2,Low Risk
CUST101220,Bank of India,Mass Retail,1,9,43600,75000,11,191,987000,1720000,35.9,Low Risk
CUST101221,Union Bank of India,SME,21,36,48400,200000,488,805,897000,4000000,39.1,Low Risk
CUST101222,Bank of India,Mass Retail,9,8,16400,25000,240,185,549000,500000,102.5,High Risk
CUST101223,Union Bank of India,Affluent,6,19,12900,100000,105,399,279000,2420000,19.8,Low Risk
CUST101224,Bank of Baroda,SME,6,45,87900,200000,95,1042,1428000,3830000,27.5,Low Risk
CUST101225,Canara Bank,Mass Retail,1,12,21800,75000,20,253,267000,1380000,17.0,Low Risk
CUST101226,Indian Bank,Affluent,3,20,28500,100000,52,388,526000,1990000,21.3,Low Risk
CUST101227,Canara Bank,Mass Retail,1,7,4000,40000,15,133,60000,890000,10.3,Low Risk
CUST101228,Kotak Mahindra Bank,Mass Retail,0,7,10000,50000,6,138,161000,940000,11.2,Low Risk
CUST101229,IDFC First Bank,SME,2,52,155700,400000,34,1276,2305000,8520000,20.0,Low Risk
CUST101230,Yes Bank,Mass Retail,2,9,2700,75000,43,232,54000,1680000,11.0,Low Risk
CUST101231,IDFC First Bank,Business,16,82,718100,1500000,391,1803,16421000,35910000,35.6,Low Risk
CUST101232,ICICI Bank,Mass Retail,5,7,22200,25000,150,158,517000,490000,91.1,High Risk
CUST101233,Bank of India,Mass Retail,2,10,9200,100000,33,200,196000,2370000,12.7,Low Risk
CUST101234,IDFC First Bank,Mass Retail,1,11,9300,25000,20,251,129000,490000,21.4,Low Risk
CUST101235,State Bank of India,Premium,7,25,115600,500000,133,500,2181000,11370000,23.9,Low Risk
CUST101236,IndusInd Bank,Mass Retail,2,11,4100,25000,43,256,60000,530000,15.3,Low Risk
CUST101237,Indian Bank,Business,6,63,308900,500000,168,1609,4146000,9400000,34.1,Low Risk
CUST101238,Bank of India,Affluent,14,21,221100,200000,337,428,4928000,4600000,93.2,High Risk
CUST101239,Federal Bank,SME,13,48,151400,1500000,248,1169,2140000,29290000,15.3,Low Risk
CUST101240,IndusInd Bank,Mass Retail,13,11,86200,100000,264,211,2082000,1920000,107.8,High Risk
CUST101241,Yes Bank,Business,7,45,44700,1500000,158,973,699000,30760000,8.4,Low Risk
CUST101242,IDFC First Bank,Premium,9,29,12800,300000,151,573,235000,6770000,14.5,Low Risk
CUST101243,Axis Bank,Premium,38,31,469800,500000,617,665,10423000,9820000,103.5,High Risk
CUST101244,Bank of India,Business,18,75,200300,1000000,375,1516,4038000,19290000,22.3,Low Risk
CUST101245,Federal Bank,Premium,9,31,267100,500000,200,670,4044000,9030000,40.4,Low-Medium Risk
CUST101246,Bank of India,Affluent,2,21,18400,150000,42,460,275000,3200000,10.1,Low Risk
CUST101247,Canara Bank,Mass Retail,3,12,18200,50000,66,253,353000,1050000,30.8,Low Risk
CUST101248,Indian Bank,Mass Retail,2,9,9900,75000,53,212,195000,1470000,17.6,Low Risk
CUST101249,Axis Bank,SME,10,25,57100,200000,248,636,860000,3680000,31.9,Low Risk
CUST101250,Union Bank of India,Affluent,1,13,64300,100000,18,283,974000,2100000,33.9,Low Risk
CUST101251,Punjab National Bank,Premium,8,29,272700,1000000,122,590,5339000,23520000,24.8,Low Risk
CUST101252,Bank of Baroda,Affluent,1,19,28700,100000,25,397,558000,2300000,17.3,Low Risk
CUST101253,Punjab National Bank,Mass Retail,13,13,103100,100000,309,325,3441000,2400000,111.8,High Risk
CUST101254,Indian Bank,Mass Retail,6,6,32600,40000,153,138,787000,720000,99.9,High Risk
CUST101255,Punjab National Bank,Premium,5,31,92200,500000,116,688,1849000,12380000,16.5,Low Risk
CUST101256,Federal Bank,Affluent,16,17,145800,200000,318,341,3248000,4080000,84.0,Medium Risk
CUST101257,Union Bank of India,Mass Retail,7,8,40900,50000,202,177,916000,1250000,87.8,Medium Risk
CUST101258,Union Bank of India,Affluent,2,19,49200,200000,50,398,976000,3950000,19.3,Low Risk
CUST101259,IDFC First Bank,Mass Retail,12,12,69000,100000,293,307,1315000,2130000,79.6,Medium Risk
CUST101260,Kotak Mahindra Bank,Affluent,5,15,151600,300000,127,378,2989000,6140000,42.7,Low-Medium Risk
CUST101261,IDFC First Bank,Mass Retail,4,7,6600,25000,67,137,118000,510000,37.0,Low Risk
CUST101262,Union Bank of India,Premium,6,21,364900,500000,132,475,7053000,11950000,49.5,Low-Medium Risk
CUST101263,ICICI Bank,Mass Retail,3,12,5600,40000,65,247,128000,930000,19.1,Low Risk
CUST101264,Canara Bank,Affluent,7,13,31400,300000,133,284,570000,7480000,27.3,Low Risk
CUST101265,ICICI Bank,Mass Retail,0,6,11200,40000,12,151,190000,890000,15.5,Low Risk
CUST101266,ICICI Bank,Mass Retail,2,13,11000,75000,42,295,215000,1590000,14.5,Low Risk
CUST101267,Yes Bank,Mass Retail,1,7,28400,50000,17,149,417000,930000,34.1,Low Risk
CUST101268,Canara Bank,Affluent,5,21,56700,150000,89,430,955000,3750000,27.5,Low Risk
CUST101269,Indian Bank,Affluent,7,16,111500,200000,138,394,1660000,4370000,43.7,Low-Medium Risk
CUST101270,Indian Bank,Mass Retail,0,6,2300,40000,10,140,50000,920000,4.6,Low Risk
CUST101271,Kotak Mahindra Bank,Premium,10,27,126000,300000,156,601,2172000,6250000,35.4,Low Risk
CUST101272,Axis Bank,Business,7,58,29100,1000000,96,1190,433000,21830000,5.8,Low Risk
CUST101273,Federal Bank,Premium,8,24,167000,1000000,162,512,3388000,24600000,23.0,Low Risk
CUST101274,Axis Bank,Mass Retail,1,10,38700,100000,24,257,564000,1920000,23.2,Low Risk
CUST101275,Punjab National Bank,Affluent,2,19,30400,300000,53,430,577000,6010000,10.7,Low Risk
CUST101276,Canara Bank,Mass Retail,4,12,9000,75000,65,262,149000,1430000,18.9,Low Risk
CUST101277,ICICI Bank,Mass Retail,2,11,26400,75000,36,249,526000,1770000,25.2,Low Risk
CUST101278,Kotak Mahindra Bank,SME,27,42,37200,200000,503,1027,576000,3690000,34.7,Low Risk
CUST101279,IndusInd Bank,Mass Retail,1,11,900,25000,22,235,15000,460000,5.9,Low Risk
CUST101280,Bank of India,Affluent,5,19,91600,300000,96,385,1524000,6030000,26.9,Low Risk
CUST101281,Indian Bank,Affluent,17,16,133500,200000,484,370,4308000,4320000,98.9,High Risk
CUST101282,Federal Bank,Premium,3,27,397200,1000000,68,639,7672000,20840000,26.4,Low Risk
CUST101283,IndusInd Bank,Affluent,2,18,132200,400000,46,432,1670000,7330000,20.5,Low Risk
CUST101284,Indian Bank,Mass Retail,7,13,32100,100000,174,327,717000,2470000,40.6,Low-Medium Risk
CUST101285,Indian Bank,Mass Retail,2,13,21300,40000,42,281,536000,990000,36.6,Low Risk
CUST101286,Punjab National Bank,Affluent,5,13,8600,100000,68,254,142000,2000000,18.8,Low Risk
CUST101287,Bank of India,Mass Retail,1,6,18200,50000,15,154,383000,1160000,25.3,Low Risk
CUST101288,State Bank of India,Mass Retail,2,8,2100,50000,39,176,39000,1100000,12.6,Low Risk
CUST101289,ICICI Bank,Mass Retail,2,8,34000,100000,43,187,579000,1970000,28.2,Low Risk
CUST101290,Punjab National Bank,Mass Retail,1,10,4800,25000,14,237,79000,500000,13.3,Low Risk
CUST101291,Bank of Baroda,Mass Retail,2,7,9200,40000,55,160,185000,860000,26.5,Low Risk
CUST101292,HDFC Bank,Mass Retail,11,9,98100,100000,217,184,2755000,2090000,117.2,High Risk
CUST101293,Bank of Baroda,Affluent,6,14,40700,300000,163,340,633000,6010000,27.0,Low Risk
CUST101294,Punjab National Bank,Premium,6,29,76500,750000,134,714,1536000,17740000,14.1,Low Risk
CUST101295,IndusInd Bank,Business,20,81,452600,2500000,432,1853,9794000,53430000,20.6,Low Risk
CUST101296,Punjab National Bank,Mass Retail,12,12,36500,40000,232,269,791000,900000,91.0,High Risk
CUST101297,Union Bank of India,Mass Retail,10,11,46100,40000,246,218,1020000,770000,114.0,High Risk
CUST101298,State Bank of India,Mass Retail,2,13,8400,40000,41,255,158000,870000,17.7,Low Risk
CUST101299,ICICI Bank,Affluent,4,14,5100,100000,67,299,105000,2020000,14.0,Low Risk
CUST101300,Union Bank of India,Premium,12,27,33500,300000,234,572,484000,6510000,23.7,Low Risk
CUST101301,Federal Bank,Mass Retail,1,7,14900,40000,41,180,271000,940000,26.6,Low Risk
CUST101302,Axis Bank,SME,4,26,106600,200000,80,637,1696000,4680000,31.1,Low Risk
CUST101303,IndusInd Bank,Mass Retail,2,11,18700,75000,37,260,344000,1540000,20.2,Low Risk
CUST101304,ICICI Bank,Affluent,4,20,42600,150000,105,452,988000,3430000,25.4,Low Risk
CUST101305,IndusInd Bank,Premium,17,33,44500,300000,333,666,996000,7380000,30.3,Low Risk
CUST101306,IndusInd Bank,Business,5,40,105300,500000,121,1034,1763000,11190000,15.6,Low Risk
CUST101307,Bank of India,Premium,11,23,45900,300000,185,497,702000,5710000,26.3,Low Risk
CUST101308,Canara Bank,Business,26,58,358200,2500000,432,1145,8192000,56890000,26.1,Low Risk
CUST101309,Bank of Baroda,Mass Retail,0,9,21500,100000,5,202,411000,1870000,12.8,Low Risk
CUST101310,State Bank of India,Business,5,43,41600,500000,100,1080,860000,12050000,8.8,Low Risk
CUST101311,Bank of Baroda,Mass Retail,2,6,8900,40000,47,151,184000,860000,26.1,Low Risk
CUST101312,IndusInd Bank,Business,3,51,191200,1000000,59,973,2958000,20700000,11.9,Low Risk
CUST101313,IDFC First Bank,Affluent,4,18,17500,100000,81,454,292000,1840000,18.3,Low Risk
CUST101314,Union Bank of India,Business,1,45,156100,1500000,26,941,2167000,31000000,5.9,Low Risk
CUST101315,Union Bank of India,Affluent,10,18,548300,400000,202,347,14030000,9730000,103.8,High Risk
CUST101316,Indian Bank,Affluent,8,12,196200,200000,226,299,4480000,3630000,93.3,High Risk
CUST101317,Punjab National Bank,Affluent,3,16,51700,200000,79,401,814000,4260000,21.2,Low Risk
CUST101318,Bank of India,Premium,22,25,250100,300000,527,579,5772000,7360000,84.5,Medium Risk
CUST101319,State Bank of India,Mass Retail,0,10,7400,25000,7,230,138000,520000,16.6,Low Risk
CUST101320,Kotak Mahindra Bank,Mass Retail,12,13,31300,40000,401,321,841000,840000,97.6,High Risk
CUST101321,IDFC First Bank,Mass Retail,12,11,59900,100000,325,270,1472000,2200000,85.9,Medium Risk
CUST101322,IndusInd Bank,Mass Retail,1,10,6000,25000,19,252,105000,530000,16.3,Low Risk
CUST101323,Punjab National Bank,Business,12,41,69200,2500000,228,938,947000,47950000,13.1,Low Risk
CUST101324,Bank of India,Mass Retail,4,9,900,40000,81,232,16000,730000,18.5,Low Risk
CUST101325,Yes Bank,SME,33,35,140400,200000,1176,909,3884000,4450000,93.0,High Risk
CUST101326,Yes Bank,Mass Retail,2,7,22400,75000,40,139,526000,1830000,29.3,Low Risk
CUST101327,Kotak Mahindra Bank,Mass Retail,3,10,28600,75000,66,249,360000,1410000,30.5,Low Risk
CUST101328,Bank of India,Premium,15,32,58700,300000,352,720,961000,5840000,31.2,Low Risk
CUST101329,Axis Bank,Premium,37,32,493400,500000,724,695,13885000,10300000,113.9,High Risk
CUST101330,IndusInd Bank,Affluent,7,19,141900,150000,296,443,4442000,3550000,84.5,Medium Risk
CUST101331,Canara Bank,Affluent,4,12,25300,150000,78,233,331000,2980000,22.4,Low Risk
CUST101332,Kotak Mahindra Bank,Premium,0,22,131400,300000,6,496,3304000,7250000,25.4,Low Risk
CUST101333,Union Bank of India,Mass Retail,8,9,28900,50000,264,226,667000,920000,81.7,Medium Risk
CUST101334,Punjab National Bank,SME,45,49,188300,750000,1128,1004,3940000,18440000,57.8,Low-Medium Risk
CUST101335,Federal Bank,SME,6,53,205800,400000,104,1165,4255000,8770000,32.4,Low Risk
CUST101336,HDFC Bank,Premium,3,20,292400,500000,63,512,5837000,11310000,36.7,Low Risk
CUST101337,Punjab National Bank,Mass Retail,1,10,8500,25000,11,220,153000,510000,21.2,Low Risk
CUST101338,Federal Bank,Premium,3,31,227000,750000,75,667,3748000,17610000,18.9,Low Risk
CUST101339,Kotak Mahindra Bank,Mass Retail,3,12,16100,50000,52,265,285000,960000,27.3,Low Risk
CUST101340,Axis Bank,Mass Retail,2,6,43600,100000,38,136,561000,1830000,34.4,Low Risk
CUST101341,Federal Bank,Mass Retail,1,6,6300,40000,21,141,124000,830000,15.7,Low Risk
CUST101342,Yes Bank,Affluent,7,17,31400,100000,123,418,625000,2400000,31.4,Low Risk
CUST101343,Federal Bank,Business,18,62,676000,2500000,403,1374,10800000,58210000,25.6,Low Risk
CUST101344,IndusInd Bank,Premium,3,28,173400,750000,79,692,3781000,16220000,17.7,Low Risk
CUST101345,State Bank of India,Premium,22,28,101900,500000,662,637,1886000,11000000,50.6,Low-Medium Risk
CUST101346,Federal Bank,Affluent,10,18,157000,150000,316,385,3939000,2840000,98.7,High Risk
CUST101347,Axis Bank,Mass Retail,1,12,6600,25000,14,283,125000,600000,16.0,Low Risk
CUST101348,IndusInd Bank,Mass Retail,8,9,86000,100000,278,216,2334000,2350000,99.8,High Risk
CUST101349,IndusInd Bank,SME,7,41,97500,200000,128,939,1651000,4520000,30.9,Low Risk
CUST101350,Union Bank of India,Mass Retail,9,8,61000,75000,142,155,1707000,1590000,97.5,High Risk
CUST101351,State Bank of India,Business,16,45,2087400,5000000,258,909,44786000,123760000,35.9,Low Risk
CUST101352,Bank of Baroda,Affluent,2,13,31900,100000,29,273,604000,2420000,21.7,Low Risk
CUST101353,State Bank of India,Affluent,5,21,22800,300000,82,441,348000,6750000,13.1,Low Risk
CUST101354,Punjab National Bank,Premium,1,23,56200,300000,18,545,885000,6180000,10.8,Low Risk
CUST101355,Punjab National Bank,Affluent,11,19,78100,150000,220,363,1383000,3350000,52.2,Low-Medium Risk
CUST101356,State Bank of India,Business,25,75,2199700,5000000,422,1822,47350000,110140000,36.7,Low Risk
CUST101357,IndusInd Bank,Business,8,67,388500,2500000,176,1397,7502000,51900000,13.9,Low Risk
CUST101358,Indian Bank,Affluent,19,17,96700,300000,404,360,2089000,6040000,68.0,Medium Risk
CUST101359,State Bank of India,Mass Retail,2,13,11900,50000,52,295,221000,1040000,19.9,Low Risk
CUST101360,Union Bank of India,Affluent,3,19,17200,150000,48,390,321000,3300000,12.0,Low Risk
CUST101361,Bank of India,Business,10,76,1150900,5000000,173,1915,25028000,104980000,18.0,Low Risk
CUST101362,ICICI Bank,Mass Retail,13,12,31200,40000,282,235,789000,790000,100.0,High Risk
CUST101363,Union Bank of India,Affluent,8,21,34800,150000,168,464,555000,3500000,27.2,Low Risk
CUST101364,IndusInd Bank,Affluent,3,18,23300,150000,81,449,438000,3260000,15.8,Low Risk
CUST101365,Union Bank of India,Premium,11,20,321800,750000,190,466,3963000,13860000,41.3,Low-Medium Risk
CUST101366,Punjab National Bank,Mass Retail,3,10,5300,25000,65,210,96000,510000,24.6,Low Risk
CUST101367,Bank of Baroda,Premium,10,34,60600,1000000,153,746,1488000,24190000,14.4,Low Risk
CUST101368,Bank of India,Business,5,59,423600,1000000,88,1413,6609000,23290000,22.7,Low Risk
CUST101369,HDFC Bank,Mass Retail,4,12,3000,25000,106,310,62000,510000,21.5,Low Risk
CUST101370,Indian Bank,Mass Retail,0,7,26700,75000,12,177,557000,1840000,20.0,Low Risk
CUST101371,Bank of Baroda,SME,10,38,77600,1500000,155,813,955000,27800000,12.1,Low Risk
CUST101372,ICICI Bank,Mass Retail,3,6,1900,40000,65,156,40000,990000,22.8,Low Risk
CUST101373,State Bank of India,Business,38,78,1067900,5000000,677,1484,16693000,98600000,31.5,Low Risk
CUST101374,Punjab National Bank,Affluent,8,21,404300,300000,231,403,5992000,5420000,89.8,Medium Risk
CUST101375,ICICI Bank,Mass Retail,2,6,9000,100000,44,149,193000,2100000,18.9,Low Risk
CUST101376,IndusInd Bank,Business,34,40,4338700,5000000,827,816,71024000,102560000,84.6,Medium Risk
CUST101377,IDFC First Bank,Affluent,4,12,103400,300000,70,233,2034000,6530000,32.1,Low Risk
CUST101378,Punjab National Bank,Affluent,4,18,113900,400000,84,372,1889000,9430000,23.3,Low Risk
CUST101379,Canara Bank,Mass Retail,8,8,19800,25000,192,176,642000,600000,98.1,High Risk
CUST101380,Bank of India,Affluent,2,12,29900,150000,33,289,612000,3120000,17.4,Low Risk
CUST101381,Kotak Mahindra Bank,Mass Retail,1,10,3000,50000,17,234,43000,1050000,6.5,Low Risk
CUST101382,Union Bank of India,Mass Retail,1,9,10600,40000,26,186,147000,760000,18.1,Low Risk
CUST101383,IDFC First Bank,SME,12,27,1500,200000,293,608,28000,3670000,20.8,Low Risk
CUST101384,State Bank of India,Mass Retail,9,8,14500,25000,229,204,388000,560000,84.8,Medium Risk
CUST101385,IDFC First Bank,Premium,14,34,22800,300000,268,840,431000,5540000,20.5,Low Risk
CUST101386,Indian Bank,Mass Retail,1,7,21300,100000,9,149,511000,2310000,16.4,Low Risk
CUST101387,Federal Bank,Premium,16,32,250800,750000,381,828,4588000,16330000,38.2,Low Risk
CUST101388,Bank of Baroda,Mass Retail,7,7,118100,100000,215,168,2552000,1940000,120.2,High Risk
CUST101389,Federal Bank,SME,29,30,313600,400000,564,583,5756000,8710000,83.0,Medium Risk
CUST101390,Federal Bank,Affluent,2,12,84300,200000,26,231,1376000,3860000,28.0,Low Risk
CUST101391,Union Bank of India,Mass Retail,1,9,900,25000,16,182,19000,530000,6.6,Low Risk
CUST101392,Bank of India,Mass Retail,1,7,12700,100000,13,169,298000,2360000,12.1,Low Risk
CUST101393,Union Bank of India,Mass Retail,1,6,26000,75000,15,122,367000,1590000,22.6,Low Risk
CUST101394,Punjab National Bank,Affluent,15,15,140700,150000,426,339,1764000,2860000,93.4,High Risk
CUST101395,State Bank of India,Mass Retail,7,6,43300,50000,126,118,941000,1150000,96.6,High Risk
CUST101396,Union Bank of India,Business,21,48,737400,2500000,418,1221,11022000,48270000,31.7,Low Risk
CUST101397,Punjab National Bank,Affluent,8,21,36500,150000,133,450,755000,3480000,27.8,Low Risk
CUST101398,State Bank of India,Mass Retail,7,8,32100,40000,264,203,833000,850000,97.8,High Risk
CUST101399,Yes Bank,Affluent,5,17,52000,150000,119,435,1058000,3180000,31.4,Low Risk
CUST101400,Bank of India,Premium,2,21,144200,500000,32,400,3623000,11980000,20.5,Low Risk
CUST101401,Federal Bank,Mass Retail,2,7,7500,40000,33,156,139000,920000,20.5,Low Risk
CUST101402,HDFC Bank,Mass Retail,12,13,50900,75000,307,249,1084000,1370000,88.5,Medium Risk
CUST101403,Union Bank of India,Mass Retail,1,6,27600,100000,15,152,545000,2010000,21.3,Low Risk
CUST101404,Axis Bank,Premium,0,27,125400,1000000,12,611,2260000,24100000,6.6,Low Risk
CUST101405,Punjab National Bank,Premium,6,21,102000,300000,108,410,1559000,5440000,29.7,Low Risk
CUST101406,Yes Bank,Affluent,0,16,84300,300000,6,316,1389000,6550000,14.2,Low Risk
CUST101407,IDFC First Bank,Business,13,47,337600,1000000,239,1019,8181000,23090000,30.5,Low Risk
CUST101408,Kotak Mahindra Bank,Business,21,85,1645700,5000000,389,2174,32227000,111760000,26.8,Low Risk
CUST101409,Yes Bank,Affluent,14,13,156400,200000,309,310,2945000,4660000,85.2,Medium Risk
CUST101410,IndusInd Bank,Business,95,86,50800,1500000,2168,2156,1074000,34620000,48.1,Low-Medium Risk
CUST101411,HDFC Bank,Mass Retail,0,8,39900,100000,6,173,944000,2280000,23.3,Low Risk
CUST101412,Union Bank of India,Mass Retail,4,8,3700,75000,60,154,84000,1780000,22.4,Low Risk
CUST101413,State Bank of India,Mass Retail,6,9,24500,100000,145,232,497000,2250000,41.3,Low-Medium Risk
CUST101414,Federal Bank,Mass Retail,3,7,8300,25000,41,134,123000,520000,32.2,Low Risk
CUST101415,Bank of India,Affluent,4,13,64200,150000,110,333,992000,3200000,34.8,Low Risk
CUST101416,Indian Bank,SME,8,26,36500,400000,153,561,685000,9210000,17.2,Low Risk
CUST101417,Indian Bank,Mass Retail,4,11,7800,25000,74,210,179000,600000,32.7,Low Risk
CUST101418,Federal Bank,Mass Retail,1,11,12700,50000,25,262,198000,1000000,16.8,Low Risk
CUST101419,HDFC Bank,Affluent,2,21,77100,300000,61,543,1123000,6120000,16.9,Low Risk
CUST101420,Bank of Baroda,SME,28,53,235900,200000,824,1365,7147000,4900000,98.8,High Risk
CUST101421,Axis Bank,Mass Retail,2,11,31500,75000,36,221,507000,1650000,27.9,Low Risk
CUST101422,ICICI Bank,Affluent,8,21,102800,100000,258,426,2374000,1930000,85.1,Medium Risk
CUST101423,Federal Bank,Mass Retail,8,8,131300,100000,221,184,3061000,2260000,122.9,High Risk
CUST101424,IDFC First Bank,Mass Retail,2,8,1400,25000,34,188,27000,620000,12.3,Low Risk
CUST101425,Kotak Mahindra Bank,SME,14,30,278300,750000,304,725,6493000,17820000,40.0,Low-Medium Risk
CUST101426,ICICI Bank,SME,65,53,552100,750000,1187,1074,14825000,17420000,96.0,High Risk
CUST101427,IndusInd Bank,Mass Retail,2,13,6300,25000,52,334,112000,490000,20.3,Low Risk
CUST101428,Axis Bank,SME,1,32,13100,750000,30,751,206000,18100000,2.4,Low Risk
CUST101429,Kotak Mahindra Bank,Affluent,21,18,131100,150000,586,449,2969000,3250000,104.4,High Risk
CUST101430,Bank of India,Business,8,61,91300,500000,188,1390,1518000,12110000,14.6,Low Risk
CUST101431,Bank of Baroda,Affluent,5,14,3600,150000,85,307,61000,3050000,15.2,Low Risk
CUST101432,Bank of India,Affluent,8,21,2200,100000,152,543,40000,1840000,15.6,Low Risk
CUST101433,Federal Bank,Affluent,2,15,107900,400000,29,346,2327000,8530000,19.7,Low Risk
CUST101434,ICICI Bank,Premium,15,28,70400,500000,407,702,915000,9940000,31.1,Low Risk
CUST101435,IDFC First Bank,Mass Retail,1,7,6300,25000,32,180,108000,580000,19.4,Low Risk
CUST101436,Kotak Mahindra Bank,Mass Retail,1,9,22300,100000,18,214,490000,2470000,15.9,Low Risk
CUST101437,Bank of India,Mass Retail,1,8,1500,25000,16,183,26000,570000,7.7,Low Risk
CUST101438,Indian Bank,Premium,10,32,213900,750000,194,609,4336000,18160000,28.7,Low Risk
CUST101439,Union Bank of India,Mass Retail,0,10,13400,40000,10,193,205000,850000,17.3,Low Risk
CUST101440,Axis Bank,Premium,4,27,77500,750000,89,551,1601000,17550000,12.1,Low Risk
CUST101441,State Bank of India,SME,5,33,156300,1500000,105,670,2646000,35850000,11.6,Low Risk
CUST101442,IDFC First Bank,Mass Retail,3,7,7400,40000,48,145,121000,920000,25.4,Low Risk
CUST101443,HDFC Bank,Premium,10,31,157200,300000,166,655,2879000,6470000,39.4,Low Risk
CUST101444,Federal Bank,Affluent,7,20,22100,100000,120,430,449000,2240000,25.6,Low Risk
CUST101445,Yes Bank,Business,21,80,181700,1000000,493,1756,4241000,22900000,22.2,Low Risk
CUST101446,IndusInd Bank,Mass Retail,4,12,18100,75000,69,236,347000,1480000,26.8,Low Risk
CUST101447,Union Bank of India,Premium,12,22,164000,500000,222,425,3126000,11830000,40.1,Low-Medium Risk
CUST101448,HDFC Bank,Business,8,49,630300,1500000,196,1162,11961000,36980000,28.0,Low Risk
CUST101449,Union Bank of India,SME,35,38,231200,400000,1002,865,5489000,8500000,80.2,Medium Risk
CUST101450,Yes Bank,Premium,5,31,145300,300000,84,685,2918000,6870000,31.4,Low Risk
CUST101451,HDFC Bank,Affluent,1,12,82400,200000,27,281,1392000,4630000,23.8,Low Risk
CUST101452,Yes Bank,Affluent,10,13,88000,200000,368,322,2139000,4530000,67.5,Medium Risk
CUST101453,Axis Bank,Business,49,80,1759700,1500000,1197,1760,36135000,32740000,91.9,High Risk
CUST101454,Yes Bank,Affluent,5,13,32000,300000,92,305,521000,7250000,20.0,Low Risk
CUST101455,HDFC Bank,Mass Retail,0,12,7700,40000,10,308,128000,850000,10.2,Low Risk
CUST101456,HDFC Bank,SME,43,41,309100,400000,1063,1020,5559000,7370000,88.5,Medium Risk
CUST101457,State Bank of India,Premium,5,34,44100,500000,95,747,1025000,11960000,11.2,Low Risk
CUST101458,Yes Bank,Premium,6,27,170300,500000,144,635,2717000,11360000,26.1,Low Risk
CUST101459,State Bank of India,Mass Retail,1,7,1800,40000,25,142,44000,960000,9.6,Low Risk
CUST101460,Bank of India,Premium,12,33,87600,300000,275,756,1286000,5690000,30.4,Low Risk
CUST101461,Union Bank of India,Mass Retail,4,12,23600,100000,102,310,408000,1820000,27.4,Low Risk
CUST101462,IndusInd Bank,Premium,10,22,1064000,1000000,371,498,23695000,24540000,83.0,Medium Risk
CUST101463,IDFC First Bank,Mass Retail,1,9,25700,50000,30,229,382000,950000,30.8,Low Risk
CUST101464,Axis Bank,Premium,4,22,307300,1000000,66,481,7542000,23670000,24.7,Low Risk
CUST101465,Federal Bank,SME,12,46,49900,200000,296,1196,1211000,4750000,25.2,Low Risk
CUST101466,Bank of Baroda,Mass Retail,3,9,11400,25000,52,207,259000,570000,38.2,Low Risk
CUST101467,Union Bank of India,SME,11,38,172800,750000,199,733,2270000,14190000,23.2,Low Risk
CUST101468,IndusInd Bank,Mass Retail,1,6,17200,100000,21,139,355000,2270000,16.3,Low Risk
CUST101469,Axis Bank,Business,58,51,89200,5000000,926,1067,2217000,121120000,45.3,Low-Medium Risk
CUST101470,Bank of Baroda,Premium,15,30,436900,1000000,292,577,9314000,20980000,46.9,Low-Medium Risk
CUST101471,Kotak Mahindra Bank,Affluent,1,14,139100,400000,31,346,2481000,8360000,21.7,Low Risk
CUST101472,Axis Bank,Premium,1,34,284300,500000,32,712,4211000,10550000,28.7,Low Risk
CUST101473,ICICI Bank,Business,14,50,805000,2500000,313,1229,14589000,46440000,29.3,Low Risk
CUST101474,Bank of Baroda,Mass Retail,2,13,1400,75000,41,273,34000,1820000,7.7,Low Risk
CUST101475,Federal Bank,Mass Retail,3,8,29200,75000,74,163,639000,1810000,39.0,Low Risk
CUST101476,Canara Bank,Premium,3,27,92400,500000,59,697,1541000,12490000,12.6,Low Risk
CUST101477,Punjab National Bank,Business,33,86,347100,2500000,784,1852,7982000,55240000,25.4,Low Risk
CUST101478,Yes Bank,Premium,5,30,204600,300000,103,696,4869000,6980000,45.7,Low-Medium Risk
CUST101479,HDFC Bank,Premium,8,23,127100,1000000,140,535,2192000,19420000,20.1,Low Risk
CUST101480,Punjab National Bank,Affluent,2,15,77300,200000,46,344,1258000,4530000,24.5,Low Risk
CUST101481,Axis Bank,Business,48,52,196100,5000000,1438,1321,4591000,112740000,46.5,Low-Medium Risk
CUST101482,HDFC Bank,Mass Retail,2,6,45900,75000,46,142,1149000,1820000,49.0,Low-Medium Risk
CUST101483,State Bank of India,Affluent,1,20,30500,400000,23,437,495000,9530000,5.8,Low Risk
CUST101484,Yes Bank,Mass Retail,2,13,800,40000,35,325,17000,980000,6.8,Low Risk
CUST101485,ICICI Bank,Mass Retail,2,11,13200,40000,24,223,297000,960000,24.3,Low Risk
CUST101486,Punjab National Bank,Mass Retail,2,10,8700,75000,52,228,173000,1810000,15.6,Low Risk
CUST101487,Kotak Mahindra Bank,Mass Retail,4,7,18400,50000,92,180,306000,920000,43.4,Low-Medium Risk
CUST101488,Kotak Mahindra Bank,Premium,1,27,365700,750000,22,631,8884000,17940000,29.3,Low Risk
CUST101489,Indian Bank,Mass Retail,2,6,43100,100000,47,148,733000,2230000,35.6,Low Risk
CUST101490,HDFC Bank,Affluent,9,21,74800,300000,162,495,1031000,6200000,28.5,Low Risk
CUST101491,Bank of Baroda,Mass Retail,2,10,5500,40000,33,249,70000,740000,13.7,Low Risk
CUST101492,IDFC First Bank,Mass Retail,2,7,20400,100000,41,179,311000,2270000,21.0,Low Risk
CUST101493,ICICI Bank,Mass Retail,3,7,4800,25000,69,146,87000,510000,29.9,Low Risk
CUST101494,Bank of Baroda,Mass Retail,5,6,57200,100000,124,121,2266000,2130000,86.3,Medium Risk
CUST101495,Union Bank of India,Affluent,8,15,119000,100000,227,336,2583000,2280000,91.6,High Risk
CUST101496,Canara Bank,Premium,5,20,328500,1000000,95,478,5800000,24380000,25.9,Low Risk
CUST101497,Canara Bank,Affluent,1,13,14700,100000,25,268,325000,2380000,11.9,Low Risk
CUST101498,IDFC First Bank,Affluent,7,19,62700,300000,97,362,920000,6350000,23.9,Low Risk
CUST101499,Bank of India,Mass Retail,3,8,4500,100000,60,171,96000,2070000,18.6,Low Risk
CUST101500,HDFC Bank,Business,13,51,1229400,2500000,364,1315,24004000,49200000,39.1,Low Risk
CUST101501,Canara Bank,Affluent,16,16,70400,100000,471,382,1322000,2060000,86.6,Medium Risk
CUST101502,Punjab National Bank,Affluent,4,12,48900,200000,84,262,653000,3760000,25.8,Low Risk
CUST101503,State Bank of India,Mass Retail,2,11,11100,25000,28,224,179000,620000,27.0,Low Risk
CUST101504,Union Bank of India,Mass Retail,1,11,6000,50000,23,236,122000,1100000,10.6,Low Risk
CUST101505,State Bank of India,Mass Retail,4,9,7300,40000,63,182,99000,760000,26.1,Low Risk
CUST101506,IndusInd Bank,Mass Retail,10,12,51000,75000,271,237,971000,1540000,80.0,Medium Risk
CUST101507,IndusInd Bank,Affluent,7,18,29800,100000,172,456,423000,2180000,30.7,Low Risk
CUST101508,IndusInd Bank,Affluent,9,18,22300,300000,187,468,488000,6520000,23.7,Low Risk
CUST101509,IDFC First Bank,Affluent,5,21,44100,100000,76,423,681000,1820000,31.9,Low Risk
CUST101510,Bank of India,Premium,5,25,143100,1000000,114,485,3663000,24660000,17.8,Low Risk
CUST101511,IndusInd Bank,Business,8,50,43100,5000000,158,1065,881000,99640000,7.4,Low Risk
CUST101512,State Bank of India,Premium,2,34,69700,500000,28,756,1145000,9060000,9.8,Low Risk
CUST101513,Indian Bank,SME,8,49,543900,1500000,141,1001,9302000,27800000,25.9,Low Risk
CUST101514,Punjab National Bank,Mass Retail,1,11,4700,25000,22,232,96000,550000,14.0,Low Risk
CUST101515,HDFC Bank,Mass Retail,5,8,9600,40000,78,163,159000,760000,36.8,Low Risk
CUST101516,State Bank of India,Mass Retail,2,11,1600,75000,40,269,19000,1370000,8.1,Low Risk
CUST101517,Punjab National Bank,Affluent,1,12,13800,100000,14,288,284000,2070000,10.7,Low Risk
CUST101518,Union Bank of India,Business,12,85,244100,500000,291,1993,5526000,11180000,33.8,Low Risk
CUST101519,ICICI Bank,Mass Retail,9,7,18000,25000,205,152,351000,470000,99.2,High Risk
CUST101520,Indian Bank,SME,40,47,171400,200000,1169,1192,2530000,4040000,82.0,Medium Risk
CUST101521,IndusInd Bank,Mass Retail,3,12,45500,100000,82,309,826000,2090000,35.5,Low Risk
CUST101522,Axis Bank,SME,12,49,132500,1500000,231,991,2602000,28670000,15.4,Low Risk
CUST101523,Indian Bank,Mass Retail,1,13,59300,100000,22,267,1013000,2150000,33.2,Low Risk
CUST101524,Yes Bank,Mass Retail,3,9,11200,100000,82,204,173000,1860000,21.7,Low Risk
CUST101525,Bank of Baroda,Affluent,12,12,45400,200000,203,236,1252000,3670000,56.9,Low-Medium Risk
CUST101526,Punjab National Bank,Mass Retail,12,11,66000,75000,271,243,1184000,1620000,93.7,High Risk
CUST101527,Axis Bank,Mass Retail,3,7,23000,25000,122,162,622000,490000,87.3,Medium Risk
CUST101528,IndusInd Bank,Mass Retail,3,7,4700,50000,57,159,59000,930000,21.6,Low Risk
CUST101529,Bank of India,Business,8,49,133000,500000,171,1045,2871000,10480000,22.2,Low Risk
CUST101530,Bank of India,Affluent,3,18,36900,100000,43,410,663000,2440000,23.9,Low Risk
CUST101531,State Bank of India,Mass Retail,1,8,2900,25000,15,206,50000,580000,10.1,Low Risk
CUST101532,Bank of Baroda,Affluent,2,12,82600,400000,30,245,1534000,9480000,16.7,Low Risk
CUST101533,Union Bank of India,Premium,6,26,183700,750000,118,613,4130000,18080000,22.4,Low Risk
CUST101534,Federal Bank,Mass Retail,1,6,11200,100000,13,116,251000,2480000,12.0,Low Risk
CUST101535,ICICI Bank,Mass Retail,2,12,2100,50000,35,234,45000,1170000,9.3,Low Risk
CUST101536,Yes Bank,Mass Retail,4,12,6700,100000,74,274,143000,2230000,16.8,Low Risk
CUST101537,Kotak Mahindra Bank,Mass Retail,2,12,6300,75000,38,237,132000,1540000,12.0,Low Risk
CUST101538,Union Bank of India,Premium,5,33,391200,1000000,98,632,5822000,19270000,26.1,Low Risk
CUST101539,Axis Bank,Mass Retail,2,10,13600,50000,28,202,298000,1140000,22.3,Low Risk
CUST101540,ICICI Bank,Affluent,2,20,63900,150000,37,459,1578000,3740000,27.8,Low Risk
CUST101541,Bank of Baroda,Premium,8,28,540200,750000,134,670,9429000,15950000,47.5,Low-Medium Risk
CUST101542,Indian Bank,Mass Retail,6,7,34900,40000,173,143,817000,920000,94.8,High Risk
CUST101543,Kotak Mahindra Bank,Affluent,18,18,188200,200000,437,426,4609000,4290000,100.9,High Risk
CUST101544,HDFC Bank,Mass Retail,3,10,4400,25000,37,203,68000,530000,19.2,Low Risk
CUST101545,Kotak Mahindra Bank,SME,2,37,354100,1500000,40,862,4953000,31310000,13.4,Low Risk
CUST101546,IndusInd Bank,Affluent,1,14,20300,300000,12,306,450000,6460000,6.3,Low Risk
CUST101547,State Bank of India,Business,72,56,3147000,2500000,1424,1320,56493000,51420000,118.2,High Risk
CUST101548,IndusInd Bank,Affluent,3,12,23400,150000,80,312,533000,3490000,19.9,Low Risk
CUST101549,Yes Bank,Mass Retail,3,12,5100,50000,61,307,83000,1210000,14.7,Low Risk
CUST101550,IndusInd Bank,Affluent,23,20,242200,400000,366,381,6758000,9670000,83.1,Medium Risk
CUST101551,Union Bank of India,SME,1,32,168100,750000,27,806,3398000,14700000,13.9,Low Risk
CUST101552,Bank of Baroda,Affluent,12,15,86500,100000,376,292,2187000,2430000,95.3,High Risk
CUST101553,ICICI Bank,Business,17,63,273100,2500000,344,1617,5694000,50980000,16.7,Low Risk
CUST101554,Federal Bank,Business,11,80,251700,1000000,256,1678,4641000,20170000,19.8,Low Risk
CUST101555,ICICI Bank,Mass Retail,2,9,27400,75000,30,195,579000,1730000,27.7,Low Risk
CUST101556,Union Bank of India,Mass Retail,12,11,22200,25000,188,216,503000,500000,96.3,High Risk
CUST101557,HDFC Bank,Affluent,15,13,45900,300000,256,257,1195000,5510000,57.7,Low-Medium Risk
CUST101558,IDFC First Bank,Mass Retail,2,13,28800,100000,44,313,525000,2060000,21.5,Low Risk
CUST101559,ICICI Bank,Business,9,59,21000,500000,210,1511,380000,11530000,8.3,Low Risk
CUST101560,State Bank of India,Business,7,51,3244000,5000000,119,1187,58527000,101440000,39.7,Low Risk
CUST101561,Federal Bank,Mass Retail,7,6,62700,50000,191,144,1320000,1120000,123.0,High Risk
CUST101562,IndusInd Bank,Mass Retail,4,13,13300,25000,86,316,283000,570000,41.6,Low-Medium Risk
CUST101563,State Bank of India,Premium,36,33,343400,500000,874,688,7550000,11570000,89.4,Medium Risk
CUST101564,Indian Bank,Mass Retail,0,11,3200,25000,4,212,57000,610000,6.6,Low Risk
CUST101565,Federal Bank,Business,20,74,294500,2500000,394,1407,5300000,52570000,18.3,Low Risk
CUST101566,IDFC First Bank,Affluent,5,12,48400,100000,90,257,808000,1920000,42.1,Low-Medium Risk
CUST101567,Union Bank of India,Premium,4,20,99600,300000,65,414,1753000,6070000,25.3,Low Risk
CUST101568,Punjab National Bank,Mass Retail,7,8,81900,100000,189,155,2059000,2100000,96.6,High Risk
CUST101569,State Bank of India,Affluent,3,16,30600,100000,69,324,697000,2300000,25.9,Low Risk
CUST101570,Bank of India,Affluent,1,14,58500,200000,21,278,797000,3620000,17.6,Low Risk
CUST101571,ICICI Bank,Affluent,4,18,51900,100000,114,457,691000,2020000,34.4,Low Risk
CUST101572,Indian Bank,Mass Retail,4,11,23500,40000,79,220,419000,940000,45.0,Low-Medium Risk
CUST101573,Canara Bank,Premium,10,20,457400,500000,271,455,13317000,11350000,82.4,Medium Risk
CUST101574,Canara Bank,Business,2,53,84600,500000,36,1227,1714000,11560000,10.5,Low Risk
CUST101575,Axis Bank,Mass Retail,8,7,31600,40000,152,160,976000,950000,96.9,High Risk
CUST101576,Axis Bank,Mass Retail,0,6,2800,40000,7,118,49000,940000,4.7,Low Risk
CUST101577,Kotak Mahindra Bank,Mass Retail,13,12,49300,75000,329,255,1787000,1710000,100.0,High Risk
CUST101578,Federal Bank,Affluent,8,19,244500,200000,294,368,5189000,4220000,95.4,High Risk
CUST101579,Kotak Mahindra Bank,Affluent,6,19,29400,150000,99,414,585000,3730000,22.4,Low Risk
CUST101580,State Bank of India,Affluent,14,13,178300,200000,284,264,3741000,4400000,96.2,High Risk
CUST101581,HDFC Bank,Mass Retail,2,7,8300,50000,35,161,127000,970000,19.6,Low Risk
CUST101582,Punjab National Bank,Mass Retail,4,12,11100,25000,85,286,149000,500000,34.6,Low Risk
CUST101583,Indian Bank,Affluent,3,19,60700,300000,62,432,1241000,6860000,17.2,Low Risk
CUST101584,Canara Bank,Affluent,2,18,180800,300000,31,397,3446000,7340000,34.1,Low Risk
CUST101585,ICICI Bank,SME,13,38,308800,750000,220,825,3932000,14440000,32.5,Low Risk
CUST101586,Union Bank of India,Mass Retail,3,10,5300,40000,59,249,103000,740000,19.4,Low Risk
CUST101587,Federal Bank,Premium,33,32,259300,300000,832,657,5791000,7250000,97.1,High Risk
CUST101588,Bank of India,Mass Retail,4,9,6900,25000,90,217,169000,610000,34.4,Low Risk
CUST101589,Indian Bank,Affluent,2,12,8300,150000,46,292,141000,2990000,10.3,Low Risk
CUST101590,IDFC First Bank,Premium,1,20,271400,750000,16,439,4673000,15480000,20.5,Low Risk
CUST101591,Kotak Mahindra Bank,Premium,9,26,325300,1000000,170,548,6841000,22620000,32.2,Low Risk
CUST101592,ICICI Bank,SME,3,44,463400,750000,65,981,9096000,15230000,37.2,Low Risk
CUST101593,Yes Bank,Mass Retail,6,10,6100,75000,109,197,127000,1810000,29.5,Low Risk
CUST101594,IndusInd Bank,Mass Retail,4,7,34100,75000,59,135,459000,1410000,44.1,Low-Medium Risk
CUST101595,IndusInd Bank,Premium,2,22,420700,1000000,37,435,7673000,18270000,27.5,Low Risk
CUST101596,Union Bank of India,Affluent,10,19,49200,200000,193,386,673000,3890000,34.4,Low Risk
CUST101597,HDFC Bank,Mass Retail,1,8,5200,40000,13,180,90000,800000,10.9,Low Risk
CUST101598,Bank of Baroda,Mass Retail,2,6,17800,50000,41,150,225000,940000,30.0,Low Risk
CUST101599,HDFC Bank,Mass Retail,8,9,19300,25000,203,186,339000,460000,85.8,Medium Risk
CUST101600,Punjab National Bank,Business,3,67,11300,500000,87,1712,237000,11640000,3.1,Low Risk
CUST101601,IDFC First Bank,Mass Retail,1,6,11000,75000,25,154,157000,1440000,14.5,Low Risk
CUST101602,HDFC Bank,Mass Retail,2,7,28300,100000,31,180,483000,2440000,23.6,Low Risk
CUST101603,IDFC First Bank,Mass Retail,6,11,2600,100000,131,273,52000,2060000,24.3,Low Risk
CUST101604,Bank of India,Mass Retail,1,7,8700,25000,19,151,146000,570000,23.0,Low Risk
CUST101605,Union Bank of India,Mass Retail,3,11,16400,75000,44,215,238000,1470000,21.0,Low Risk
CUST101606,State Bank of India,Affluent,5,16,137800,300000,100,368,1861000,5900000,34.6,Low Risk
CUST101607,Canara Bank,Mass Retail,1,12,8900,40000,15,275,172000,880000,14.6,Low Risk
CUST101608,Axis Bank,Business,8,59,510200,1000000,204,1472,8797000,21920000,31.6,Low Risk
CUST101609,Bank of Baroda,Mass Retail,1,6,6500,40000,34,156,102000,940000,16.1,Low Risk
CUST101610,Punjab National Bank,Affluent,9,21,14900,400000,197,474,276000,9320000,20.7,Low Risk
CUST101611,Federal Bank,Business,16,78,497200,2500000,252,1670,11552000,56740000,19.1,Low Risk
CUST101612,Union Bank of India,Premium,10,33,74800,300000,209,670,1428000,6340000,26.9,Low Risk
CUST101613,IDFC First Bank,Affluent,5,18,39200,200000,100,343,730000,4850000,22.3,Low Risk
CUST101614,IDFC First Bank,Mass Retail,4,7,12800,50000,82,158,287000,1120000,38.5,Low Risk
CUST101615,Federal Bank,Mass Retail,4,12,115200,100000,163,275,2771000,2490000,83.5,Medium Risk
CUST101616,Indian Bank,Premium,2,23,43400,300000,35,570,1027000,7120000,11.1,Low Risk
CUST101617,Kotak Mahindra Bank,SME,4,48,996600,1500000,94,1082,17852000,27470000,40.4,Low-Medium Risk
CUST101618,Axis Bank,Premium,5,23,139700,750000,119,585,2544000,15180000,19.3,Low Risk
CUST101619,Canara Bank,Affluent,9,20,36100,150000,160,468,662000,3300000,29.7,Low Risk
CUST101620,Bank of Baroda,Premium,25,32,213600,1000000,1005,796,5939000,23050000,58.0,Low-Medium Risk
CUST101621,HDFC Bank,Affluent,10,18,10400,400000,176,361,184000,8740000,24.5,Low Risk
CUST101622,IDFC First Bank,Mass Retail,2,10,32800,75000,44,250,699000,1760000,31.9,Low Risk
CUST101623,Yes Bank,Affluent,6,17,30300,200000,139,403,417000,4000000,22.2,Low Risk
CUST101624,Union Bank of India,SME,11,50,106200,400000,179,1010,2109000,7710000,23.9,Low Risk
CUST101625,Punjab National Bank,Mass Retail,3,11,4100,25000,46,224,54000,460000,18.4,Low Risk
CUST101626,IndusInd Bank,Premium,5,25,156200,300000,114,637,2276000,6600000,32.4,Low Risk
CUST101627,Punjab National Bank,Mass Retail,3,6,4600,40000,53,115,109000,910000,27.8,Low Risk
CUST101628,Union Bank of India,Affluent,3,13,47300,150000,69,289,811000,3040000,26.9,Low Risk
CUST101629,State Bank of India,Mass Retail,0,7,8000,40000,6,148,157000,890000,11.5,Low Risk
CUST101630,Kotak Mahindra Bank,Affluent,1,20,46100,400000,17,473,730000,7350000,8.1,Low Risk
CUST101631,Indian Bank,Premium,11,28,224100,750000,284,697,3336000,14020000,32.7,Low Risk
CUST101632,Union Bank of India,Mass Retail,2,12,8000,25000,34,258,189000,570000,24.8,Low Risk
CUST101633,Indian Bank,Premium,9,32,27200,500000,148,704,577000,10290000,13.9,Low Risk
CUST101634,HDFC Bank,Premium,12,22,170400,750000,285,569,2650000,17020000,34.0,Low Risk
CUST101635,Punjab National Bank,SME,6,25,75800,200000,157,612,1847000,4760000,32.6,Low Risk
CUST101636,ICICI Bank,Mass Retail,1,13,7700,75000,33,329,174000,1800000,9.6,Low Risk
CUST101637,Canara Bank,Mass Retail,4,7,5900,25000,87,154,109000,480000,38.0,Low Risk
CUST101638,State Bank of India,Mass Retail,3,8,91200,100000,76,165,2412000,2140000,75.6,Medium Risk
CUST101639,Canara Bank,SME,27,45,25800,200000,446,985,437000,4630000,29.3,Low Risk
CUST101640,ICICI Bank,SME,7,44,96700,750000,193,1057,2225000,17560000,14.8,Low Risk
CUST101641,HDFC Bank,Affluent,1,12,87300,300000,15,237,1513000,7050000,17.1,Low Risk
CUST101642,ICICI Bank,Business,8,70,1770600,5000000,153,1463,33330000,97990000,23.9,Low Risk
CUST101643,Canara Bank,Affluent,1,17,18500,150000,9,329,322000,2900000,8.4,Low Risk
CUST101644,ICICI Bank,Affluent,4,14,49100,200000,75,308,932000,4430000,24.5,Low Risk
CUST101645,Yes Bank,Mass Retail,3,11,24000,75000,72,273,531000,1740000,29.3,Low Risk
CUST101646,Indian Bank,Premium,10,28,31300,300000,190,537,521000,6070000,20.9,Low Risk
CUST101647,Bank of India,Mass Retail,11,9,32400,40000,275,214,498000,750000,96.4,High Risk
CUST101648,Indian Bank,Business,42,77,484900,1000000,892,1966,10854000,23020000,48.6,Low-Medium Risk
CUST101649,Axis Bank,Premium,6,21,26000,1000000,136,434,355000,20100000,14.6,Low Risk
CUST101650,Canara Bank,Premium,5,32,402800,750000,92,763,7892000,14370000,36.7,Low Risk
CUST101651,Axis Bank,Mass Retail,2,8,7200,25000,45,207,119000,480000,25.5,Low Risk
CUST101652,HDFC Bank,Mass Retail,14,13,37600,50000,310,335,859000,1010000,89.0,Medium Risk
CUST101653,Canara Bank,Mass Retail,5,10,5000,50000,123,206,108000,1110000,29.8,Low Risk
CUST101654,Union Bank of India,Mass Retail,1,11,12400,75000,11,217,218000,1540000,11.8,Low Risk
CUST101655,Federal Bank,Mass Retail,4,7,24900,100000,65,140,434000,1810000,36.4,Low Risk
CUST101656,ICICI Bank,SME,13,37,769800,750000,403,885,16597000,14010000,79.7,Medium Risk
CUST101657,Bank of India,Affluent,10,14,73100,200000,233,337,1531000,4010000,51.8,Low-Medium Risk
CUST101658,Union Bank of India,Mass Retail,8,10,45500,50000,262,237,1128000,1130000,95.5,High Risk
CUST101659,State Bank of India,Mass Retail,0,7,11800,50000,8,149,171000,930000,12.9,Low Risk
CUST101660,Federal Bank,Affluent,1,19,88500,150000,17,384,1548000,3290000,31.7,Low Risk
CUST101661,Bank of Baroda,Affluent,17,19,90000,150000,487,438,2029000,2830000,81.0,Medium Risk
CUST101662,IDFC First Bank,Affluent,5,15,82200,150000,92,336,1232000,2920000,40.4,Low-Medium Risk
CUST101663,Kotak Mahindra Bank,Business,36,68,515000,500000,722,1639,10205000,9600000,79.9,Medium Risk
CUST101664,Federal Bank,Affluent,6,15,50500,300000,88,331,962000,5540000,24.3,Low Risk
CUST101665,Axis Bank,SME,36,37,48500,200000,841,791,1357000,4540000,59.8,Low-Medium Risk
CUST101666,Canara Bank,Business,2,68,193400,2500000,37,1432,3784000,53110000,5.5,Low Risk
CUST101667,Indian Bank,Mass Retail,1,7,3000,25000,26,143,68000,600000,13.5,Low Risk
CUST101668,State Bank of India,SME,25,27,537400,750000,594,563,14687000,14020000,93.3,High Risk
CUST101669,Canara Bank,Mass Retail,2,7,8900,25000,30,138,141000,480000,29.4,Low Risk
CUST101670,Indian Bank,Business,12,64,76700,500000,238,1371,1041000,10070000,14.9,Low Risk
CUST101671,HDFC Bank,Mass Retail,2,11,2300,40000,34,212,50000,930000,10.6,Low Risk
CUST101672,IDFC First Bank,Business,18,47,132900,1500000,366,954,2422000,30210000,21.5,Low Risk
CUST101673,Federal Bank,Business,74,66,538600,500000,1601,1599,13468000,10430000,113.0,High Risk
CUST101674,Union Bank of India,Business,3,57,71400,500000,56,1213,1505000,10060000,10.3,Low Risk
CUST101675,HDFC Bank,Premium,8,32,255000,1000000,135,758,3950000,18560000,22.6,Low Risk
CUST101676,Canara Bank,Mass Retail,0,12,26100,50000,7,288,522000,1230000,26.8,Low Risk
CUST101677,Punjab National Bank,Mass Retail,3,12,17500,75000,70,277,328000,1640000,23.0,Low Risk
CUST101678,Canara Bank,Mass Retail,2,6,43600,100000,47,154,731000,2350000,35.1,Low Risk
CUST101679,Bank of India,Mass Retail,1,8,6400,40000,21,153,113000,900000,13.8,Low Risk
CUST101680,Bank of Baroda,Premium,7,22,22600,1000000,134,532,509000,21600000,13.7,Low Risk
CUST101681,State Bank of India,Mass Retail,0,12,10800,40000,6,309,180000,750000,14.7,Low Risk
CUST101682,Bank of Baroda,SME,34,31,205500,400000,720,776,5244000,9000000,75.2,Medium Risk
CUST101683,Punjab National Bank,Affluent,4,17,14100,100000,68,343,219000,1910000,16.7,Low Risk
CUST101684,IDFC First Bank,Business,9,80,229700,1500000,157,1703,5015000,31350000,13.1,Low Risk
CUST101685,HDFC Bank,Mass Retail,6,11,48800,100000,132,222,1077000,2240000,52.2,Low-Medium Risk
CUST101686,Yes Bank,Business,80,70,1396500,1500000,1894,1625,21261000,35210000,93.7,High Risk
CUST101687,Bank of India,SME,10,44,93500,400000,259,1055,1668000,9120000,22.0,Low Risk
CUST101688,Bank of Baroda,Affluent,2,18,26400,150000,34,382,474000,3410000,13.4,Low Risk
CUST101689,Axis Bank,Affluent,1,20,95600,400000,12,456,1283000,7620000,13.2,Low Risk
CUST101690,IDFC First Bank,Premium,11,27,62800,500000,185,644,982000,10210000,21.8,Low Risk
CUST101691,Bank of Baroda,Mass Retail,1,11,1800,25000,29,241,24000,460000,8.0,Low Risk
CUST101692,ICICI Bank,Affluent,4,15,64400,200000,76,375,1045000,4610000,25.7,Low Risk
CUST101693,Canara Bank,Mass Retail,3,8,15000,100000,53,195,266000,2470000,21.6,Low Risk
CUST101694,Bank of India,Mass Retail,1,6,3700,25000,11,117,49000,500000,12.7,Low Risk
CUST101695,IDFC First Bank,Mass Retail,4,9,61800,50000,174,210,1295000,930000,101.6,High Risk
CUST101696,Bank of Baroda,Mass Retail,5,12,3900,25000,100,248,70000,530000,26.2,Low Risk
CUST101697,IDFC First Bank,Mass Retail,12,12,87600,100000,268,275,2351000,2400000,95.4,High Risk
CUST101698,HDFC Bank,Mass Retail,3,8,25000,75000,59,206,537000,1640000,33.2,Low Risk
CUST101699,Axis Bank,SME,11,37,30000,400000,221,931,532000,7330000,16.1,Low Risk
CUST101700,Kotak Mahindra Bank,Affluent,8,17,89600,300000,147,371,1456000,7450000,33.1,Low Risk
CUST101701,ICICI Bank,SME,33,48,225600,200000,855,1010,6407000,4760000,103.3,High Risk
CUST101702,Yes Bank,Affluent,4,20,48800,150000,73,413,851000,2840000,26.0,Low Risk
CUST101703,Punjab National Bank,Mass Retail,10,9,21400,25000,205,205,538000,610000,95.1,High Risk
CUST101704,IDFC First Bank,Affluent,5,19,56400,150000,99,376,1136000,3170000,32.2,Low Risk
CUST101705,ICICI Bank,Affluent,2,12,118600,400000,44,274,2011000,8240000,22.4,Low Risk
CUST101706,Bank of Baroda,Mass Retail,12,12,42300,75000,252,228,1335000,1590000,85.6,Medium Risk
CUST101707,ICICI Bank,Affluent,12,21,115800,100000,352,447,2742000,2380000,94.6,High Risk
CUST101708,HDFC Bank,Mass Retail,5,8,14900,75000,77,164,286000,1700000,34.3,Low Risk
CUST101709,IDFC First Bank,Affluent,3,20,46900,200000,71,516,835000,3680000,19.3,Low Risk
CUST101710,Bank of India,Premium,2,25,58200,750000,38,602,1228000,18530000,7.3,Low Risk
CUST101711,Yes Bank,Mass Retail,5,11,4600,40000,91,236,67000,760000,24.4,Low Risk
CUST101712,Kotak Mahindra Bank,Mass Retail,2,6,18500,40000,35,118,354000,930000,37.4,Low Risk
CUST101713,Federal Bank,Premium,2,27,92700,500000,38,611,2183000,11230000,13.5,Low Risk
CUST101714,Federal Bank,Affluent,5,18,77600,300000,78,369,1526000,5790000,25.3,Low Risk
CUST101715,Canara Bank,Mass Retail,4,7,7100,50000,97,159,98000,960000,32.7,Low Risk
CUST101716,State Bank of India,SME,14,29,502100,400000,310,721,11134000,9640000,87.5,Medium Risk
CUST101717,State Bank of India,Mass Retail,4,11,900,50000,104,256,15000,1050000,17.8,Low Risk
CUST101718,Punjab National Bank,Premium,9,26,189700,750000,181,609,3361000,16940000,26.9,Low Risk
CUST101719,Bank of India,SME,45,39,411800,400000,857,889,9833000,8610000,107.2,High Risk
CUST101720,Axis Bank,Mass Retail,2,6,3300,75000,31,153,65000,1730000,13.9,Low Risk
CUST101721,HDFC Bank,Mass Retail,2,10,1000,25000,43,255,21000,530000,10.4,Low Risk
CUST101722,Indian Bank,Mass Retail,2,6,16300,50000,32,136,271000,1000000,29.3,Low Risk
CUST101723,Axis Bank,Mass Retail,1,7,11300,50000,13,148,212000,1030000,17.4,Low Risk
CUST101724,Yes Bank,Mass Retail,0,7,21100,50000,6,156,442000,1200000,23.0,Low Risk
CUST101725,ICICI Bank,Premium,3,33,30400,300000,54,670,586000,6380000,9.1,Low Risk
CUST101726,Federal Bank,Mass Retail,1,9,25600,40000,12,211,359000,780000,34.5,Low Risk
CUST101727,IndusInd Bank,Affluent,2,16,88500,400000,35,360,1913000,9820000,16.3,Low Risk
CUST101728,HDFC Bank,SME,18,33,962200,750000,456,651,26105000,17680000,104.8,High Risk
CUST101729,Bank of India,Business,8,50,108400,500000,152,1019,1447000,9190000,17.5,Low Risk
CUST101730,Canara Bank,Affluent,3,17,160000,400000,46,380,2874000,10000000,25.9,Low Risk
CUST101731,Bank of Baroda,Mass Retail,6,11,37200,100000,136,277,647000,2290000,41.1,Low-Medium Risk
CUST101732,Union Bank of India,Affluent,4,13,58400,300000,70,299,1039000,5740000,22.2,Low Risk
CUST101733,ICICI Bank,Affluent,6,21,129600,400000,137,499,2420000,7860000,30.0,Low Risk
CUST101734,Bank of Baroda,Affluent,1,21,158700,300000,12,449,3701000,6850000,31.7,Low Risk
CUST101735,Federal Bank,Mass Retail,1,13,8800,40000,25,299,151000,940000,14.2,Low Risk
CUST101736,Union Bank of India,Business,15,46,225400,1000000,336,1018,3359000,19670000,25.7,Low Risk
CUST101737,HDFC Bank,Affluent,6,21,24200,150000,92,496,495000,2970000,19.8,Low Risk
CUST101738,Bank of India,Mass Retail,2,6,22900,100000,34,116,379000,2010000,25.4,Low Risk
CUST101739,Axis Bank,Mass Retail,8,9,94000,100000,220,202,2277000,2220000,98.7,High Risk
CUST101740,Kotak Mahindra Bank,Mass Retail,2,6,3400,25000,40,126,55000,480000,21.3,Low Risk
CUST101741,Punjab National Bank,Business,19,86,43100,500000,330,1830,792000,9360000,13.6,Low Risk
CUST101742,IDFC First Bank,Premium,5,25,20100,300000,117,643,390000,6830000,12.0,Low Risk
CUST101743,IDFC First Bank,Premium,2,29,62100,300000,41,588,1401000,7040000,14.6,Low Risk
CUST101744,Kotak Mahindra Bank,Mass Retail,1,8,26000,75000,15,169,517000,1610000,23.4,Low Risk
CUST101745,Indian Bank,Mass Retail,1,6,48500,100000,16,135,990000,2050000,33.3,Low Risk
CUST101746,HDFC Bank,Affluent,10,20,36200,100000,198,501,766000,2100000,40.0,Low-Medium Risk
CUST101747,HDFC Bank,Mass Retail,4,6,27600,25000,57,132,684000,520000,92.0,High Risk
CUST101748,Indian Bank,Mass Retail,5,12,34800,25000,128,290,630000,620000,86.4,Medium Risk
CUST101749,ICICI Bank,Premium,8,31,183300,300000,142,775,3483000,7010000,40.8,Low-Medium Risk
CUST101750,Bank of Baroda,Mass Retail,15,13,13800,25000,356,275,467000,490000,95.7,High Risk
CUST101751,HDFC Bank,Affluent,2,12,39200,100000,28,261,776000,2070000,27.4,Low Risk
CUST101752,State Bank of India,Mass Retail,2,6,15100,40000,44,129,341000,870000,36.3,Low Risk
CUST101753,Punjab National Bank,Mass Retail,2,7,13200,50000,31,174,258000,1110000,24.1,Low Risk
CUST101754,IDFC First Bank,Mass Retail,1,6,14400,50000,21,116,230000,1060000,22.0,Low Risk
CUST101755,HDFC Bank,SME,47,52,52700,750000,1409,1100,991000,17750000,51.6,Low-Medium Risk
CUST101756,Axis Bank,Business,58,68,567800,1000000,1952,1615,22329000,23370000,88.2,Medium Risk
CUST101757,IDFC First Bank,SME,30,26,160400,200000,614,597,2946000,4310000,89.4,Medium Risk
CUST101758,Punjab National Bank,Affluent,8,19,41000,100000,190,419,997000,2400000,42.4,Low-Medium Risk
CUST101759,Bank of India,Mass Retail,1,9,50600,75000,31,205,838000,1740000,37.9,Low Risk
CUST101760,Yes Bank,Affluent,3,12,8700,100000,69,245,176000,2350000,16.1,Low Risk
CUST101761,Yes Bank,Affluent,6,15,48400,150000,98,330,1059000,3700000,32.5,Low Risk
CUST101762,HDFC Bank,Business,9,42,875000,1500000,151,946,16872000,29800000,40.3,Low-Medium Risk
CUST101763,IndusInd Bank,Mass Retail,1,6,8000,40000,12,152,159000,790000,16.7,Low Risk
CUST101764,IDFC First Bank,Affluent,7,15,34100,100000,114,312,594000,2420000,35.0,Low Risk
CUST101765,HDFC Bank,Mass Retail,3,7,4800,100000,57,176,110000,2340000,19.3,Low Risk
CUST101766,Union Bank of India,Mass Retail,0,11,7000,40000,4,259,167000,980000,10.2,Low Risk
CUST101767,State Bank of India,Premium,15,34,164900,300000,262,651,2308000,5530000,45.6,Low-Medium Risk
CUST101768,HDFC Bank,Affluent,18,18,52600,300000,531,433,1364000,6720000,59.7,Low-Medium Risk
CUST101769,IDFC First Bank,Mass Retail,1,11,18100,100000,23,212,279000,1900000,13.6,Low Risk
CUST101770,Punjab National Bank,Mass Retail,5,13,1600,40000,131,338,29000,860000,18.9,Low Risk
CUST101771,Axis Bank,Affluent,15,12,88400,100000,390,301,2009000,1910000,110.1,High Risk
CUST101772,Indian Bank,Premium,26,25,1293900,1000000,636,527,19225000,18900000,114.2,High Risk
CUST101773,Kotak Mahindra Bank,Business,10,56,29000,500000,188,1165,539000,9040000,10.8,Low Risk
CUST101774,HDFC Bank,SME,17,52,7200,200000,264,1127,115000,4480000,14.3,Low Risk
CUST101775,Union Bank of India,Premium,3,34,103200,500000,55,731,1705000,10260000,14.4,Low Risk
CUST101776,HDFC Bank,Mass Retail,8,8,58500,50000,222,173,1286000,940000,121.3,High Risk
CUST101777,Union Bank of India,Premium,26,25,446000,500000,665,531,6873000,10130000,94.3,High Risk
CUST101778,Union Bank of India,Affluent,2,21,26600,200000,28,490,488000,3840000,10.8,Low Risk
CUST101779,Indian Bank,Mass Retail,3,9,7100,25000,50,181,181000,610000,29.7,Low Risk
CUST101780,Canara Bank,Business,32,84,342700,1500000,802,2093,6710000,30360000,29.3,Low Risk
CUST101781,HDFC Bank,Mass Retail,0,10,35800,100000,2,247,498000,2030000,17.3,Low Risk
CUST101782,Indian Bank,Business,10,85,219600,5000000,223,1899,3735000,119400000,7.2,Low Risk
CUST101783,IDFC First Bank,Affluent,6,21,19800,300000,111,524,336000,6760000,14.4,Low Risk
CUST101784,IDFC First Bank,Affluent,14,15,110300,100000,434,311,2467000,2300000,112.0,High Risk
CUST101785,IDFC First Bank,Premium,16,34,402000,750000,321,650,6624000,16840000,47.2,Low-Medium Risk
CUST101786,Union Bank of India,Business,41,87,969600,2500000,990,2030,21101000,61560000,41.6,Low-Medium Risk
CUST101787,Federal Bank,Affluent,5,15,29300,100000,98,333,377000,1940000,27.1,Low Risk
CUST101788,State Bank of India,Affluent,3,14,25200,100000,54,322,519000,2490000,21.2,Low Risk
CUST101789,Yes Bank,Mass Retail,4,11,51700,100000,82,278,1168000,2380000,42.6,Low-Medium Risk
CUST101790,Kotak Mahindra Bank,Affluent,4,14,72800,200000,95,361,1676000,4420000,32.8,Low Risk
CUST101791,Bank of India,Mass Retail,2,10,11000,25000,42,234,214000,570000,31.3,Low Risk
CUST101792,Bank of India,Premium,1,22,269000,1000000,22,536,4345000,22540000,14.9,Low Risk
CUST101793,IDFC First Bank,Affluent,16,16,115800,150000,300,313,2589000,2760000,91.0,High Risk
CUST101794,Canara Bank,Premium,11,28,242400,1000000,161,564,3469000,19530000,26.7,Low Risk
CUST101795,Union Bank of India,Mass Retail,5,8,45600,40000,161,193,1485000,990000,105.8,High Risk
CUST101796,IndusInd Bank,Mass Retail,6,6,85400,100000,120,132,1734000,2170000,88.2,Medium Risk
CUST101797,HDFC Bank,Premium,12,29,468200,500000,512,642,10500000,10320000,81.5,Medium Risk
CUST101798,Punjab National Bank,Mass Retail,4,12,5700,40000,69,254,139000,930000,21.3,Low Risk
CUST101799,Kotak Mahindra Bank,Mass Retail,2,12,9700,75000,51,279,153000,1630000,13.9,Low Risk
CUST101800,Yes Bank,Mass Retail,7,6,80100,75000,122,122,1895000,1360000,116.6,High Risk
CUST101801,ICICI Bank,SME,7,28,85000,750000,136,655,1866000,17370000,16.3,Low Risk
CUST101802,Bank of Baroda,Premium,7,24,185300,500000,116,485,4018000,11560000,31.8,Low Risk
CUST101803,State Bank of India,Mass Retail,3,6,65700,100000,38,117,1105000,1920000,52.8,Low-Medium Risk
CUST101804,Kotak Mahindra Bank,Mass Retail,3,10,1500,25000,64,213,28000,620000,16.3,Low Risk
CUST101805,Canara Bank,Mass Retail,4,10,2700,50000,57,206,48000,980000,17.8,Low Risk
CUST101806,Punjab National Bank,Premium,38,32,703900,1000000,917,807,13418000,21200000,88.5,Medium Risk
CUST101807,HDFC Bank,Premium,30,30,302800,500000,541,582,6449000,9400000,78.9,Medium Risk
CUST101808,Bank of India,Mass Retail,1,7,2300,75000,24,142,46000,1670000,8.5,Low Risk
CUST101809,Axis Bank,Mass Retail,4,13,9000,50000,94,297,149000,1030000,22.8,Low Risk
CUST101810,Kotak Mahindra Bank,Mass Retail,5,11,11100,40000,118,246,197000,820000,35.0,Low Risk
CUST101811,Yes Bank,Premium,8,32,15000,300000,115,618,294000,7140000,12.2,Low Risk
CUST101812,Union Bank of India,Premium,2,20,134500,750000,42,381,2495000,13550000,14.7,Low Risk
CUST101813,Bank of India,Mass Retail,6,13,11600,50000,156,337,254000,1180000,32.8,Low Risk
CUST101814,State Bank of India,Mass Retail,1,11,55200,75000,31,260,902000,1650000,40.7,Low-Medium Risk
CUST101815,Axis Bank,Mass Retail,1,10,19500,50000,33,216,463000,1250000,26.8,Low Risk
CUST101816,State Bank of India,SME,37,31,133200,200000,871,691,3455000,4430000,94.5,High Risk
CUST101817,Axis Bank,Mass Retail,5,8,3900,100000,112,167,53000,1840000,30.3,Low Risk
CUST101818,IndusInd Bank,Premium,5,25,63900,1000000,94,535,979000,18350000,11.4,Low Risk
CUST101819,Indian Bank,Affluent,4,17,61700,150000,83,400,1310000,3630000,31.5,Low Risk
CUST101820,Bank of Baroda,Mass Retail,12,10,37800,40000,275,252,782000,960000,99.4,High Risk
CUST101821,Bank of Baroda,Mass Retail,0,7,7700,40000,10,142,110000,820000,10.5,Low Risk
CUST101822,Bank of India,Mass Retail,2,8,8300,25000,40,199,150000,560000,26.7,Low Risk
CUST101823,Kotak Mahindra Bank,Affluent,6,12,164200,400000,101,238,3205000,8570000,42.1,Low-Medium Risk
CUST101824,Union Bank of India,Premium,5,33,275200,500000,84,677,6119000,12390000,35.1,Low Risk
CUST101825,Yes Bank,Affluent,15,16,183400,200000,284,308,4675000,4930000,93.3,High Risk
CUST101826,Bank of Baroda,Affluent,14,14,81800,100000,270,280,1930000,2490000,87.9,Medium Risk
CUST101827,Axis Bank,Mass Retail,2,8,22300,40000,41,203,386000,960000,36.8,Low Risk
CUST101828,IndusInd Bank,SME,7,30,272500,750000,124,666,5613000,18280000,28.0,Low Risk
CUST101829,State Bank of India,Premium,19,20,214400,300000,492,391,4761000,5860000,91.2,High Risk
CUST101830,Bank of Baroda,Mass Retail,3,7,33100,25000,72,180,851000,600000,95.0,High Risk
CUST101831,Bank of Baroda,SME,12,36,57200,750000,292,906,1355000,17220000,18.8,Low Risk
CUST101832,Canara Bank,Affluent,3,17,4800,400000,70,413,106000,9900000,8.3,Low Risk
CUST101833,Kotak Mahindra Bank,Affluent,4,15,42600,200000,93,383,771000,4400000,22.1,Low Risk
CUST101834,Axis Bank,Premium,7,23,256600,750000,109,472,4702000,13950000,30.7,Low Risk
CUST101835,IDFC First Bank,Business,11,63,118800,500000,274,1566,2278000,11090000,20.1,Low Risk
CUST101836,Canara Bank,Premium,20,20,488000,750000,456,477,15345000,17100000,86.5,Medium Risk
CUST101837,Canara Bank,Mass Retail,8,7,63600,75000,214,176,1565000,1470000,105.4,High Risk
CUST101838,Bank of India,Mass Retail,11,12,79600,100000,251,295,1491000,2080000,81.5,Medium Risk
CUST101839,Bank of Baroda,SME,5,36,46800,200000,117,771,686000,4440000,17.0,Low Risk
CUST101840,Kotak Mahindra Bank,Mass Retail,1,10,2100,50000,30,244,38000,1030000,7.1,Low Risk
CUST101841,HDFC Bank,Mass Retail,0,10,30900,75000,10,208,649000,1550000,24.3,Low Risk
CUST101842,ICICI Bank,Affluent,8,13,41400,200000,152,277,627000,3790000,36.4,Low Risk
CUST101843,Canara Bank,Affluent,12,15,175000,200000,297,296,4681000,4920000,90.8,High Risk
CUST101844,IndusInd Bank,Affluent,1,12,4700,300000,13,307,105000,6980000,3.8,Low Risk
CUST101845,State Bank of India,SME,5,34,449600,1500000,83,715,7986000,27010000,22.7,Low Risk
CUST101846,HDFC Bank,Mass Retail,2,13,21200,100000,35,294,496000,2340000,17.7,Low Risk
CUST101847,Bank of Baroda,Mass Retail,4,9,22700,40000,68,196,549000,930000,49.9,Low-Medium Risk
CUST101848,Indian Bank,Mass Retail,1,9,27200,100000,39,231,502000,1810000,21.6,Low Risk
CUST101849,Axis Bank,Business,3,43,121100,500000,54,918,2055000,10290000,15.2,Low Risk
CUST101850,State Bank of India,Affluent,1,14,34500,150000,14,342,683000,3340000,14.5,Low Risk
CUST101851,Kotak Mahindra Bank,Mass Retail,3,12,9900,40000,85,300,200000,850000,25.4,Low Risk
CUST101852,HDFC Bank,Business,24,62,229900,1000000,439,1367,5177000,23450000,28.2,Low Risk
CUST101853,HDFC Bank,Business,37,40,1806100,1500000,963,866,35389000,31470000,109.6,High Risk
CUST101854,Union Bank of India,Business,82,70,856200,1500000,2251,1696,28413000,28620000,98.7,High Risk
CUST101855,IDFC First Bank,Business,87,83,673300,500000,2194,2107,14669000,12420000,116.8,High Risk
CUST101856,HDFC Bank,Mass Retail,10,8,47400,50000,195,194,952000,980000,103.5,High Risk
CUST101857,Union Bank of India,Premium,23,24,642400,750000,472,494,13265000,17270000,87.9,Medium Risk
CUST101858,IndusInd Bank,Affluent,6,20,39200,100000,105,504,621000,1900000,31.4,Low Risk
CUST101859,Federal Bank,Business,23,75,605900,5000000,451,1628,9628000,101520000,18.9,Low Risk
CUST101860,IndusInd Bank,Premium,18,32,117700,500000,441,737,1631000,10550000,36.4,Low Risk
CUST101861,Bank of Baroda,Premium,25,29,895900,1000000,692,720,14893000,19350000,86.8,Medium Risk
CUST101862,Kotak Mahindra Bank,Premium,2,20,28300,500000,45,406,441000,10570000,7.4,Low Risk
CUST101863,ICICI Bank,Mass Retail,4,7,7200,50000,70,171,128000,960000,29.1,Low Risk
CUST101864,Bank of Baroda,Affluent,6,12,180400,200000,229,278,4521000,4380000,83.1,Medium Risk
CUST101865,Axis Bank,SME,14,47,77300,200000,384,1187,1355000,4530000,33.0,Low Risk
CUST101866,Kotak Mahindra Bank,SME,32,33,753100,750000,752,667,18973000,13830000,112.6,High Risk
CUST101867,Indian Bank,Mass Retail,1,9,22800,100000,24,198,506000,2410000,17.4,Low Risk
CUST101868,Union Bank of India,Mass Retail,3,10,10800,50000,60,248,144000,960000,22.2,Low Risk
CUST101869,HDFC Bank,Mass Retail,2,12,55900,100000,32,230,963000,1960000,36.2,Low Risk
CUST101870,ICICI Bank,Premium,26,29,213400,300000,722,574,7265000,6790000,97.4,High Risk
CUST101871,Union Bank of India,Business,2,74,314000,1500000,58,1919,6089000,31920000,12.5,Low Risk
CUST101872,Union Bank of India,Mass Retail,1,6,6900,100000,21,126,137000,2150000,11.1,Low Risk
CUST101873,Indian Bank,Affluent,22,18,242400,300000,476,465,3658000,5670000,90.2,High Risk
CUST101874,Punjab National Bank,Business,24,42,58800,500000,492,852,1313000,11820000,31.7,Low Risk
CUST101875,ICICI Bank,Premium,9,23,48700,300000,151,495,891000,6700000,23.5,Low Risk
CUST101876,Federal Bank,Affluent,2,17,5600,200000,48,413,95000,3790000,7.0,Low Risk
CUST101877,Punjab National Bank,Affluent,2,12,15900,100000,38,283,314000,2060000,15.3,Low Risk
CUST101878,HDFC Bank,Affluent,13,20,59000,200000,227,461,1310000,4730000,41.3,Low-Medium Risk
CUST101879,Bank of India,Mass Retail,6,11,4700,75000,130,250,86000,1650000,26.6,Low Risk
CUST101880,Bank of Baroda,Affluent,3,12,148700,400000,49,299,2588000,7500000,29.2,Low Risk
CUST101881,Bank of Baroda,Premium,23,25,96600,300000,578,516,1859000,6180000,62.2,Low-Medium Risk
CUST101882,IDFC First Bank,Business,21,51,17200,1500000,497,1127,236000,29550000,19.3,Low Risk
CUST101883,Bank of Baroda,Affluent,2,17,35300,100000,34,341,574000,2160000,22.2,Low Risk
CUST101884,Yes Bank,Premium,7,20,20800,300000,149,463,338000,7170000,18.1,Low Risk
CUST101885,ICICI Bank,Mass Retail,10,10,20400,25000,214,208,478000,530000,92.8,High Risk
CUST101886,HDFC Bank,Affluent,0,12,58800,400000,7,256,897000,8410000,7.9,Low Risk
CUST101887,Yes Bank,Mass Retail,3,9,11300,40000,68,201,221000,970000,29.0,Low Risk
CUST101888,Axis Bank,Mass Retail,14,13,32000,40000,236,249,749000,880000,90.9,High Risk
CUST101889,Punjab National Bank,Premium,11,28,247700,750000,168,550,4529000,16470000,32.2,Low Risk
CUST101890,IDFC First Bank,SME,8,37,187700,750000,189,881,3398000,14880000,22.9,Low Risk
CUST101891,Punjab National Bank,Mass Retail,4,8,2200,40000,59,176,49000,890000,21.8,Low Risk
CUST101892,ICICI Bank,Mass Retail,9,9,27500,40000,235,225,616000,880000,83.8,Medium Risk
CUST101893,ICICI Bank,Business,24,88,85300,2500000,550,2100,1289000,51940000,13.1,Low Risk
CUST101894,Axis Bank,Mass Retail,2,8,22000,100000,42,152,379000,2490000,22.0,Low Risk
CUST101895,Bank of Baroda,Affluent,4,12,26500,150000,79,280,652000,3630000,23.5,Low Risk
CUST101896,Bank of India,Premium,6,20,926700,1000000,244,393,26314000,23250000,77.9,Medium Risk
CUST101897,IDFC First Bank,Affluent,9,16,66400,200000,235,391,1210000,4350000,42.6,Low-Medium Risk
CUST101898,Yes Bank,Mass Retail,4,10,23400,75000,84,259,492000,1590000,33.2,Low Risk
CUST101899,IndusInd Bank,Mass Retail,4,12,43000,100000,92,273,589000,1930000,35.5,Low Risk
CUST101900,State Bank of India,Premium,5,32,482600,750000,122,761,7876000,15110000,39.5,Low Risk
CUST101901,IndusInd Bank,Affluent,2,13,62700,400000,49,269,1178000,9370000,15.4,Low Risk
CUST101902,State Bank of India,Mass Retail,4,12,2000,25000,89,265,44000,530000,19.2,Low Risk
CUST101903,ICICI Bank,Premium,8,24,89700,300000,224,600,1797000,7250000,30.8,Low Risk
CUST101904,Federal Bank,Mass Retail,8,9,87000,100000,193,182,1315000,1900000,86.6,Medium Risk
CUST101905,ICICI Bank,Premium,11,27,688100,750000,248,563,20632000,16170000,80.3,Medium Risk
CUST101906,Bank of Baroda,Mass Retail,2,9,13400,75000,29,199,313000,1690000,18.5,Low Risk
CUST101907,IndusInd Bank,SME,24,26,230400,200000,673,624,5488000,4320000,111.8,High Risk
CUST101908,Kotak Mahindra Bank,Mass Retail,3,6,2000,25000,52,130,34000,610000,23.7,Low Risk
CUST101909,IDFC First Bank,Mass Retail,2,10,8900,40000,39,255,180000,1000000,18.9,Low Risk
CUST101910,State Bank of India,Mass Retail,1,7,2300,40000,13,138,31000,750000,7.9,Low Risk
CUST101911,Punjab National Bank,Mass Retail,7,6,54700,75000,162,130,1439000,1420000,102.0,High Risk
CUST101912,IDFC First Bank,Business,6,78,354300,1000000,129,1869,6819000,18910000,23.2,Low Risk
CUST101913,ICICI Bank,SME,24,25,153300,200000,559,515,3494000,4550000,88.2,Medium Risk
CUST101914,State Bank of India,Mass Retail,7,13,88500,75000,172,307,2198000,1550000,97.0,High Risk
CUST101915,IDFC First Bank,Affluent,2,16,158200,400000,32,322,3778000,9250000,27.5,Low Risk
CUST101916,Kotak Mahindra Bank,Premium,7,26,67100,1000000,143,504,1033000,20840000,15.5,Low Risk
CUST101917,Federal Bank,Business,3,65,53600,1000000,61,1290,1102000,22390000,5.0,Low Risk
CUST101918,Indian Bank,Affluent,1,15,46700,150000,36,383,983000,3510000,20.0,Low Risk
CUST101919,HDFC Bank,Mass Retail,11,9,26400,25000,235,206,571000,550000,110.7,High Risk
CUST101920,Yes Bank,Mass Retail,5,7,6000,25000,118,172,101000,540000,42.8,Low-Medium Risk
CUST101921,ICICI Bank,Premium,10,22,150100,1000000,165,469,2906000,18620000,26.3,Low Risk
CUST101922,IndusInd Bank,Mass Retail,3,8,11300,40000,57,185,246000,840000,31.1,Low Risk
CUST101923,IndusInd Bank,Affluent,4,20,21300,150000,103,449,385000,3270000,16.7,Low Risk
CUST101924,HDFC Bank,Mass Retail,1,8,29300,40000,16,205,431000,850000,39.1,Low Risk
CUST101925,Axis Bank,Premium,11,33,7800,300000,300,800,198000,7290000,17.3,Low Risk
CUST101926,HDFC Bank,Mass Retail,3,8,2600,40000,73,193,48000,970000,19.8,Low Risk
CUST101927,Canara Bank,Affluent,1,12,57900,150000,11,232,1406000,3560000,24.7,Low Risk
CUST101928,Indian Bank,Affluent,4,19,28300,100000,90,434,504000,2060000,23.8,Low Risk
CUST101929,IndusInd Bank,Affluent,3,13,14200,400000,69,289,327000,9210000,12.6,Low Risk
CUST101930,Kotak Mahindra Bank,Mass Retail,0,8,12200,25000,5,204,196000,520000,24.8,Low Risk
CUST101931,Punjab National Bank,Affluent,10,17,22400,200000,166,354,304000,3930000,28.6,Low Risk
CUST101932,HDFC Bank,Affluent,10,12,331300,400000,266,251,8194000,8160000,92.8,High Risk
CUST101933,Federal Bank,Affluent,6,18,18400,300000,90,394,272000,5550000,15.4,Low Risk
CUST101934,Canara Bank,Affluent,21,19,131200,150000,456,393,2884000,3050000,100.9,High Risk
CUST101935,Axis Bank,Premium,15,24,386000,300000,260,478,8060000,6370000,97.2,High Risk
CUST101936,Bank of India,Business,31,64,198900,500000,565,1600,5005000,12340000,40.9,Low-Medium Risk
CUST101937,Indian Bank,Mass Retail,1,6,10000,40000,25,137,212000,810000,22.0,Low Risk
CUST101938,Bank of Baroda,Business,4,58,107900,2500000,71,1452,2333000,60790000,4.9,Low Risk
CUST101939,Canara Bank,Affluent,7,21,10200,100000,150,521,168000,1960000,19.0,Low Risk
CUST101940,HDFC Bank,Mass Retail,2,7,44900,100000,23,147,881000,1930000,35.4,Low Risk
CUST101941,Bank of India,Mass Retail,2,11,4400,25000,51,251,67000,540000,16.8,Low Risk
CUST101942,State Bank of India,Mass Retail,1,9,4000,25000,11,176,79000,570000,12.1,Low Risk
CUST101943,ICICI Bank,Premium,11,25,104700,1000000,255,635,1877000,18310000,24.1,Low Risk
CUST101944,Bank of India,Premium,20,33,1279600,1000000,382,720,25233000,19550000,97.0,High Risk
CUST101945,Bank of Baroda,Premium,6,22,133200,750000,109,479,2860000,15890000,21.1,Low Risk
CUST101946,Canara Bank,Affluent,11,14,120900,150000,267,296,2409000,3050000,82.0,Medium Risk
CUST101947,Kotak Mahindra Bank,Affluent,5,21,37400,300000,85,467,669000,6900000,15.4,Low Risk
CUST101948,Indian Bank,Mass Retail,4,13,5300,25000,88,270,89000,540000,24.4,Low Risk
CUST101949,Indian Bank,Mass Retail,2,12,15000,100000,47,259,236000,1910000,15.3,Low Risk
CUST101950,Yes Bank,Affluent,21,20,119300,100000,681,492,3415000,2430000,126.3,High Risk
CUST101951,IDFC First Bank,Mass Retail,2,8,5100,100000,57,199,68000,2010000,14.1,Low Risk
CUST101952,Federal Bank,Mass Retail,4,9,7000,40000,72,190,128000,920000,27.0,Low Risk
CUST101953,Punjab National Bank,Affluent,20,19,169500,200000,509,423,3702000,4690000,95.4,High Risk
CUST101954,Bank of Baroda,Premium,4,24,565800,1000000,79,603,13892000,24740000,38.2,Low Risk
CUST101955,Federal Bank,SME,8,31,63800,200000,150,600,1401000,4300000,29.4,Low Risk
CUST101956,Punjab National Bank,SME,21,47,237100,200000,870,1186,5730000,4460000,95.1,High Risk
CUST101957,Punjab National Bank,Affluent,15,19,51500,100000,441,390,1205000,2030000,73.3,Medium Risk
CUST101958,HDFC Bank,Affluent,7,17,20300,300000,126,404,446000,6820000,19.8,Low Risk
CUST101959,Canara Bank,Affluent,4,17,41500,150000,94,392,787000,3190000,25.4,Low Risk
CUST101960,Federal Bank,Premium,10,22,1363000,1000000,262,503,27532000,21060000,96.1,High Risk
CUST101961,IDFC First Bank,Mass Retail,10,9,26400,25000,233,225,858000,600000,117.0,High Risk
CUST101962,HDFC Bank,Mass Retail,3,7,6500,75000,57,138,110000,1380000,23.2,Low Risk
CUST101963,Punjab National Bank,Business,66,66,1733800,2500000,1367,1414,63574000,60430000,92.1,High Risk
CUST101964,Federal Bank,Mass Retail,3,10,3400,50000,65,228,68000,1200000,16.6,Low Risk
CUST101965,HDFC Bank,Affluent,2,15,26200,100000,62,370,497000,2150000,20.3,Low Risk
CUST101966,Union Bank of India,Affluent,10,14,22800,400000,212,287,503000,8570000,35.3,Low Risk
CUST101967,Kotak Mahindra Bank,Mass Retail,2,11,6700,25000,52,271,128000,510000,22.7,Low Risk
CUST101968,Axis Bank,Mass Retail,1,6,2000,25000,16,131,50000,620000,10.9,Low Risk
CUST101969,Kotak Mahindra Bank,Mass Retail,1,8,700,25000,18,163,12000,470000,6.7,Low Risk
CUST101970,Punjab National Bank,Mass Retail,1,9,8200,25000,17,219,127000,550000,19.9,Low Risk
CUST101971,IDFC First Bank,Mass Retail,3,10,10000,40000,60,196,181000,910000,26.0,Low Risk
CUST101972,Federal Bank,Business,21,72,209000,500000,361,1627,4795000,12270000,33.9,Low Risk
CUST101973,Canara Bank,Mass Retail,11,9,33600,25000,211,175,821000,590000,129.9,High Risk
CUST101974,Punjab National Bank,Affluent,15,18,239700,400000,409,387,8187000,9000000,83.9,Medium Risk
CUST101975,Axis Bank,Mass Retail,1,8,3800,40000,10,186,66000,750000,9.1,Low Risk
CUST101976,Punjab National Bank,SME,36,41,202500,400000,908,939,5643000,8250000,74.0,Medium Risk
CUST101977,Canara Bank,Mass Retail,1,6,12100,50000,22,131,200000,950000,20.1,Low Risk
CUST101978,Kotak Mahindra Bank,Affluent,3,17,105000,400000,58,374,2358000,9670000,21.5,Low Risk
CUST101979,Axis Bank,Business,15,47,2010900,1500000,668,968,44837000,34870000,95.9,High Risk
CUST101980,IndusInd Bank,Business,12,64,9100,1000000,256,1420,196000,23300000,8.7,Low Risk
CUST101981,State Bank of India,Mass Retail,2,10,11200,50000,41,257,192000,1130000,18.8,Low Risk
CUST101982,Kotak Mahindra Bank,Business,7,57,310000,1000000,133,1422,5588000,21550000,20.6,Low Risk
CUST101983,Indian Bank,Affluent,6,16,17000,100000,102,320,303000,1900000,24.6,Low Risk
CUST101984,Bank of India,Affluent,0,13,205300,400000,8,250,3914000,8120000,28.4,Low Risk
CUST101985,Kotak Mahindra Bank,Mass Retail,6,6,29200,25000,173,153,494000,470000,109.0,High Risk
CUST101986,Kotak Mahindra Bank,Mass Retail,5,12,11400,50000,86,272,176000,1150000,26.9,Low Risk
CUST101987,ICICI Bank,Premium,8,24,894300,750000,381,546,18683000,14340000,92.4,High Risk
CUST101988,Canara Bank,Affluent,19,20,158600,200000,428,489,3340000,4580000,82.8,Medium Risk
CUST101989,IndusInd Bank,Affluent,1,15,118500,400000,31,318,1816000,9140000,17.7,Low Risk
CUST101990,IDFC First Bank,Premium,6,31,56500,300000,127,694,841000,6360000,17.1,Low Risk
CUST101991,Canara Bank,Premium,3,24,211900,1000000,90,619,4123000,18950000,18.0,Low Risk
CUST101992,IndusInd Bank,Mass Retail,3,8,8900,25000,71,190,174000,510000,36.1,Low Risk
CUST101993,Punjab National Bank,Affluent,7,19,134900,400000,127,381,2664000,8100000,34.2,Low Risk
CUST101994,Bank of India,Mass Retail,9,9,24300,25000,212,179,581000,570000,103.7,High Risk
CUST101995,IndusInd Bank,Premium,4,22,230600,750000,79,449,3366000,14100000,23.3,Low Risk
CUST101996,Indian Bank,Premium,8,20,87200,300000,169,487,1431000,7140000,30.2,Low Risk
CUST101997,HDFC Bank,SME,8,46,43700,400000,151,969,873000,9330000,12.9,Low Risk
CUST101998,Bank of Baroda,Mass Retail,4,13,17100,75000,74,249,326000,1450000,26.0,Low Risk
CUST101999,Axis Bank,Mass Retail,2,6,4200,25000,42,154,97000,580000,22.7,Low Risk
CUST102000,Bank of India,Mass Retail,5,7,53600,40000,99,141,1237000,910000,106.6,High Risk
CUST102001,Bank of India,Mass Retail,10,10,39300,50000,177,191,1056000,1160000,90.1,High Risk
CUST102002,Bank of India,Mass Retail,3,9,20500,100000,53,186,315000,1930000,23.5,Low Risk
CUST102003,Indian Bank,Business,4,56,51500,1000000,69,1156,805000,19100000,5.4,Low Risk
CUST102004,Union Bank of India,Mass Retail,2,11,18500,50000,36,241,297000,980000,26.0,Low Risk
CUST102005,HDFC Bank,Mass Retail,2,10,12900,50000,68,254,242000,1030000,24.1,Low Risk
CUST102006,Canara Bank,Premium,10,26,52600,750000,267,654,1131000,17670000,21.0,Low Risk
CUST102007,IDFC First Bank,Affluent,4,13,36200,400000,70,289,821000,9270000,17.1,Low Risk
CUST102008,ICICI Bank,Premium,2,32,11600,750000,40,700,202000,18360000,3.5,Low Risk
CUST102009,Union Bank of India,Mass Retail,2,8,19300,40000,31,183,242000,740000,31.9,Low Risk
CUST102010,Punjab National Bank,Affluent,3,20,121500,400000,53,414,1620000,7230000,20.7,Low Risk
CUST102011,Union Bank of India,Mass Retail,6,13,8700,25000,82,252,159000,570000,35.0,Low Risk
CUST102012,Punjab National Bank,Mass Retail,2,7,26200,100000,41,179,397000,2000000,24.3,Low Risk
CUST102013,Bank of Baroda,Business,17,61,188900,500000,255,1239,3679000,10170000,31.5,Low Risk
CUST102014,Bank of Baroda,Mass Retail,4,12,11000,75000,79,245,226000,1640000,22.4,Low Risk
CUST102015,Canara Bank,Affluent,4,12,11900,100000,65,268,229000,1870000,19.3,Low Risk
CUST102016,Punjab National Bank,Mass Retail,10,9,31700,40000,243,202,677000,900000,93.9,High Risk
CUST102017,Axis Bank,Mass Retail,1,13,7600,40000,13,249,159000,810000,13.8,Low Risk
CUST102018,Canara Bank,Business,9,61,365800,1500000,162,1222,6340000,33640000,18.2,Low Risk
CUST102019,Bank of India,Mass Retail,5,10,50200,50000,160,216,1452000,1190000,89.4,Medium Risk
CUST102020,IndusInd Bank,Premium,6,20,79200,300000,139,476,1249000,5760000,26.4,Low Risk
CUST102021,Bank of Baroda,SME,0,36,751400,1500000,5,742,12641000,36770000,23.7,Low Risk
CUST102022,Yes Bank,Affluent,6,16,254200,400000,102,351,4781000,8690000,48.1,Low-Medium Risk
CUST102023,Federal Bank,SME,4,53,46100,200000,84,1214,881000,4890000,14.8,Low Risk
CUST102024,Yes Bank,Mass Retail,2,8,8700,100000,48,202,166000,1950000,15.8,Low Risk
CUST102025,Federal Bank,Mass Retail,4,10,4900,25000,80,213,112000,560000,28.4,Low Risk
CUST102026,HDFC Bank,Mass Retail,1,11,8800,25000,13,219,149000,520000,21.2,Low Risk
CUST102027,Canara Bank,Premium,14,25,54500,300000,223,561,904000,7030000,29.8,Low Risk
CUST102028,IDFC First Bank,SME,35,43,511700,1500000,1261,1042,10075000,33360000,62.4,Low-Medium Risk
CUST102029,Bank of Baroda,Mass Retail,1,10,2900,40000,25,198,54000,860000,8.7,Low Risk
CUST102030,ICICI Bank,Premium,0,29,315900,1000000,4,637,7539000,24390000,17.9,Low Risk
CUST102031,State Bank of India,Mass Retail,1,10,19900,100000,21,191,401000,2060000,15.5,Low Risk
CUST102032,Bank of India,Affluent,18,19,127800,200000,362,365,4296000,3910000,91.4,High Risk
CUST102033,Kotak Mahindra Bank,Affluent,12,13,197000,300000,268,291,7292000,6680000,89.5,Medium Risk
CUST102034,Kotak Mahindra Bank,SME,14,50,180900,400000,217,1054,3684000,8950000,34.9,Low Risk
CUST102035,Kotak Mahindra Bank,Affluent,1,12,61200,400000,26,299,1036000,8430000,11.3,Low Risk
CUST102036,IDFC First Bank,Mass Retail,2,10,15200,100000,47,232,330000,2140000,17.2,Low Risk
CUST102037,Axis Bank,Mass Retail,3,6,19900,50000,62,133,446000,1240000,42.6,Low-Medium Risk
CUST102038,Kotak Mahindra Bank,Mass Retail,1,8,14900,75000,19,175,317000,1730000,15.7,Low Risk
CUST102039,Union Bank of India,Mass Retail,4,8,2100,50000,65,180,35000,940000,21.2,Low Risk
CUST102040,Federal Bank,Mass Retail,6,10,44600,40000,160,193,1053000,780000,100.6,High Risk
CUST102041,State Bank of India,Business,9,50,227100,1500000,225,1262,5522000,37240000,16.3,Low Risk
CUST102042,IDFC First Bank,Affluent,3,12,67400,300000,84,312,1482000,6930000,23.5,Low Risk
CUST102043,Federal Bank,Affluent,6,17,13800,100000,96,345,346000,2440000,21.7,Low Risk
CUST102044,HDFC Bank,Mass Retail,2,10,11400,40000,33,198,167000,810000,21.9,Low Risk
CUST102045,Indian Bank,Business,2,67,66300,500000,44,1340,1100000,11600000,7.5,Low Risk
CUST102046,Federal Bank,Premium,3,34,112500,750000,49,803,1751000,17250000,10.3,Low Risk
CUST102047,IndusInd Bank,Mass Retail,3,8,95000,75000,94,189,1888000,1500000,90.2,High Risk
CUST102048,Canara Bank,Premium,9,30,350800,750000,159,748,5565000,16390000,33.9,Low Risk
CUST102049,ICICI Bank,Affluent,13,12,109500,100000,369,291,2333000,2240000,111.6,High Risk
CUST102050,Punjab National Bank,Mass Retail,1,8,26000,50000,18,177,502000,1070000,32.6,Low Risk
CUST102051,HDFC Bank,Affluent,4,21,38000,300000,92,489,615000,7140000,14.5,Low Risk
CUST102052,Yes Bank,Affluent,5,12,45000,300000,86,286,790000,7150000,23.1,Low Risk
CUST102053,HDFC Bank,Mass Retail,2,10,3600,25000,50,226,74000,600000,16.5,Low Risk
CUST102054,Indian Bank,SME,21,29,100000,200000,421,648,2213000,4720000,57.3,Low-Medium Risk
CUST102055,Punjab National Bank,Business,4,53,17500,1500000,74,1246,310000,32120000,3.6,Low Risk
CUST102056,ICICI Bank,Premium,5,26,122700,500000,91,595,2157000,10340000,20.4,Low Risk
CUST102057,Punjab National Bank,Affluent,23,19,378000,300000,605,447,10048000,7150000,131.1,High Risk
CUST102058,Axis Bank,Mass Retail,3,12,36000,75000,57,279,799000,1610000,37.3,Low Risk
CUST102059,State Bank of India,Premium,14,22,199300,750000,280,529,3143000,14790000,39.2,Low Risk
CUST102060,ICICI Bank,Affluent,2,17,30200,300000,56,399,647000,6470000,11.3,Low Risk
CUST102061,Axis Bank,Mass Retail,5,11,13400,50000,107,249,263000,950000,34.8,Low Risk
CUST102062,Bank of India,Affluent,5,20,165500,400000,123,475,2828000,9140000,31.4,Low Risk
CUST102063,Canara Bank,Business,41,52,208700,2500000,1239,1152,4338000,50880000,45.9,Low-Medium Risk
CUST102064,IDFC First Bank,Affluent,3,17,44800,150000,60,352,886000,2970000,24.5,Low Risk
CUST102065,Bank of India,Mass Retail,4,13,8600,100000,60,247,148000,2470000,16.3,Low Risk
CUST102066,Canara Bank,Premium,11,26,104400,750000,256,596,2203000,17580000,26.3,Low Risk
CUST102067,ICICI Bank,Mass Retail,2,11,10100,40000,42,254,225000,940000,21.4,Low Risk
CUST102068,State Bank of India,Mass Retail,6,7,69800,100000,212,181,1997000,2240000,89.2,Medium Risk
CUST102069,Union Bank of India,Mass Retail,1,10,4700,100000,11,215,110000,2390000,6.1,Low Risk
CUST102070,ICICI Bank,Mass Retail,2,8,7200,40000,43,174,137000,930000,20.2,Low Risk
CUST102071,ICICI Bank,Premium,27,31,445800,750000,631,633,14547000,16640000,82.0,Medium Risk
CUST102072,Canara Bank,Affluent,5,12,59900,400000,101,234,1105000,9890000,26.0,Low Risk
CUST102073,Bank of Baroda,Mass Retail,1,7,5800,50000,12,171,109000,970000,11.1,Low Risk
CUST102074,HDFC Bank,Business,5,56,182100,1500000,82,1162,4044000,36910000,10.0,Low Risk
CUST102075,State Bank of India,Business,20,82,886000,2500000,350,1908,15508000,52030000,27.4,Low Risk
CUST102076,Federal Bank,Business,52,47,2716100,2500000,1221,1119,64781000,54250000,112.2,High Risk
CUST102077,Bank of India,Mass Retail,1,8,2400,25000,26,178,43000,470000,11.3,Low Risk
CUST102078,HDFC Bank,Affluent,23,21,91100,150000,645,528,3291000,3270000,96.4,High Risk
CUST102079,State Bank of India,SME,8,40,147200,750000,185,884,2876000,16710000,19.4,Low Risk
CUST102080,HDFC Bank,Premium,12,25,20900,300000,220,525,543000,7500000,23.7,Low Risk
CUST102081,Bank of India,Mass Retail,5,10,500,40000,104,253,10000,990000,20.6,Low Risk
CUST102082,Federal Bank,Mass Retail,0,8,16500,50000,10,200,286000,1240000,16.8,Low Risk
CUST102083,Bank of Baroda,Affluent,2,19,20100,300000,36,383,424000,6130000,8.3,Low Risk
CUST102084,Kotak Mahindra Bank,Business,87,76,796400,1000000,1626,1458,17183000,24940000,91.4,High Risk
CUST102085,Axis Bank,Affluent,2,19,92800,200000,36,373,1394000,4240000,26.7,Low Risk
CUST102086,Punjab National Bank,Affluent,12,13,119900,100000,357,273,3434000,2400000,122.7,High Risk
CUST102087,Federal Bank,Mass Retail,0,7,900,25000,6,181,17000,490000,2.6,Low Risk
CUST102088,HDFC Bank,Premium,1,23,109000,1000000,23,527,1721000,21540000,7.1,Low Risk
CUST102089,Bank of India,Business,3,41,322800,1000000,60,886,7295000,24760000,20.2,Low Risk
CUST102090,Bank of Baroda,Mass Retail,2,6,29200,75000,50,151,635000,1850000,35.0,Low Risk
CUST102091,ICICI Bank,Premium,27,28,198800,1000000,545,621,4460000,22790000,51.7,Low-Medium Risk
CUST102092,Punjab National Bank,SME,10,33,364300,1500000,172,700,7505000,35380000,24.7,Low Risk
CUST102093,IndusInd Bank,Mass Retail,6,6,94500,75000,188,154,1803000,1440000,119.1,High Risk
CUST102094,Canara Bank,Affluent,17,17,117100,100000,520,424,2496000,2310000,112.1,High Risk
CUST102095,Federal Bank,Mass Retail,1,7,19500,100000,12,174,370000,2230000,15.0,Low Risk
CUST102096,ICICI Bank,Premium,5,33,116100,500000,91,745,1879000,9320000,18.0,Low Risk
CUST102097,Canara Bank,Affluent,5,20,160100,400000,96,491,2799000,7520000,31.5,Low Risk
CUST102098,Canara Bank,Affluent,2,13,4000,150000,40,263,65000,2810000,8.0,Low Risk
CUST102099,Yes Bank,Premium,1,23,363700,1000000,19,529,6173000,23070000,19.4,Low Risk
CUST102100,Kotak Mahindra Bank,Mass Retail,3,12,30400,100000,54,311,472000,1900000,24.6,Low Risk
CUST102101,IndusInd Bank,Business,26,82,859500,2500000,569,1725,15903000,53190000,32.2,Low Risk
CUST102102,ICICI Bank,Affluent,6,20,40700,100000,136,491,865000,2050000,36.0,Low Risk
CUST102103,Bank of India,Mass Retail,2,7,22000,50000,41,157,401000,1090000,34.8,Low Risk
CUST102104,Indian Bank,Premium,10,28,82000,300000,185,540,1393000,6880000,28.6,Low Risk
CUST102105,Canara Bank,Premium,5,34,465700,750000,91,828,9124000,17090000,37.9,Low Risk
CUST102106,Union Bank of India,Mass Retail,13,11,126800,100000,263,222,2788000,2160000,123.6,High Risk
CUST102107,Indian Bank,Business,18,61,33400,500000,437,1429,480000,10630000,16.8,Low Risk
CUST102108,Bank of Baroda,Business,7,68,340500,5000000,117,1333,4635000,103920000,7.3,Low Risk
CUST102109,Federal Bank,Mass Retail,4,7,3800,50000,97,179,81000,1200000,28.6,Low Risk
CUST102110,State Bank of India,SME,14,47,88200,400000,209,989,1405000,8130000,22.1,Low Risk
CUST102111,HDFC Bank,Mass Retail,7,8,52500,100000,156,165,1022000,1980000,69.4,Medium Risk
CUST102112,Punjab National Bank,Mass Retail,1,12,14900,50000,26,239,236000,1160000,18.2,Low Risk
CUST102113,IndusInd Bank,Mass Retail,9,10,61000,100000,339,256,1946000,2050000,92.5,High Risk
CUST102114,IndusInd Bank,Business,22,49,169200,1000000,547,1175,3975000,23930000,29.8,Low Risk
CUST102115,Union Bank of India,Premium,9,25,1019800,1000000,260,605,21744000,20300000,75.9,Medium Risk
CUST102116,Union Bank of India,Mass Retail,2,9,3400,25000,43,202,55000,570000,16.2,Low Risk
CUST102117,Axis Bank,Affluent,9,19,279400,200000,198,424,4633000,3660000,95.4,High Risk
CUST102118,Canara Bank,Affluent,7,17,437600,400000,269,336,10543000,8280000,92.7,High Risk
CUST102119,State Bank of India,Mass Retail,2,10,12200,100000,44,229,195000,2040000,14.7,Low Risk
CUST102120,IDFC First Bank,Business,38,40,1559900,1500000,819,829,43965000,35580000,106.5,High Risk
CUST102121,IDFC First Bank,Business,19,58,1095100,5000000,403,1499,27835000,123850000,25.5,Low Risk
CUST102122,Bank of Baroda,Affluent,3,12,157400,300000,57,295,2386000,6370000,34.6,Low Risk
CUST102123,Union Bank of India,SME,8,34,27000,750000,180,744,499000,17830000,12.5,Low Risk
CUST102124,State Bank of India,Mass Retail,8,8,71900,75000,217,160,2303000,1720000,116.3,High Risk
CUST102125,Bank of India,SME,11,33,98700,750000,216,808,1669000,18580000,19.4,Low Risk
CUST102126,IndusInd Bank,Premium,15,31,161700,500000,323,615,2519000,11840000,37.1,Low Risk
CUST102127,IDFC First Bank,Affluent,0,17,4600,100000,4,346,72000,1850000,2.7,Low Risk
CUST102128,IndusInd Bank,Mass Retail,5,9,25900,25000,119,184,703000,570000,90.2,High Risk
CUST102129,Canara Bank,Business,54,55,4053500,5000000,1676,1259,91929000,108740000,97.3,High Risk
CUST102130,IndusInd Bank,Affluent,2,20,46700,150000,35,490,797000,2720000,20.5,Low Risk
CUST102131,HDFC Bank,Mass Retail,1,10,16200,75000,23,212,234000,1480000,15.3,Low Risk
CUST102132,Bank of India,Mass Retail,3,10,29900,100000,65,196,555000,2450000,28.7,Low Risk
CUST102133,Bank of India,Affluent,2,13,38700,300000,32,289,643000,7340000,11.9,Low Risk
CUST102134,Union Bank of India,Affluent,4,14,18200,150000,87,339,418000,3540000,18.8,Low Risk
CUST102135,Federal Bank,Premium,16,28,356400,750000,340,575,5863000,18650000,47.6,Low-Medium Risk
CUST102136,Canara Bank,Business,93,88,211500,1500000,2041,1807,4513000,35470000,55.7,Low-Medium Risk
CUST102137,ICICI Bank,Mass Retail,2,9,7600,40000,36,231,119000,720000,18.4,Low Risk
CUST102138,ICICI Bank,Premium,8,20,16900,300000,181,514,280000,6000000,19.6,Low Risk
CUST102139,State Bank of India,Mass Retail,5,13,50300,100000,106,337,736000,1820000,40.4,Low-Medium Risk
CUST102140,Axis Bank,Business,10,41,132900,500000,234,1011,1662000,9330000,22.9,Low Risk
CUST102141,HDFC Bank,Business,16,78,1350900,5000000,342,1585,23407000,97660000,23.7,Low Risk
CUST102142,Kotak Mahindra Bank,Affluent,5,13,33700,100000,82,266,727000,2150000,34.2,Low Risk
CUST102143,HDFC Bank,Premium,23,21,532000,750000,449,449,12028000,17950000,84.8,Medium Risk
CUST102144,Bank of India,Mass Retail,3,12,4900,40000,49,255,101000,960000,16.1,Low Risk
CUST102145,IndusInd Bank,Affluent,4,17,10100,400000,118,437,159000,8930000,12.6,Low Risk
CUST102146,IndusInd Bank,Business,82,74,1935100,2500000,1791,1815,43893000,61240000,87.9,Medium Risk
CUST102147,ICICI Bank,Affluent,4,14,23900,200000,100,337,424000,4300000,19.1,Low Risk
CUST102148,Indian Bank,Mass Retail,11,10,50600,75000,259,203,1129000,1820000,88.5,Medium Risk
CUST102149,Axis Bank,Affluent,12,20,394300,300000,350,507,6703000,6350000,94.7,High Risk
CUST102150,Bank of Baroda,Business,62,64,1889900,2500000,1664,1587,30033000,49850000,82.5,Medium Risk
CUST102151,HDFC Bank,Mass Retail,2,7,20700,75000,34,141,337000,1830000,24.5,Low Risk
CUST102152,Canara Bank,Mass Retail,10,11,59100,100000,309,276,2058000,2070000,88.9,Medium Risk
CUST102153,Yes Bank,Premium,7,34,260400,750000,120,711,5037000,16140000,26.8,Low Risk
CUST102154,Bank of India,Business,1,40,228800,1500000,14,783,3457000,30450000,8.2,Low Risk
CUST102155,Canara Bank,Mass Retail,2,10,8100,25000,41,236,162000,570000,24.9,Low Risk
CUST102156,HDFC Bank,Mass Retail,1,11,500,25000,28,259,11000,620000,5.5,Low Risk
CUST102157,Yes Bank,Mass Retail,4,11,10000,50000,60,216,190000,910000,25.6,Low Risk
CUST102158,HDFC Bank,Mass Retail,1,7,31200,100000,8,149,707000,2430000,21.0,Low Risk
CUST102159,Indian Bank,Affluent,3,14,32800,200000,80,363,569000,3610000,18.4,Low Risk
CUST102160,State Bank of India,Premium,22,21,46800,1000000,536,499,1299000,20550000,49.7,Low-Medium Risk
CUST102161,Axis Bank,Premium,22,34,298800,300000,394,820,8082000,5750000,92.3,High Risk
CUST102162,Canara Bank,Affluent,4,14,29500,150000,80,287,547000,3500000,22.6,Low Risk
CUST102163,Union Bank of India,Mass Retail,13,12,67700,100000,257,235,1597000,1840000,91.1,High Risk
CUST102164,Kotak Mahindra Bank,Business,35,75,151400,500000,530,1570,2901000,10940000,33.8,Low Risk
CUST102165,IndusInd Bank,Affluent,16,21,89700,100000,373,436,1853000,2010000,86.6,Medium Risk
CUST102166,ICICI Bank,SME,3,31,72500,750000,48,640,984000,14200000,8.7,Low Risk
CUST102167,Yes Bank,Affluent,5,19,6700,200000,76,387,146000,4680000,11.8,Low Risk
CUST102168,Axis Bank,Mass Retail,3,8,32100,100000,73,184,503000,1950000,33.4,Low Risk
CUST102169,Indian Bank,Premium,5,21,299400,500000,86,447,5542000,9780000,42.2,Low-Medium Risk
CUST102170,Yes Bank,Mass Retail,6,13,29600,100000,154,322,589000,1990000,37.5,Low Risk
CUST102171,IndusInd Bank,Premium,4,27,45800,300000,63,548,720000,6630000,13.0,Low Risk
CUST102172,IndusInd Bank,Mass Retail,2,8,14900,50000,37,178,304000,1130000,26.1,Low Risk
CUST102173,Kotak Mahindra Bank,Mass Retail,4,12,24500,40000,70,229,362000,720000,45.2,Low-Medium Risk
CUST102174,Indian Bank,Business,11,70,227200,1000000,215,1566,3647000,19690000,18.4,Low Risk
CUST102175,IndusInd Bank,Mass Retail,12,10,83300,75000,260,194,1648000,1580000,116.1,High Risk
CUST102176,Indian Bank,Business,15,45,1121100,2500000,408,1163,22549000,50810000,39.9,Low Risk
CUST102177,State Bank of India,Mass Retail,1,13,8500,75000,19,319,158000,1810000,8.7,Low Risk
CUST102178,Canara Bank,Affluent,3,21,15300,150000,59,471,374000,3530000,11.8,Low Risk
CUST102179,Kotak Mahindra Bank,Premium,24,21,915800,1000000,416,412,21414000,22380000,99.9,High Risk
CUST102180,Kotak Mahindra Bank,Affluent,6,20,11200,150000,153,463,166000,3050000,17.2,Low Risk
CUST102181,Bank of India,Mass Retail,11,13,42900,50000,380,316,863000,1150000,90.2,High Risk
CUST102182,ICICI Bank,Mass Retail,3,12,2300,25000,46,244,47000,600000,14.4,Low Risk
CUST102183,Axis Bank,Mass Retail,2,13,1700,50000,39,299,36000,1110000,7.8,Low Risk
CUST102184,Bank of India,Mass Retail,2,6,4300,40000,37,148,107000,940000,18.9,Low Risk
CUST102185,ICICI Bank,Premium,12,34,239000,500000,265,829,5170000,11620000,40.5,Low-Medium Risk
CUST102186,Bank of Baroda,SME,8,53,36100,400000,191,1305,709000,8800000,11.4,Low Risk
CUST102187,Union Bank of India,Business,20,87,247600,2500000,496,2189,4346000,50460000,15.4,Low Risk
CUST102188,Bank of Baroda,Premium,1,25,98400,1000000,13,639,2159000,23220000,6.6,Low Risk
CUST102189,Federal Bank,Premium,1,28,241300,1000000,21,611,3649000,19450000,13.6,Low Risk
CUST102190,HDFC Bank,Premium,5,25,117900,500000,123,575,2827000,11730000,22.5,Low Risk
CUST102191,Federal Bank,Mass Retail,1,7,15800,50000,34,172,356000,1180000,24.8,Low Risk
CUST102192,ICICI Bank,Business,10,65,24600,500000,241,1552,405000,11880000,9.1,Low Risk
CUST102193,Punjab National Bank,Premium,2,27,123800,1000000,38,701,2469000,21310000,9.4,Low Risk
CUST102194,State Bank of India,Affluent,2,14,182000,400000,26,267,2666000,7740000,27.7,Low Risk
CUST102195,State Bank of India,Mass Retail,11,11,30900,50000,316,236,856000,930000,94.6,High Risk
CUST102196,Canara Bank,Affluent,3,13,5700,400000,64,273,122000,9280000,10.7,Low Risk
CUST102197,Yes Bank,Affluent,4,12,18100,100000,59,250,404000,2420000,22.3,Low Risk
CUST102198,Kotak Mahindra Bank,Business,59,66,1444200,1500000,1798,1357,37676000,33830000,106.6,High Risk
CUST102199,Axis Bank,Affluent,4,15,77900,400000,67,359,1280000,7600000,20.2,Low Risk
CUST102200,IndusInd Bank,Mass Retail,1,11,3300,50000,31,216,58000,1230000,8.4,Low Risk
CUST102201,HDFC Bank,SME,11,52,257900,750000,194,1258,6335000,18690000,27.0,Low Risk
CUST102202,IDFC First Bank,Mass Retail,6,10,3300,25000,96,239,68000,530000,29.3,Low Risk
CUST102203,HDFC Bank,Affluent,9,16,24200,300000,201,332,526000,6650000,30.2,Low Risk
CUST102204,Indian Bank,Mass Retail,1,8,4500,40000,9,166,93000,940000,9.6,Low Risk
CUST102205,HDFC Bank,Premium,3,20,55400,750000,57,468,1242000,17370000,9.9,Low Risk
CUST102206,Punjab National Bank,Business,13,58,242700,5000000,241,1411,4348000,123870000,11.1,Low Risk
CUST102207,Bank of Baroda,Mass Retail,4,12,18000,75000,116,302,315000,1410000,28.5,Low Risk
CUST102208,Bank of India,Business,41,40,984800,1500000,1240,999,33480000,33100000,96.5,High Risk
CUST102209,Union Bank of India,Mass Retail,2,10,1500,25000,48,258,30000,570000,11.7,Low Risk
CUST102210,State Bank of India,Business,21,62,811100,2500000,517,1430,17198000,60580000,32.2,Low Risk
CUST102211,HDFC Bank,Premium,6,34,40400,1000000,150,862,904000,24120000,9.9,Low Risk
CUST102212,Bank of Baroda,Business,11,82,130300,1500000,208,2022,2721000,37270000,9.5,Low Risk
CUST102213,Bank of India,Mass Retail,1,8,7200,25000,17,202,135000,540000,19.5,Low Risk
CUST102214,State Bank of India,SME,11,31,40800,200000,208,592,805000,4760000,25.8,Low Risk
CUST102215,Bank of India,Premium,9,20,65000,1000000,240,515,1019000,20990000,23.3,Low Risk
CUST102216,Bank of Baroda,Mass Retail,1,6,10600,100000,17,134,179000,2100000,12.2,Low Risk
CUST102217,Axis Bank,Business,33,65,180000,5000000,786,1598,3001000,98870000,24.0,Low Risk
CUST102218,IDFC First Bank,Mass Retail,3,8,18100,100000,50,159,289000,2370000,23.6,Low Risk
CUST102219,HDFC Bank,Business,11,77,86200,500000,203,1676,1936000,12450000,15.0,Low Risk
CUST102220,Kotak Mahindra Bank,Mass Retail,5,12,300,75000,98,251,5000,1480000,17.8,Low Risk
CUST102221,IndusInd Bank,Premium,24,34,172600,1000000,485,715,2450000,18390000,39.0,Low Risk
CUST102222,Yes Bank,Affluent,2,17,45100,300000,37,338,718000,7110000,12.1,Low Risk
CUST102223,Axis Bank,Mass Retail,4,12,11800,50000,78,296,272000,1120000,26.4,Low Risk
CUST102224,Bank of India,Mass Retail,1,6,1700,75000,17,114,35000,1850000,8.2,Low Risk
CUST102225,Canara Bank,Mass Retail,4,8,13800,25000,70,170,234000,490000,48.9,Low-Medium Risk
CUST102226,Punjab National Bank,Affluent,2,13,5800,200000,39,263,85000,3700000,8.0,Low Risk
CUST102227,Union Bank of India,Mass Retail,4,10,7000,25000,93,231,110000,540000,31.0,Low Risk
CUST102228,Indian Bank,Affluent,9,15,330900,300000,166,312,7996000,5580000,95.7,High Risk
CUST102229,Indian Bank,Mass Retail,2,10,35600,100000,42,208,503000,1980000,25.9,Low Risk
CUST102230,Canara Bank,Mass Retail,5,9,5900,25000,104,202,87000,470000,35.6,Low Risk
CUST102231,Canara Bank,Premium,4,26,35400,750000,86,613,567000,14680000,8.9,Low Risk
CUST102232,HDFC Bank,Mass Retail,10,12,58200,100000,255,238,1318000,1870000,77.6,Medium Risk
CUST102233,Axis Bank,Business,26,68,512600,5000000,501,1376,11351000,123390000,21.6,Low Risk
CUST102234,IndusInd Bank,Business,10,45,126100,1000000,199,933,1835000,19950000,15.6,Low Risk
CUST102235,Yes Bank,Premium,27,25,235600,300000,687,645,6596000,6330000,98.5,High Risk
CUST102236,HDFC Bank,Affluent,7,20,24100,100000,122,436,559000,2430000,27.0,Low Risk
CUST102237,Kotak Mahindra Bank,Business,14,56,126000,500000,348,1299,1867000,11370000,22.9,Low Risk
CUST102238,Yes Bank,Mass Retail,16,13,54200,75000,322,269,1713000,1670000,102.5,High Risk
CUST102239,Indian Bank,Mass Retail,1,10,33600,75000,23,224,726000,1720000,28.8,Low Risk
CUST102240,Canara Bank,Mass Retail,0,11,6800,40000,10,215,150000,950000,10.3,Low Risk
CUST102241,Bank of Baroda,Premium,3,26,54300,750000,59,500,1083000,18110000,8.9,Low Risk
CUST102242,Kotak Mahindra Bank,Mass Retail,10,10,52300,40000,280,223,1057000,900000,119.2,High Risk
CUST102243,Kotak Mahindra Bank,Affluent,4,15,5200,200000,80,327,96000,4850000,12.6,Low Risk
CUST102244,Punjab National Bank,SME,8,31,82200,400000,131,619,1321000,8700000,20.4,Low Risk
CUST102245,Yes Bank,Business,8,54,183200,1500000,148,1286,2849000,29910000,12.1,Low Risk
CUST102246,Indian Bank,Affluent,1,17,17000,150000,14,441,364000,3620000,7.9,Low Risk
CUST102247,Canara Bank,Mass Retail,6,12,25200,75000,135,261,560000,1630000,41.5,Low-Medium Risk
CUST102248,Bank of India,Business,2,46,591800,1500000,41,1075,9621000,36510000,20.0,Low Risk
CUST102249,Bank of India,Affluent,1,21,70000,300000,21,541,1323000,5480000,15.1,Low Risk
CUST102250,Punjab National Bank,Mass Retail,3,10,7000,75000,73,248,114000,1560000,17.5,Low Risk
CUST102251,Yes Bank,Mass Retail,14,12,48400,75000,329,267,1377000,1850000,91.7,High Risk
CUST102252,Bank of Baroda,Business,25,68,324000,2500000,543,1643,4383000,49370000,21.6,Low Risk
CUST102253,Indian Bank,Premium,21,24,202200,750000,432,478,5146000,18440000,54.6,Low-Medium Risk
CUST102254,Punjab National Bank,Business,10,68,387900,5000000,183,1536,7144000,123390000,9.9,Low Risk
CUST102255,Federal Bank,Business,72,65,1309700,1500000,1693,1362,32750000,36260000,101.3,High Risk
CUST102256,Punjab National Bank,Affluent,26,21,337000,400000,484,423,8851000,8780000,104.2,High Risk
CUST102257,Union Bank of India,Affluent,2,14,61100,400000,34,308,1142000,9010000,13.3,Low Risk
CUST102258,HDFC Bank,Affluent,1,14,102000,200000,20,279,2234000,4820000,30.2,Low Risk
CUST102259,Indian Bank,Mass Retail,1,7,17300,50000,24,167,269000,1170000,22.4,Low Risk
CUST102260,Bank of India,Affluent,16,18,354700,400000,490,399,6282000,8960000,91.2,High Risk
CUST102261,Axis Bank,Premium,24,20,181200,300000,485,454,6162000,7460000,90.0,High Risk
CUST102262,ICICI Bank,Affluent,7,20,69600,400000,110,400,1105000,9120000,22.0,Low Risk
CUST102263,Bank of India,Business,66,80,194300,1000000,1285,1598,3517000,24830000,44.9,Low-Medium Risk
CUST102264,IndusInd Bank,Affluent,10,17,182400,400000,244,392,3269000,7360000,51.8,Low-Medium Risk
CUST102265,Federal Bank,Affluent,2,14,22100,200000,44,363,394000,3790000,11.6,Low Risk
CUST102266,Canara Bank,Affluent,17,19,340700,300000,524,374,8782000,6350000,120.9,High Risk
CUST102267,Indian Bank,Affluent,4,21,218100,400000,94,441,4422000,8280000,39.0,Low Risk
CUST102268,Yes Bank,Premium,19,34,377100,300000,408,853,8131000,7040000,90.4,High Risk
CUST102269,IndusInd Bank,Mass Retail,9,8,94300,100000,197,156,1330000,1910000,98.3,High Risk
CUST102270,Kotak Mahindra Bank,Affluent,18,17,414700,400000,435,427,10466000,9930000,104.3,High Risk
CUST102271,IDFC First Bank,Mass Retail,4,12,6100,25000,74,272,129000,510000,26.9,Low Risk
CUST102272,State Bank of India,Mass Retail,5,11,23300,100000,120,240,509000,2100000,34.1,Low Risk
CUST102273,Union Bank of India,Affluent,5,13,20000,150000,109,275,378000,2990000,24.4,Low Risk
CUST102274,Axis Bank,Premium,5,28,75200,500000,106,590,1201000,11030000,15.2,Low Risk
CUST102275,Indian Bank,SME,3,26,297500,750000,52,550,5082000,13810000,26.2,Low Risk
CUST102276,IDFC First Bank,Affluent,6,14,15600,300000,113,353,295000,5710000,19.3,Low Risk
CUST102277,Bank of India,Premium,26,26,188100,300000,713,626,7008000,6970000,93.0,High Risk
CUST102278,Indian Bank,Affluent,3,13,104800,300000,68,308,1779000,5790000,28.4,Low Risk
CUST102279,Indian Bank,Affluent,5,20,11100,150000,93,492,214000,2950000,13.6,Low Risk
CUST102280,Canara Bank,Mass Retail,4,7,7900,50000,86,146,141000,1180000,33.4,Low Risk
CUST102281,Union Bank of India,Mass Retail,6,10,2500,25000,143,233,45000,470000,32.2,Low Risk
CUST102282,HDFC Bank,Mass Retail,1,7,1400,25000,26,156,25000,530000,9.9,Low Risk
CUST102283,IDFC First Bank,Affluent,2,18,11500,300000,54,441,195000,5450000,7.3,Low Risk
CUST102284,Federal Bank,Mass Retail,15,13,68900,75000,319,275,1662000,1530000,107.1,High Risk
CUST102285,Kotak Mahindra Bank,Mass Retail,12,10,23800,40000,267,235,605000,920000,86.8,Medium Risk
CUST102286,Yes Bank,Mass Retail,6,13,8500,50000,151,327,153000,930000,29.5,Low Risk
CUST102287,IndusInd Bank,SME,6,26,27100,200000,98,567,546000,4840000,15.8,Low Risk
CUST102288,IDFC First Bank,Mass Retail,5,11,3900,75000,92,214,64000,1830000,21.6,Low Risk
CUST102289,IDFC First Bank,Affluent,1,12,223700,400000,22,271,4356000,7490000,35.4,Low Risk
CUST102290,Punjab National Bank,Mass Retail,4,9,12700,50000,75,193,249000,1250000,30.9,Low Risk
CUST102291,Kotak Mahindra Bank,Affluent,1,17,7900,150000,24,403,141000,3010000,5.4,Low Risk
CUST102292,HDFC Bank,Mass Retail,3,11,17100,40000,72,282,288000,740000,34.6,Low Risk
CUST102293,Kotak Mahindra Bank,Mass Retail,1,9,17900,100000,22,202,329000,1800000,14.9,Low Risk
CUST102294,HDFC Bank,Affluent,2,21,45800,150000,40,468,642000,3130000,18.7,Low Risk
CUST102295,Union Bank of India,Mass Retail,1,12,14700,50000,34,283,245000,1120000,18.7,Low Risk
CUST102296,Punjab National Bank,Mass Retail,14,13,67600,75000,253,256,1590000,1520000,100.1,High Risk
CUST102297,ICICI Bank,Mass Retail,4,7,23400,100000,75,145,551000,2390000,36.9,Low Risk
CUST102298,ICICI Bank,Mass Retail,6,6,66400,75000,139,153,1579000,1730000,92.4,High Risk
CUST102299,Union Bank of India,Mass Retail,4,8,10000,40000,65,190,152000,820000,30.8,Low Risk
CUST102300,Yes Bank,Mass Retail,1,10,33900,75000,18,191,621000,1740000,26.9,Low Risk
CUST102301,Bank of Baroda,Business,4,47,621200,1500000,87,960,14318000,36880000,26.4,Low Risk
CUST102302,Indian Bank,Affluent,2,13,22300,200000,60,309,383000,3730000,13.4,Low Risk
CUST102303,Bank of India,Affluent,25,21,81900,100000,473,511,1559000,2010000,91.4,High Risk
CUST102304,IDFC First Bank,Mass Retail,2,10,4800,25000,44,249,104000,530000,19.3,Low Risk
CUST102305,Kotak Mahindra Bank,SME,14,45,78800,400000,299,947,1354000,8590000,23.9,Low Risk
CUST102306,Bank of India,Mass Retail,2,8,100,40000,39,204,1000,870000,9.7,Low Risk
CUST102307,Yes Bank,Mass Retail,2,13,9100,40000,33,297,169000,800000,18.0,Low Risk
CUST102308,State Bank of India,Affluent,6,18,25300,100000,123,430,386000,2270000,25.4,Low Risk
CUST102309,Union Bank of India,Mass Retail,2,6,8000,40000,53,139,127000,900000,25.1,Low Risk
CUST102310,Bank of India,Mass Retail,3,7,5100,40000,60,139,85000,880000,25.4,Low Risk
CUST102311,Federal Bank,Affluent,4,14,118500,300000,79,360,1561000,5640000,30.3,Low Risk
CUST102312,Bank of Baroda,Business,69,72,5303600,5000000,1524,1430,132754000,106690000,109.1,High Risk
CUST102313,Axis Bank,Affluent,5,14,44300,100000,71,291,672000,2050000,34.8,Low Risk
CUST102314,Yes Bank,Premium,11,27,1106000,1000000,454,667,24532000,21440000,87.0,Medium Risk
CUST102315,Bank of India,SME,19,51,117600,400000,434,1190,3006000,9780000,32.9,Low Risk
CUST102316,Axis Bank,Mass Retail,1,6,3300,50000,32,149,74000,1070000,12.3,Low Risk
CUST102317,Bank of India,Mass Retail,1,6,600,25000,19,136,10000,450000,7.9,Low Risk
CUST102318,Yes Bank,Mass Retail,2,13,15300,75000,32,281,328000,1580000,17.2,Low Risk
CUST102319,HDFC Bank,Affluent,3,12,2200,200000,60,305,52000,4750000,10.5,Low Risk
CUST102320,Union Bank of India,Mass Retail,2,11,18700,75000,28,212,429000,1760000,20.5,Low Risk
CUST102321,HDFC Bank,Business,20,44,179800,500000,427,1100,3683000,10800000,38.1,Low Risk
CUST102322,Indian Bank,Premium,6,25,194400,1000000,111,515,3376000,19750000,20.2,Low Risk
CUST102323,HDFC Bank,Affluent,21,18,347700,300000,446,449,7393000,6380000,112.5,High Risk
CUST102324,Canara Bank,Mass Retail,7,9,60600,75000,184,180,1212000,1650000,82.7,Medium Risk
CUST102325,ICICI Bank,Business,16,86,316000,1500000,282,1983,7133000,37500000,18.5,Low Risk
CUST102326,IndusInd Bank,SME,3,45,18100,200000,85,1135,306000,4500000,7.6,Low Risk
CUST102327,Bank of India,Business,28,80,370600,1000000,647,1785,7331000,22860000,34.9,Low Risk
CUST102328,State Bank of India,Mass Retail,1,8,14600,25000,24,194,225000,540000,33.3,Low Risk
CUST102329,HDFC Bank,Affluent,0,12,6000,300000,5,296,127000,6140000,1.6,Low Risk
CUST102330,Federal Bank,Mass Retail,1,7,2300,40000,12,169,42000,950000,7.4,Low Risk
CUST102331,Punjab National Bank,Mass Retail,3,8,9200,40000,60,204,142000,860000,25.9,Low Risk
CUST102332,Punjab National Bank,Mass Retail,3,6,10200,40000,51,133,230000,1000000,33.1,Low Risk
CUST102333,Axis Bank,Affluent,4,13,55800,400000,89,263,968000,8480000,21.3,Low Risk
CUST102334,IndusInd Bank,Premium,0,34,329600,750000,2,657,6037000,13860000,24.6,Low Risk
CUST102335,ICICI Bank,Mass Retail,1,6,12900,40000,23,124,256000,910000,24.7,Low Risk
CUST102336,Indian Bank,Mass Retail,5,7,65100,75000,129,140,1721000,1370000,95.5,High Risk
CUST102337,Yes Bank,Affluent,5,21,60400,150000,82,481,984000,2960000,29.5,Low Risk
CUST102338,Bank of Baroda,Mass Retail,4,10,1800,25000,70,203,29000,510000,19.9,Low Risk
CUST102339,IndusInd Bank,Mass Retail,4,12,31900,50000,53,231,510000,1160000,42.6,Low-Medium Risk
CUST102340,Union Bank of India,Mass Retail,3,6,42000,75000,38,116,724000,1610000,46.5,Low-Medium Risk
CUST102341,Yes Bank,Premium,6,28,96800,500000,158,695,1504000,9100000,19.8,Low Risk
CUST102342,Canara Bank,Mass Retail,10,9,18500,25000,243,208,585000,560000,100.0,High Risk
CUST102343,ICICI Bank,Mass Retail,6,13,8100,75000,97,280,110000,1570000,22.9,Low Risk
CUST102344,Bank of India,Mass Retail,4,13,23700,50000,100,328,432000,1220000,36.4,Low Risk
CUST102345,Axis Bank,SME,6,25,133200,750000,114,487,2087000,16120000,19.0,Low Risk
CUST102346,Bank of India,Premium,34,34,339000,500000,925,879,12161000,11480000,93.8,High Risk
CUST102347,Yes Bank,Premium,2,29,475000,1000000,34,676,9055000,19530000,29.0,Low Risk
CUST102348,Kotak Mahindra Bank,Mass Retail,3,9,40800,100000,56,183,668000,2330000,33.7,Low Risk
CUST102349,Kotak Mahindra Bank,Affluent,2,15,89400,400000,53,356,1518000,9220000,16.8,Low Risk
CUST102350,Axis Bank,Mass Retail,3,11,400,40000,47,268,8000,970000,10.5,Low Risk
CUST102351,Federal Bank,Affluent,1,19,172700,400000,23,418,2686000,7290000,24.8,Low Risk
CUST102352,Federal Bank,Business,15,42,1215900,2500000,277,1051,21502000,52830000,38.8,Low Risk
CUST102353,Punjab National Bank,Affluent,18,21,312200,400000,433,421,9289000,9100000,92.0,High Risk
CUST102354,Punjab National Bank,Business,42,40,3292800,2500000,974,838,64498000,46670000,124.2,High Risk
CUST102355,Union Bank of India,Premium,4,30,59100,500000,61,590,915000,10440000,10.9,Low Risk
CUST102356,Kotak Mahindra Bank,Mass Retail,0,7,13700,75000,4,143,286000,1840000,10.2,Low Risk
CUST102357,IndusInd Bank,Business,11,53,104700,500000,212,1096,2172000,10530000,20.6,Low Risk
CUST102358,ICICI Bank,Mass Retail,2,13,23900,50000,48,331,474000,1240000,30.7,Low Risk
CUST102359,Indian Bank,Affluent,3,15,94700,300000,43,293,1211000,5520000,22.8,Low Risk
CUST102360,State Bank of India,Mass Retail,13,12,22200,40000,316,264,912000,920000,93.6,High Risk
CUST102361,Canara Bank,Mass Retail,4,8,6400,25000,84,182,113000,550000,34.3,Low Risk
CUST102362,Bank of Baroda,Affluent,22,21,101800,300000,536,531,2773000,6450000,66.9,Medium Risk
CUST102363,IndusInd Bank,Mass Retail,7,7,34900,40000,157,182,697000,990000,84.9,Medium Risk
CUST102364,Bank of India,Affluent,17,16,98900,150000,514,388,2893000,2840000,99.4,High Risk
CUST102365,Yes Bank,Affluent,5,21,35800,200000,117,542,637000,4850000,18.8,Low Risk
CUST102366,IDFC First Bank,Mass Retail,2,7,5100,25000,52,172,90000,570000,23.1,Low Risk
CUST102367,IndusInd Bank,Mass Retail,6,11,31100,75000,145,283,444000,1490000,43.2,Low-Medium Risk
CUST102368,Union Bank of India,Affluent,0,14,28800,150000,6,335,705000,3650000,11.1,Low Risk
CUST102369,Yes Bank,Mass Retail,2,12,6600,25000,51,235,140000,530000,23.1,Low Risk
CUST102370,ICICI Bank,Premium,21,31,97500,750000,451,676,2099000,17770000,36.7,Low Risk
CUST102371,Union Bank of India,Premium,8,25,19900,300000,172,588,339000,6220000,16.8,Low Risk
CUST102372,State Bank of India,Business,12,87,206800,1000000,180,1867,4324000,23960000,16.2,Low Risk
CUST102373,Bank of India,Premium,0,26,112200,300000,7,544,2043000,6740000,19.0,Low Risk
CUST102374,Kotak Mahindra Bank,Affluent,6,16,122100,200000,104,369,1869000,3800000,45.3,Low-Medium Risk
CUST102375,Bank of India,Premium,4,26,31700,300000,113,664,653000,6760000,12.9,Low Risk
CUST102376,ICICI Bank,Mass Retail,1,9,3200,25000,18,173,61000,480000,11.9,Low Risk
CUST102377,State Bank of India,Mass Retail,12,12,48100,100000,275,293,1156000,2090000,71.5,Medium Risk
CUST102378,Bank of India,Premium,14,30,75100,500000,334,722,1109000,9600000,28.0,Low Risk
CUST102379,IndusInd Bank,Affluent,1,20,14400,400000,25,515,250000,7260000,4.2,Low Risk
CUST102380,ICICI Bank,Premium,2,23,57100,750000,47,587,1076000,14610000,7.9,Low Risk
CUST102381,Yes Bank,Business,10,73,245100,500000,223,1777,3708000,10880000,29.2,Low Risk
CUST102382,Canara Bank,Business,11,51,350200,1000000,259,1155,6609000,21370000,28.2,Low Risk
CUST102383,Kotak Mahindra Bank,Business,82,77,4758200,5000000,1704,1573,149555000,107550000,112.6,High Risk
CUST102384,State Bank of India,Affluent,4,16,107000,300000,87,365,1552000,5920000,28.1,Low Risk
CUST102385,Union Bank of India,Mass Retail,1,13,24100,100000,17,317,551000,2280000,16.3,Low Risk
CUST102386,Punjab National Bank,Affluent,2,15,95400,400000,60,379,1971000,9170000,19.0,Low Risk
CUST102387,Yes Bank,Mass Retail,1,6,8400,100000,26,147,126000,2050000,11.6,Low Risk
CUST102388,IDFC First Bank,Affluent,15,17,111000,200000,378,346,3719000,4830000,80.6,Medium Risk
CUST102389,Bank of Baroda,Premium,5,29,50600,1000000,124,673,853000,22510000,10.2,Low Risk
CUST102390,HDFC Bank,Premium,28,29,348300,300000,645,618,8062000,6900000,109.5,High Risk
CUST102391,IDFC First Bank,Mass Retail,1,7,40500,100000,10,133,695000,1990000,25.8,Low Risk
CUST102392,Indian Bank,Mass Retail,9,8,29400,40000,152,163,765000,720000,95.5,High Risk
CUST102393,Union Bank of India,Affluent,4,17,7900,100000,74,336,195000,2410000,14.6,Low Risk
CUST102394,Federal Bank,Mass Retail,4,10,10400,40000,89,249,216000,950000,30.4,Low Risk
CUST102395,State Bank of India,Business,8,45,704600,1500000,168,936,10564000,28290000,31.4,Low Risk
CUST102396,Canara Bank,Mass Retail,2,13,26300,50000,45,273,440000,1030000,33.7,Low Risk
CUST102397,Punjab National Bank,Mass Retail,4,12,1700,25000,81,309,26000,570000,16.3,Low Risk
CUST102398,HDFC Bank,Mass Retail,1,8,1200,50000,20,173,25000,1130000,6.4,Low Risk
CUST102399,IDFC First Bank,Affluent,2,13,139200,400000,46,248,3110000,9610000,26.2,Low Risk
CUST102400,IDFC First Bank,Affluent,1,15,32400,200000,22,315,520000,3800000,11.5,Low Risk
CUST102401,Punjab National Bank,Mass Retail,3,13,40300,50000,65,258,563000,1050000,48.4,Low-Medium Risk
CUST102402,IDFC First Bank,Mass Retail,3,9,2600,50000,55,177,38000,930000,16.6,Low Risk
CUST102403,Canara Bank,Mass Retail,2,7,1600,40000,30,137,25000,830000,13.2,Low Risk
CUST102404,Kotak Mahindra Bank,Mass Retail,3,9,29100,50000,62,208,464000,910000,44.4,Low-Medium Risk
CUST102405,Punjab National Bank,Premium,14,33,279800,1000000,285,671,5281000,24290000,32.5,Low Risk
CUST102406,Federal Bank,Affluent,5,16,274900,200000,154,344,6493000,4340000,97.1,High Risk
CUST102407,Canara Bank,Mass Retail,2,7,5300,25000,33,175,91000,600000,20.6,Low Risk
CUST102408,IndusInd Bank,Mass Retail,10,12,19600,25000,343,264,366000,460000,91.1,High Risk
CUST102409,Federal Bank,SME,15,33,24300,200000,293,839,348000,3920000,23.5,Low Risk
CUST102410,Bank of Baroda,Affluent,3,18,40200,200000,63,405,752000,3960000,18.2,Low Risk
CUST102411,IndusInd Bank,Premium,16,33,39700,750000,268,719,720000,15530000,21.5,Low Risk
CUST102412,Federal Bank,Mass Retail,2,10,16200,50000,48,243,374000,1180000,26.7,Low Risk
CUST102413,Axis Bank,Affluent,1,12,29500,300000,20,234,628000,6210000,9.3,Low Risk
CUST102414,HDFC Bank,Mass Retail,1,9,4000,40000,15,177,66000,780000,9.2,Low Risk
CUST102415,Indian Bank,Affluent,6,21,12200,200000,145,495,193000,3690000,15.8,Low Risk
CUST102416,ICICI Bank,SME,36,47,45500,750000,1257,1053,952000,13920000,46.8,Low-Medium Risk
CUST102417,ICICI Bank,Mass Retail,12,9,32600,25000,281,221,665000,580000,125.8,High Risk
CUST102418,HDFC Bank,Mass Retail,7,11,3000,25000,167,280,58000,530000,33.7,Low Risk
CUST102419,Canara Bank,Mass Retail,7,13,100,25000,142,282,2000,580000,22.9,Low Risk
CUST102420,Union Bank of India,Mass Retail,2,8,8500,50000,44,185,186000,1140000,20.0,Low Risk
CUST102421,IndusInd Bank,Mass Retail,3,10,1100,25000,53,225,15000,470000,13.8,Low Risk
CUST102422,Bank of India,Mass Retail,2,12,10700,25000,37,310,157000,480000,27.7,Low Risk
CUST102423,Axis Bank,Premium,10,30,222000,750000,275,745,4203000,17470000,30.5,Low Risk
CUST102424,Indian Bank,Affluent,17,16,126000,150000,433,406,2259000,3460000,88.6,Medium Risk
CUST102425,Canara Bank,Mass Retail,3,13,23200,75000,51,270,444000,1550000,26.0,Low Risk
CUST102426,IndusInd Bank,Business,15,72,154400,500000,275,1757,2902000,9270000,25.5,Low Risk
CUST102427,Federal Bank,Mass Retail,9,10,91300,100000,265,209,2025000,1810000,104.6,High Risk
CUST102428,Punjab National Bank,SME,23,50,302700,1500000,471,1023,6324000,30030000,31.7,Low Risk
CUST102429,Bank of India,Mass Retail,1,7,7300,75000,30,179,101000,1350000,11.6,Low Risk
CUST102430,Yes Bank,Business,10,45,69900,500000,210,861,1406000,9810000,18.0,Low Risk
CUST102431,Punjab National Bank,Affluent,1,13,72500,400000,26,335,1243000,8370000,12.8,Low Risk
CUST102432,Indian Bank,Business,8,57,144600,1000000,158,1143,2709000,18850000,14.0,Low Risk
CUST102433,ICICI Bank,SME,9,41,29800,400000,189,1014,472000,7490000,12.7,Low Risk
CUST102434,Federal Bank,Mass Retail,6,13,15500,100000,95,272,248000,2430000,25.1,Low Risk
CUST102435,HDFC Bank,SME,57,53,469600,1500000,1081,1137,10815000,33150000,62.6,Low-Medium Risk
CUST102436,Indian Bank,Mass Retail,3,13,7000,50000,65,267,176000,1230000,18.2,Low Risk
CUST102437,Bank of Baroda,Mass Retail,2,13,17300,50000,33,300,306000,1020000,23.9,Low Risk
CUST102438,Bank of Baroda,Mass Retail,1,8,1000,25000,21,171,20000,570000,7.5,Low Risk
CUST102439,Indian Bank,Affluent,8,13,496700,400000,180,307,10324000,7770000,98.6,High Risk
CUST102440,Union Bank of India,Mass Retail,3,10,9200,40000,35,191,177000,890000,22.6,Low Risk
CUST102441,Union Bank of India,Affluent,10,16,80600,150000,175,311,1455000,2840000,55.4,Low-Medium Risk
CUST102442,Bank of Baroda,Affluent,8,12,117500,100000,187,236,1835000,1800000,93.7,High Risk
CUST102443,Axis Bank,Premium,23,34,408300,300000,500,746,7230000,7360000,95.2,High Risk
CUST102444,Bank of Baroda,Business,5,73,49900,1000000,96,1803,1023000,21880000,5.4,Low Risk
CUST102445,Bank of Baroda,Affluent,8,15,219800,400000,175,378,5116000,9800000,51.7,Low-Medium Risk
CUST102446,Indian Bank,Mass Retail,1,10,48400,75000,10,207,1030000,1530000,40.3,Low-Medium Risk
CUST102447,IDFC First Bank,Mass Retail,3,9,3300,25000,65,207,48000,510000,20.2,Low Risk
CUST102448,Kotak Mahindra Bank,Mass Retail,6,13,9300,75000,131,317,168000,1560000,25.6,Low Risk
CUST102449,Union Bank of India,Mass Retail,3,7,1700,50000,43,147,37000,1150000,17.5,Low Risk
CUST102450,HDFC Bank,Mass Retail,2,7,11400,75000,33,153,190000,1650000,18.8,Low Risk
CUST102451,Punjab National Bank,Mass Retail,1,10,2300,40000,31,227,37000,980000,8.1,Low Risk
CUST102452,HDFC Bank,SME,28,53,433600,400000,862,1057,10448000,7270000,100.3,High Risk
CUST102453,State Bank of India,Affluent,6,17,11800,150000,93,326,233000,3440000,18.3,Low Risk
CUST102454,State Bank of India,Mass Retail,6,12,53300,100000,129,241,874000,2030000,49.8,Low-Medium Risk
CUST102455,Union Bank of India,Affluent,13,14,95100,100000,420,327,2092000,1930000,105.5,High Risk
CUST102456,Kotak Mahindra Bank,Mass Retail,2,7,32200,50000,40,137,513000,1080000,44.1,Low-Medium Risk
CUST102457,Indian Bank,Affluent,7,20,21200,150000,129,407,478000,3230000,22.9,Low Risk
CUST102458,Kotak Mahindra Bank,Affluent,4,17,106400,200000,79,363,1650000,3790000,37.3,Low Risk
CUST102459,Kotak Mahindra Bank,Affluent,5,17,31900,300000,77,332,542000,5820000,17.0,Low Risk
CUST102460,Axis Bank,Mass Retail,2,12,12400,100000,47,244,191000,2090000,13.8,Low Risk
CUST102461,HDFC Bank,SME,11,31,143300,200000,267,787,2579000,4170000,52.7,Low-Medium Risk
CUST102462,Axis Bank,Business,45,68,230700,5000000,909,1301,4614000,101110000,32.7,Low Risk
CUST102463,Canara Bank,Affluent,1,16,26600,300000,19,377,528000,5710000,7.5,Low Risk
CUST102464,Punjab National Bank,Affluent,10,17,10100,150000,175,369,145000,2700000,26.7,Low Risk
CUST102465,Union Bank of India,Affluent,2,14,8200,100000,45,332,185000,2480000,10.4,Low Risk
CUST102466,Kotak Mahindra Bank,Mass Retail,2,7,6400,40000,49,162,145000,980000,21.7,Low Risk
CUST102467,IndusInd Bank,Mass Retail,2,13,22100,40000,34,267,358000,860000,33.3,Low Risk
CUST102468,HDFC Bank,Mass Retail,6,10,120500,100000,186,249,3031000,2500000,97.2,High Risk
CUST102469,Kotak Mahindra Bank,Affluent,4,14,161800,400000,72,314,3831000,9090000,34.4,Low Risk
CUST102470,Union Bank of India,Affluent,3,16,41500,400000,92,396,742000,7390000,14.8,Low Risk
CUST102471,Federal Bank,Mass Retail,3,8,20000,50000,66,175,379000,940000,39.1,Low Risk
CUST102472,Canara Bank,SME,15,44,57700,750000,424,1139,1142000,18310000,19.5,Low Risk
CUST102473,Federal Bank,Business,18,67,630300,2500000,377,1634,10861000,56030000,23.3,Low Risk
CUST102474,IDFC First Bank,Premium,2,33,62400,500000,42,850,1472000,11950000,9.1,Low Risk
CUST102475,Punjab National Bank,Affluent,1,21,147000,300000,10,475,2567000,7290000,25.1,Low Risk
CUST102476,Kotak Mahindra Bank,Business,41,75,112300,500000,783,1674,1557000,10570000,32.8,Low Risk
CUST102477,Federal Bank,Mass Retail,2,13,1200,40000,35,316,15000,730000,7.1,Low Risk
CUST102478,HDFC Bank,Premium,5,27,62600,300000,128,679,991000,5800000,19.0,Low Risk
CUST102479,Indian Bank,Mass Retail,2,13,12000,25000,56,335,199000,460000,32.5,Low Risk
CUST102480,Bank of India,Premium,10,27,299000,1000000,165,574,4297000,19320000,29.1,Low Risk
CUST102481,ICICI Bank,Mass Retail,7,10,52400,50000,170,246,1438000,1040000,98.6,High Risk
CUST102482,Yes Bank,Business,27,51,397500,2500000,417,1044,6979000,47070000,29.1,Low Risk
CUST102483,ICICI Bank,SME,17,43,922900,750000,657,981,20764000,14380000,98.3,High Risk
CUST102484,Bank of Baroda,Mass Retail,2,7,11700,75000,26,142,243000,1580000,19.0,Low Risk
CUST102485,Bank of Baroda,Affluent,7,15,37000,400000,110,321,559000,8150000,22.3,Low Risk
CUST102486,Union Bank of India,SME,5,40,77700,200000,134,1021,1467000,4250000,26.2,Low Risk
CUST102487,ICICI Bank,Affluent,5,18,98800,300000,107,360,1560000,6300000,29.0,Low Risk
CUST102488,HDFC Bank,Business,1,53,407900,1500000,23,1242,9032000,33770000,16.0,Low Risk
CUST102489,IndusInd Bank,Affluent,3,18,59500,400000,59,417,1377000,9820000,14.9,Low Risk
CUST102490,IndusInd Bank,Mass Retail,1,7,38600,100000,16,139,595000,1880000,25.6,Low Risk
CUST102491,State Bank of India,Mass Retail,3,6,18000,75000,68,128,288000,1400000,35.3,Low Risk
CUST102492,ICICI Bank,Mass Retail,2,13,8200,40000,48,298,152000,960000,16.9,Low Risk
CUST102493,Bank of Baroda,Premium,25,22,628400,1000000,449,447,21606000,21540000,92.7,High Risk
CUST102494,Federal Bank,Mass Retail,2,12,5800,25000,39,295,97000,580000,17.8,Low Risk
CUST102495,Bank of Baroda,Affluent,2,20,22000,400000,35,516,363000,7800000,6.8,Low Risk
CUST102496,Yes Bank,Affluent,5,12,40200,150000,80,246,658000,3570000,29.1,Low Risk
CUST102497,IndusInd Bank,Affluent,24,19,101800,100000,393,386,3522000,2450000,119.0,High Risk
CUST102498,ICICI Bank,Business,9,46,412500,1500000,179,1020,8936000,33670000,23.8,Low Risk
CUST102499,Indian Bank,SME,1,31,233000,400000,27,751,3231000,7500000,29.8,Low Risk
CUST102500,Yes Bank,Mass Retail,1,7,13200,50000,20,147,211000,1210000,18.2,Low Risk
CUST102501,Yes Bank,Business,12,50,896300,5000000,185,957,15820000,117740000,18.1,Low Risk
CUST102502,Union Bank of India,Premium,6,31,35100,300000,129,706,736000,6980000,14.6,Low Risk
CUST102503,IDFC First Bank,Affluent,6,21,86700,150000,128,540,1417000,2740000,42.5,Low-Medium Risk
CUST102504,Punjab National Bank,SME,8,37,38000,1500000,154,804,733000,35390000,10.4,Low Risk
CUST102505,Bank of Baroda,Mass Retail,3,12,32700,100000,83,263,642000,1900000,31.3,Low Risk
CUST102506,ICICI Bank,Mass Retail,2,7,34600,75000,34,180,468000,1470000,32.4,Low Risk
CUST102507,IndusInd Bank,Business,13,89,992200,2500000,299,2124,20019000,55100000,27.7,Low Risk
CUST102508,Bank of Baroda,Affluent,4,19,69900,400000,112,457,1158000,7940000,19.1,Low Risk
CUST102509,Yes Bank,Business,21,76,3576500,5000000,350,1743,56144000,113150000,44.7,Low-Medium Risk
CUST102510,IndusInd Bank,Business,18,51,1112900,1000000,1043,1317,29023000,22260000,92.6,High Risk
CUST102511,Bank of Baroda,Mass Retail,1,8,20000,100000,21,191,267000,1880000,14.6,Low Risk
CUST102512,Canara Bank,Business,17,79,23400,1000000,411,1996,492000,22590000,10.6,Low Risk
CUST102513,Axis Bank,Affluent,2,13,2100,100000,37,311,39000,2450000,7.1,Low Risk
CUST102514,ICICI Bank,Affluent,4,18,31800,150000,94,435,498000,2870000,20.3,Low Risk
CUST102515,ICICI Bank,Affluent,4,20,24200,400000,88,421,560000,8870000,12.4,Low Risk
CUST102516,Union Bank of India,SME,7,36,6100,200000,145,760,122000,4080000,10.0,Low Risk
CUST102517,HDFC Bank,Mass Retail,1,9,19700,50000,22,220,276000,1060000,22.8,Low Risk
CUST102518,Bank of Baroda,Affluent,8,14,40300,200000,148,295,815000,4000000,34.7,Low Risk
CUST102519,Canara Bank,Premium,25,22,552900,750000,478,505,11108000,15360000,86.9,Medium Risk
CUST102520,Bank of India,Premium,10,29,29800,750000,187,602,479000,13650000,16.5,Low Risk
CUST102521,Axis Bank,Premium,4,21,121400,500000,69,519,2681000,12440000,19.9,Low Risk
CUST102522,Kotak Mahindra Bank,Mass Retail,3,10,9300,40000,43,198,153000,890000,22.6,Low Risk
CUST102523,Axis Bank,Mass Retail,3,7,31400,50000,74,174,498000,1080000,49.4,Low-Medium Risk
CUST102524,Indian Bank,Mass Retail,2,7,3600,75000,33,163,76000,1550000,13.6,Low Risk
CUST102525,Axis Bank,Business,7,62,581500,1500000,148,1259,13243000,32660000,27.5,Low Risk
CUST102526,Union Bank of India,Mass Retail,6,12,25800,25000,156,274,680000,520000,89.1,Medium Risk
CUST102527,Indian Bank,Mass Retail,2,8,2300,40000,38,168,40000,820000,13.6,Low Risk
CUST102528,Bank of India,SME,9,36,374500,750000,152,766,6736000,15940000,35.7,Low Risk
CUST102529,Yes Bank,Mass Retail,3,8,20200,75000,41,172,314000,1490000,27.1,Low Risk
CUST102530,Indian Bank,SME,2,31,81700,200000,32,603,1464000,3850000,24.5,Low Risk
CUST102531,Union Bank of India,Premium,11,33,1316300,1000000,705,855,32426000,21900000,103.7,High Risk
CUST102532,Federal Bank,Business,30,47,113900,500000,525,903,2522000,11950000,39.2,Low Risk
CUST102533,Bank of India,Mass Retail,1,11,34000,100000,31,260,557000,1910000,22.3,Low Risk
CUST102534,Indian Bank,Mass Retail,3,11,52900,100000,45,238,725000,1820000,36.2,Low Risk
CUST102535,Federal Bank,Premium,9,22,42600,300000,152,517,565000,5920000,22.1,Low Risk
CUST102536,Federal Bank,Business,8,55,197300,2500000,182,1182,5065000,62150000,11.1,Low Risk
CUST102537,Yes Bank,Premium,4,24,584000,1000000,91,569,9654000,23800000,35.0,Low Risk
CUST102538,HDFC Bank,Mass Retail,0,13,7800,100000,4,313,178000,2220000,4.7,Low Risk
CUST102539,HDFC Bank,Premium,12,33,54300,300000,232,787,1150000,7350000,23.8,Low Risk
CUST102540,Indian Bank,Premium,6,32,157700,500000,85,634,2627000,10560000,23.0,Low Risk
CUST102541,IndusInd Bank,Premium,5,21,34400,300000,122,496,784000,7460000,16.9,Low Risk
CUST102542,HDFC Bank,Premium,40,34,1202900,1000000,886,713,28455000,20070000,126.6,High Risk
CUST102543,Indian Bank,Business,14,47,282600,1500000,236,902,4977000,29520000,22.4,Low Risk
CUST102544,HDFC Bank,Affluent,7,12,161300,150000,180,263,3580000,3370000,87.6,Medium Risk
CUST102545,Yes Bank,Mass Retail,3,10,5800,25000,48,220,109000,520000,23.8,Low Risk
CUST102546,Punjab National Bank,Affluent,4,21,57300,200000,86,468,1218000,4480000,23.8,Low Risk
CUST102547,IndusInd Bank,Mass Retail,5,13,11800,75000,112,311,216000,1510000,24.7,Low Risk
CUST102548,Yes Bank,Mass Retail,4,10,5900,50000,91,212,94000,1120000,23.9,Low Risk
CUST102549,Union Bank of India,Mass Retail,2,13,7200,40000,32,276,95000,800000,14.3,Low Risk
CUST102550,IndusInd Bank,Mass Retail,1,10,4600,25000,15,194,74000,460000,13.5,Low Risk
CUST102551,ICICI Bank,Mass Retail,6,12,12100,75000,143,286,233000,1830000,30.1,Low Risk
CUST102552,Indian Bank,Mass Retail,5,13,4800,40000,105,299,103000,970000,22.5,Low Risk
CUST102553,Yes Bank,Business,10,83,430700,5000000,195,1780,11024000,123980000,10.1,Low Risk
CUST102554,Bank of Baroda,SME,36,38,47100,1500000,984,910,1175000,34520000,46.3,Low-Medium Risk
CUST102555,Axis Bank,Mass Retail,1,8,39300,75000,18,182,856000,1710000,33.4,Low Risk
CUST102556,ICICI Bank,SME,3,33,29300,400000,69,735,512000,8770000,7.6,Low Risk
CUST102557,Bank of Baroda,Affluent,3,12,74800,300000,57,271,979000,5660000,21.9,Low Risk
CUST102558,Indian Bank,Mass Retail,3,13,6700,50000,88,305,113000,970000,18.4,Low Risk
CUST102559,Punjab National Bank,Mass Retail,3,8,3000,25000,80,189,44000,500000,23.5,Low Risk
CUST102560,Punjab National Bank,Affluent,2,16,56300,400000,53,336,1080000,9690000,13.2,Low Risk
CUST102561,IndusInd Bank,Premium,6,25,100100,750000,110,500,1365000,14410000,16.3,Low Risk
CUST102562,Punjab National Bank,Premium,7,28,92900,300000,119,563,1701000,7340000,25.2,Low Risk
CUST102563,IDFC First Bank,Mass Retail,4,13,4500,25000,67,305,75000,540000,20.6,Low Risk
CUST102564,IDFC First Bank,Mass Retail,5,13,7600,75000,120,326,117000,1730000,21.3,Low Risk
CUST102565,Union Bank of India,Mass Retail,3,13,30200,100000,50,284,403000,1880000,23.3,Low Risk
CUST102566,State Bank of India,Mass Retail,6,10,20300,75000,124,202,277000,1490000,39.5,Low Risk
CUST102567,Union Bank of India,Mass Retail,2,7,5600,75000,58,170,122000,1850000,17.8,Low Risk
CUST102568,Yes Bank,Mass Retail,4,11,6400,25000,72,273,85000,500000,25.7,Low Risk
CUST102569,Bank of India,Business,4,67,122300,500000,101,1686,2019000,10040000,15.0,Low Risk
CUST102570,IndusInd Bank,SME,15,38,195200,750000,285,883,3441000,14540000,29.6,Low Risk
CUST102571,Union Bank of India,Mass Retail,7,11,69400,50000,125,275,1233000,950000,99.3,High Risk
CUST102572,Bank of India,Business,9,40,817200,5000000,186,764,13879000,98160000,18.5,Low Risk
CUST102573,Kotak Mahindra Bank,Mass Retail,11,9,29600,25000,203,178,663000,560000,118.0,High Risk
CUST102574,ICICI Bank,Affluent,17,13,219500,200000,299,255,4714000,4240000,116.4,High Risk
CUST102575,Indian Bank,Mass Retail,1,7,12100,40000,37,168,195000,880000,22.5,Low Risk
CUST102576,Canara Bank,Affluent,4,21,122300,200000,49,409,1830000,3770000,37.6,Low Risk
CUST102577,IndusInd Bank,SME,23,51,631200,1500000,366,1146,10025000,35420000,36.5,Low Risk
CUST102578,IDFC First Bank,Affluent,5,14,72000,200000,78,312,1104000,4700000,29.9,Low Risk
CUST102579,ICICI Bank,Mass Retail,6,7,79600,100000,156,148,1869000,1820000,93.3,High Risk
CUST102580,Indian Bank,Affluent,17,19,125200,200000,545,477,4478000,4140000,92.5,High Risk
CUST102581,Bank of Baroda,Mass Retail,11,12,98600,75000,328,242,1926000,1390000,125.8,High Risk
CUST102582,Union Bank of India,Business,23,88,532400,2500000,369,1889,12547000,58860000,21.9,Low Risk
CUST102583,Bank of Baroda,Affluent,5,17,116400,300000,115,415,2453000,6950000,33.3,Low Risk
CUST102584,Canara Bank,Affluent,10,20,94000,300000,171,384,1620000,7290000,35.7,Low Risk
CUST102585,Yes Bank,Affluent,4,14,197900,400000,73,332,2866000,7860000,35.0,Low Risk
CUST102586,Axis Bank,Affluent,8,17,107100,200000,159,420,2078000,4240000,47.5,Low-Medium Risk
CUST102587,Canara Bank,Mass Retail,1,8,20600,75000,21,204,332000,1450000,18.8,Low Risk
CUST102588,Union Bank of India,Premium,8,22,316000,300000,306,553,8486000,6180000,87.8,Medium Risk
CUST102589,Axis Bank,Mass Retail,1,13,22700,50000,8,276,327000,1080000,23.4,Low Risk
CUST102590,Federal Bank,Premium,23,23,420900,500000,506,531,8434000,9190000,92.2,High Risk
CUST102591,Kotak Mahindra Bank,Business,68,79,213700,1500000,1381,1544,4345000,34510000,46.1,Low-Medium Risk
CUST102592,Bank of India,Business,14,68,2252800,5000000,238,1415,46639000,109020000,33.0,Low Risk
CUST102593,Indian Bank,Affluent,4,16,53900,150000,69,315,1118000,3570000,29.1,Low Risk
CUST102594,IDFC First Bank,Affluent,2,18,15200,400000,33,382,216000,7960000,6.4,Low Risk
CUST102595,Bank of India,Mass Retail,3,10,15500,40000,84,251,247000,970000,31.8,Low Risk
CUST102596,IndusInd Bank,Premium,11,33,99500,750000,227,707,1924000,18740000,20.7,Low Risk
CUST102597,Punjab National Bank,Mass Retail,1,10,56100,75000,19,229,1410000,1830000,46.5,Low-Medium Risk
CUST102598,Indian Bank,Affluent,21,17,469300,400000,522,375,10014000,9380000,120.6,High Risk
CUST102599,Bank of India,Mass Retail,3,10,3300,40000,55,222,66000,950000,16.3,Low Risk
CUST102600,Bank of India,Mass Retail,3,12,14200,75000,66,309,282000,1650000,20.2,Low Risk
CUST102601,Canara Bank,Affluent,15,17,154200,200000,345,358,3436000,3870000,87.0,Medium Risk
CUST102602,Punjab National Bank,Mass Retail,1,6,38300,75000,31,140,872000,1710000,37.1,Low Risk
CUST102603,Bank of India,Premium,5,22,215400,1000000,120,483,5017000,22990000,22.9,Low Risk
CUST102604,IndusInd Bank,Mass Retail,6,12,13800,50000,119,233,343000,1240000,37.9,Low Risk
CUST102605,Yes Bank,Mass Retail,1,12,2200,50000,30,269,39000,1090000,6.4,Low Risk
CUST102606,ICICI Bank,Affluent,6,21,170800,300000,152,519,2712000,5970000,41.3,Low-Medium Risk
CUST102607,Bank of India,Mass Retail,7,12,92600,75000,166,236,2261000,1710000,99.6,High Risk
CUST102608,Punjab National Bank,Mass Retail,2,13,1000,50000,24,253,18000,1240000,6.1,Low Risk
CUST102609,Axis Bank,Premium,17,28,335000,750000,360,562,4883000,14430000,49.6,Low-Medium Risk
CUST102610,Punjab National Bank,Mass Retail,1,13,27900,100000,20,317,582000,2030000,19.0,Low Risk
CUST102611,Federal Bank,Business,2,59,625200,2500000,37,1420,9311000,54480000,13.1,Low Risk
CUST102612,Kotak Mahindra Bank,Mass Retail,7,13,53400,40000,197,298,759000,770000,91.6,High Risk
CUST102613,Union Bank of India,Mass Retail,14,12,45600,50000,287,267,687000,910000,95.8,High Risk
CUST102614,State Bank of India,Premium,1,29,272900,1000000,24,731,5183000,20360000,15.9,Low Risk
CUST102615,Yes Bank,Mass Retail,13,13,50900,50000,383,317,1525000,1200000,112.7,High Risk
CUST102616,Federal Bank,Mass Retail,3,8,25000,100000,47,197,336000,1830000,25.7,Low Risk
CUST102617,ICICI Bank,Mass Retail,5,10,8300,25000,132,247,151000,530000,39.7,Low Risk
CUST102618,Yes Bank,Mass Retail,1,10,35900,50000,15,235,660000,1170000,39.4,Low Risk
CUST102619,Union Bank of India,Business,5,47,134500,500000,105,1044,3036000,12340000,19.2,Low Risk
CUST102620,Yes Bank,Mass Retail,4,13,28200,75000,107,326,467000,1870000,31.7,Low Risk
CUST102621,HDFC Bank,Premium,8,33,45000,300000,169,841,831000,6290000,17.5,Low Risk
CUST102622,Canara Bank,Business,6,42,283900,2500000,85,805,6681000,61630000,11.7,Low Risk
CUST102623,Bank of India,Affluent,2,15,125700,200000,49,290,1502000,3650000,35.7,Low Risk
CUST102624,Federal Bank,Business,63,84,421300,500000,2068,2160,10966000,11610000,87.5,Medium Risk
CUST102625,Kotak Mahindra Bank,Mass Retail,4,9,8400,25000,99,188,149000,560000,38.4,Low Risk
CUST102626,Bank of India,SME,7,34,16000,200000,161,854,240000,3950000,12.7,Low Risk
CUST102627,Kotak Mahindra Bank,Mass Retail,9,9,21400,25000,179,195,586000,540000,96.8,High Risk
CUST102628,Punjab National Bank,Premium,10,33,130400,500000,169,655,2315000,9450000,26.3,Low Risk
CUST102629,IndusInd Bank,Affluent,4,19,44100,100000,72,372,823000,2410000,30.6,Low Risk
CUST102630,Bank of Baroda,Mass Retail,3,13,28600,40000,63,261,580000,820000,50.4,Low-Medium Risk
CUST102631,IDFC First Bank,Affluent,21,18,73400,100000,452,373,1430000,2240000,90.7,High Risk
CUST102632,Canara Bank,Premium,13,34,692600,750000,636,762,18140000,14330000,87.9,Medium Risk
CUST102633,Union Bank of India,Mass Retail,1,12,39700,100000,10,287,704000,1940000,23.7,Low Risk
CUST102634,State Bank of India,Mass Retail,2,6,28200,25000,102,155,721000,620000,85.9,Medium Risk
CUST102635,Bank of India,Premium,10,29,177800,750000,208,641,3557000,17450000,26.8,Low Risk
CUST102636,HDFC Bank,Premium,29,27,49600,300000,774,611,1347000,7420000,61.3,Low-Medium Risk
CUST102637,Bank of India,SME,17,40,401900,1500000,428,906,6603000,30110000,33.3,Low Risk
CUST102638,IndusInd Bank,Premium,10,32,485200,750000,254,729,9587000,14360000,51.5,Low-Medium Risk
CUST102639,Bank of Baroda,SME,15,37,123700,750000,243,837,2306000,16140000,23.8,Low Risk
CUST102640,Canara Bank,Premium,1,27,198700,300000,15,515,4375000,6440000,39.1,Low Risk
CUST102641,Canara Bank,Mass Retail,2,11,15800,50000,29,209,247000,960000,23.3,Low Risk
CUST102642,IndusInd Bank,Mass Retail,0,10,44300,100000,5,197,1024000,2310000,25.3,Low Risk
CUST102643,Union Bank of India,Premium,10,26,302500,750000,176,512,4042000,15400000,34.3,Low Risk
CUST102644,Union Bank of India,Affluent,1,14,21600,100000,33,335,309000,1930000,14.4,Low Risk
CUST102645,Canara Bank,Mass Retail,4,9,4500,40000,56,184,64000,810000,21.6,Low Risk
CUST102646,IndusInd Bank,Mass Retail,5,13,8800,75000,147,328,158000,1650000,24.4,Low Risk
CUST102647,Canara Bank,SME,2,44,15200,200000,54,1122,266000,4620000,6.1,Low Risk
CUST102648,Yes Bank,Affluent,7,19,190400,200000,285,491,5065000,4270000,80.8,Medium Risk
CUST102649,Kotak Mahindra Bank,Affluent,3,21,3600,100000,72,537,77000,2170000,8.2,Low Risk
CUST102650,Bank of India,Affluent,2,21,183600,400000,50,439,2336000,7590000,26.2,Low Risk
CUST102651,Kotak Mahindra Bank,Mass Retail,7,12,130700,100000,205,271,3079000,2440000,101.4,High Risk
CUST102652,Union Bank of India,Mass Retail,1,11,21200,100000,24,223,485000,2450000,15.9,Low Risk
CUST102653,Punjab National Bank,Mass Retail,2,10,18800,75000,48,246,302000,1710000,20.8,Low Risk
CUST102654,Bank of Baroda,Mass Retail,0,6,7300,75000,6,151,138000,1360000,6.5,Low Risk
CUST102655,Axis Bank,Premium,19,32,141100,750000,522,799,2153000,16320000,36.2,Low Risk
CUST102656,Canara Bank,Mass Retail,1,9,6700,100000,14,198,131000,2240000,7.6,Low Risk
CUST102657,HDFC Bank,Business,1,46,2330300,5000000,29,1118,42635000,124810000,23.8,Low Risk
CUST102658,Kotak Mahindra Bank,Business,9,80,632800,1000000,186,1575,13184000,24970000,37.5,Low Risk
CUST102659,Axis Bank,Mass Retail,4,9,30900,75000,76,174,722000,1800000,42.0,Low-Medium Risk
CUST102660,Axis Bank,Premium,11,23,41900,300000,261,558,753000,5530000,28.7,Low Risk
CUST102661,HDFC Bank,Affluent,6,19,9700,100000,118,418,192000,2470000,18.2,Low Risk
CUST102662,State Bank of India,Business,10,79,1396200,5000000,216,2052,20339000,111440000,18.2,Low Risk
CUST102663,State Bank of India,Mass Retail,3,10,5000,50000,43,197,99000,1180000,16.5,Low Risk
CUST102664,Punjab National Bank,Premium,12,20,1174500,1000000,368,500,22940000,20850000,93.0,High Risk
CUST102665,Union Bank of India,Affluent,2,13,24700,300000,43,291,449000,6070000,10.8,Low Risk
CUST102666,Yes Bank,Mass Retail,14,13,89600,100000,294,322,2267000,2120000,98.9,High Risk
CUST102667,Yes Bank,Mass Retail,6,6,22400,25000,151,148,309000,480000,87.6,Medium Risk
CUST102668,Indian Bank,Premium,7,28,106200,750000,152,712,2090000,15370000,18.0,Low Risk
CUST102669,IDFC First Bank,Premium,8,31,418900,750000,143,654,6976000,18000000,37.2,Low Risk
CUST102670,Yes Bank,Mass Retail,3,12,3800,40000,46,308,61000,730000,13.8,Low Risk
CUST102671,Punjab National Bank,Affluent,10,17,541400,400000,191,341,11041000,7620000,103.7,High Risk
CUST102672,Kotak Mahindra Bank,Mass Retail,2,8,14100,50000,26,157,247000,940000,24.4,Low Risk
CUST102673,State Bank of India,Premium,11,25,159000,300000,220,551,2889000,6250000,46.2,Low-Medium Risk
CUST102674,HDFC Bank,Mass Retail,3,6,27600,100000,68,149,627000,2500000,36.0,Low Risk
CUST102675,Federal Bank,Business,2,61,486100,5000000,43,1361,7808000,96070000,6.4,Low Risk
CUST102676,Indian Bank,Mass Retail,0,6,41000,100000,10,149,546000,1900000,21.1,Low Risk
CUST102677,Punjab National Bank,Mass Retail,6,8,33100,40000,239,193,898000,980000,92.8,High Risk
CUST102678,Canara Bank,Mass Retail,1,8,5100,40000,12,164,83000,970000,10.3,Low Risk
CUST102679,Axis Bank,Mass Retail,14,12,125900,100000,294,308,2434000,1820000,119.4,High Risk
CUST102680,State Bank of India,Affluent,7,20,38500,400000,130,389,933000,9300000,20.6,Low Risk
CUST102681,Federal Bank,Mass Retail,1,7,19500,50000,17,177,461000,1130000,27.7,Low Risk
CUST102682,Punjab National Bank,Business,12,59,1530000,5000000,272,1247,26294000,116870000,24.1,Low Risk
CUST102683,Indian Bank,Mass Retail,2,10,1700,50000,43,225,26000,1070000,10.0,Low Risk
CUST102684,IDFC First Bank,Mass Retail,1,9,6100,100000,17,198,149000,2490000,7.8,Low Risk
CUST102685,Union Bank of India,Mass Retail,1,10,9600,40000,14,202,126000,730000,15.2,Low Risk
CUST102686,Canara Bank,Mass Retail,1,7,3500,25000,12,151,65000,490000,12.4,Low Risk
CUST102687,IndusInd Bank,Mass Retail,4,8,41700,75000,87,163,814000,1560000,52.9,Low-Medium Risk
CUST102688,Punjab National Bank,Mass Retail,2,10,19400,100000,36,204,332000,2110000,18.2,Low Risk
CUST102689,Union Bank of India,Affluent,3,19,7700,100000,53,386,152000,2440000,10.5,Low Risk
CUST102690,ICICI Bank,Mass Retail,4,12,44200,100000,77,269,749000,2190000,35.5,Low Risk
CUST102691,Union Bank of India,Affluent,7,14,28200,100000,158,344,511000,1830000,36.8,Low Risk
CUST102692,Bank of India,Affluent,2,20,193200,400000,48,460,3195000,8340000,28.5,Low Risk
CUST102693,Punjab National Bank,Mass Retail,0,6,2700,40000,10,152,45000,840000,4.9,Low Risk
CUST102694,Union Bank of India,Affluent,4,15,305900,400000,91,352,7257000,9900000,53.4,Low-Medium Risk
CUST102695,Axis Bank,SME,12,44,51200,400000,264,1048,832000,8880000,17.6,Low Risk
CUST102696,ICICI Bank,Affluent,2,12,133600,300000,33,284,2074000,6730000,27.7,Low Risk
CUST102697,Axis Bank,Premium,4,24,45000,500000,82,532,1028000,11500000,12.1,Low Risk
CUST102698,Punjab National Bank,Mass Retail,1,11,19900,50000,27,262,340000,1170000,23.5,Low Risk
CUST102699,Union Bank of India,Premium,3,27,101800,750000,47,526,2251000,16830000,12.0,Low Risk
CUST102700,Federal Bank,Premium,16,23,125600,500000,310,575,2173000,9830000,40.4,Low-Medium Risk
CUST102701,IDFC First Bank,Affluent,4,15,115300,300000,93,367,2693000,7240000,32.4,Low Risk
CUST102702,Yes Bank,SME,8,53,512200,1500000,174,1098,12140000,34690000,26.1,Low Risk
CUST102703,Union Bank of India,Mass Retail,12,13,61500,100000,327,317,2107000,2320000,85.7,Medium Risk
CUST102704,State Bank of India,Mass Retail,5,10,34700,50000,99,191,817000,1250000,60.0,Low-Medium Risk
CUST102705,IndusInd Bank,Premium,2,33,95500,300000,32,677,2030000,7090000,19.5,Low Risk
CUST102706,Yes Bank,Business,18,60,291900,1000000,390,1167,6749000,23800000,29.8,Low Risk
CUST102707,Kotak Mahindra Bank,Mass Retail,1,9,10200,40000,30,220,192000,990000,18.1,Low Risk
CUST102708,IDFC First Bank,Mass Retail,2,12,7800,75000,44,291,116000,1430000,12.1,Low Risk
CUST102709,Indian Bank,Mass Retail,0,8,3300,100000,10,198,47000,2150000,2.5,Low Risk
CUST102710,Yes Bank,Mass Retail,2,6,27800,100000,31,114,462000,2210000,26.9,Low Risk
CUST102711,State Bank of India,Premium,3,23,122900,750000,67,518,1757000,15230000,13.6,Low Risk
CUST102712,Kotak Mahindra Bank,Affluent,18,20,283800,400000,448,479,9690000,9550000,88.6,Medium Risk
CUST102713,State Bank of India,Mass Retail,7,6,88900,75000,146,121,2520000,1750000,126.0,High Risk
CUST102714,Indian Bank,Mass Retail,3,8,28600,50000,63,188,598000,1150000,46.4,Low-Medium Risk
CUST102715,ICICI Bank,Mass Retail,12,12,47500,100000,201,235,868000,2500000,64.2,Low-Medium Risk
CUST102716,Indian Bank,Mass Retail,1,7,4300,75000,21,142,74000,1490000,9.5,Low Risk
CUST102717,IDFC First Bank,Affluent,7,16,232100,400000,158,357,4426000,9260000,49.0,Low-Medium Risk
CUST102718,Union Bank of India,SME,2,35,225600,750000,44,825,3557000,16390000,17.0,Low Risk
CUST102719,Bank of India,Business,29,80,107600,2500000,470,1602,2248000,50480000,16.5,Low Risk
CUST102720,ICICI Bank,Mass Retail,3,13,7100,25000,63,264,109000,480000,24.6,Low Risk
CUST102721,ICICI Bank,Business,13,69,1861100,2500000,284,1410,40663000,60680000,48.1,Low-Medium Risk
CUST102722,Canara Bank,Premium,7,34,112100,500000,127,703,2233000,11080000,20.3,Low Risk
CUST102723,Axis Bank,Premium,7,33,211500,750000,113,679,5089000,17830000,24.3,Low Risk
CUST102724,ICICI Bank,Affluent,4,13,97400,400000,80,283,1467000,8730000,24.5,Low Risk
CUST102725,Bank of India,Mass Retail,1,11,18500,50000,25,259,284000,980000,22.7,Low Risk
CUST102726,Axis Bank,Mass Retail,2,10,8200,40000,40,221,125000,810000,18.2,Low Risk
CUST102727,Bank of India,Mass Retail,4,9,27100,100000,72,220,388000,2070000,29.8,Low Risk
CUST102728,Indian Bank,Mass Retail,3,6,8600,75000,64,144,221000,1860000,27.1,Low Risk
CUST102729,Bank of Baroda,Mass Retail,2,9,9800,40000,35,179,183000,720000,23.0,Low Risk
CUST102730,Bank of India,Affluent,2,13,52300,200000,47,251,1255000,4980000,21.8,Low Risk
CUST102731,State Bank of India,Premium,1,22,30000,300000,27,553,605000,7460000,7.2,Low Risk
CUST102732,Indian Bank,Affluent,4,15,23800,100000,78,293,578000,2500000,25.0,Low Risk
CUST102733,Federal Bank,Mass Retail,1,6,7600,40000,15,120,160000,850000,17.0,Low Risk
CUST102734,Kotak Mahindra Bank,SME,6,33,55700,200000,103,632,1236000,4950000,22.3,Low Risk
CUST102735,ICICI Bank,SME,2,29,128600,750000,40,679,2756000,15580000,12.7,Low Risk
CUST102736,Bank of India,Premium,5,34,70100,750000,84,785,964000,13640000,10.2,Low Risk
CUST102737,Union Bank of India,SME,44,43,1359800,1500000,1293,1114,24877000,29360000,97.2,High Risk
CUST102738,IndusInd Bank,Affluent,14,14,185400,300000,413,353,4314000,7390000,81.3,Medium Risk
CUST102739,Canara Bank,SME,11,48,196500,750000,198,1050,3486000,13570000,23.8,Low Risk
CUST102740,Bank of India,Mass Retail,2,10,29500,50000,50,216,519000,1090000,39.4,Low Risk
CUST102741,Kotak Mahindra Bank,Mass Retail,2,10,7200,50000,23,211,96000,930000,13.5,Low Risk
CUST102742,IndusInd Bank,Mass Retail,4,8,28400,100000,85,161,447000,2000000,36.7,Low Risk
CUST102743,Indian Bank,Mass Retail,2,6,3200,25000,36,120,61000,470000,21.1,Low Risk
CUST102744,State Bank of India,Mass Retail,0,6,1700,25000,10,120,36000,600000,5.4,Low Risk
CUST102745,Yes Bank,Affluent,1,14,20600,150000,26,277,461000,3320000,11.4,Low Risk
CUST102746,State Bank of India,Premium,12,24,140800,750000,254,496,2362000,18240000,31.2,Low Risk
CUST102747,HDFC Bank,Affluent,13,21,11100,150000,218,444,265000,3420000,28.6,Low Risk
CUST102748,Punjab National Bank,Mass Retail,0,13,46100,75000,7,335,800000,1860000,29.6,Low Risk
CUST102749,Union Bank of India,Business,21,64,523600,1500000,442,1475,7603000,32350000,30.4,Low Risk
CUST102750,Bank of Baroda,Affluent,2,20,19500,100000,36,518,308000,2250000,13.3,Low Risk
CUST102751,Kotak Mahindra Bank,Mass Retail,3,7,28200,75000,56,151,500000,1650000,36.6,Low Risk
CUST102752,IDFC First Bank,Premium,3,28,36500,750000,51,622,676000,16040000,6.7,Low Risk
CUST102753,HDFC Bank,Mass Retail,12,12,82800,100000,262,255,2323000,2390000,95.1,High Risk
CUST102754,ICICI Bank,Mass Retail,2,10,8500,25000,42,203,146000,560000,25.8,Low Risk
CUST102755,Punjab National Bank,Business,6,41,97600,1000000,84,820,1876000,23610000,10.5,Low Risk
CUST102756,Bank of India,Mass Retail,1,8,4100,75000,23,205,84000,1760000,7.9,Low Risk
CUST102757,Bank of India,Affluent,5,21,27500,200000,103,544,366000,3870000,15.9,Low Risk
CUST102758,IndusInd Bank,Business,12,68,765800,5000000,236,1313,11922000,112760000,15.2,Low Risk
CUST102759,IDFC First Bank,Premium,11,32,343700,300000,363,642,7780000,5820000,89.7,Medium Risk
CUST102760,Axis Bank,Mass Retail,1,9,23800,50000,33,198,359000,1100000,28.8,Low Risk
CUST102761,IDFC First Bank,Mass Retail,1,9,3300,25000,20,183,53000,570000,11.0,Low Risk
CUST102762,State Bank of India,Mass Retail,3,8,17700,50000,67,172,301000,1250000,33.5,Low Risk
CUST102763,Axis Bank,Affluent,0,13,93300,300000,5,259,1179000,5460000,15.3,Low Risk
CUST102764,Kotak Mahindra Bank,Affluent,2,13,135400,400000,32,289,1658000,7460000,21.4,Low Risk
CUST102765,Axis Bank,Mass Retail,5,6,68600,75000,133,125,1041000,1390000,88.1,Medium Risk
CUST102766,Union Bank of India,SME,25,50,212300,750000,470,1073,3757000,15590000,35.2,Low Risk
CUST102767,Bank of Baroda,Affluent,4,19,98500,200000,65,374,2294000,4750000,35.5,Low Risk
CUST102768,HDFC Bank,Mass Retail,12,11,41700,40000,292,242,1365000,960000,119.5,High Risk
CUST102769,HDFC Bank,Affluent,1,17,66200,400000,13,440,1390000,9260000,10.9,Low Risk
CUST102770,Federal Bank,Premium,10,20,55700,500000,204,426,1212000,12140000,27.4,Low Risk
CUST102771,Union Bank of India,Mass Retail,3,13,13500,100000,64,327,273000,2030000,17.0,Low Risk
CUST102772,Canara Bank,Mass Retail,3,11,16700,50000,62,274,326000,930000,30.0,Low Risk
CUST102773,IndusInd Bank,Business,79,82,1142300,1500000,2057,2104,22636000,27610000,86.9,Medium Risk
CUST102774,State Bank of India,Affluent,5,14,14300,150000,122,343,325000,3590000,21.2,Low Risk
CUST102775,Axis Bank,Affluent,24,21,186400,200000,615,496,4675000,4620000,106.7,High Risk
CUST102776,HDFC Bank,Affluent,3,19,283100,400000,62,475,5554000,9160000,43.3,Low-Medium Risk
CUST102777,ICICI Bank,Mass Retail,2,13,20400,100000,30,254,294000,2040000,15.5,Low Risk
CUST102778,Kotak Mahindra Bank,Mass Retail,0,9,31600,100000,10,200,538000,2070000,17.3,Low Risk
CUST102779,Union Bank of India,Affluent,4,20,3800,100000,76,518,83000,2470000,9.7,Low Risk
CUST102780,Union Bank of India,Mass Retail,1,6,1100,40000,15,146,19000,740000,7.6,Low Risk
CUST102781,Axis Bank,Mass Retail,5,13,21900,100000,135,335,499000,2340000,29.2,Low Risk
CUST102782,IDFC First Bank,Business,11,87,219900,500000,236,2128,3935000,10080000,28.5,Low Risk
CUST102783,State Bank of India,SME,47,52,316300,400000,1200,1306,7760000,7310000,91.8,High Risk
CUST102784,ICICI Bank,Premium,6,31,27200,300000,145,742,482000,6960000,13.1,Low Risk
CUST102785,Bank of India,Business,7,50,643600,2500000,146,1216,9322000,50790000,18.0,Low Risk
CUST102786,HDFC Bank,Mass Retail,1,8,12300,40000,22,181,210000,920000,20.4,Low Risk
CUST102787,Bank of India,SME,18,36,1409300,1500000,509,917,42124000,34430000,83.8,Medium Risk
CUST102788,Bank of India,Mass Retail,3,11,9400,40000,58,273,161000,870000,22.6,Low Risk
CUST102789,Bank of India,SME,8,26,77400,200000,138,648,1834000,4690000,33.3,Low Risk
CUST102790,HDFC Bank,SME,22,53,196500,1500000,420,1257,2861000,33100000,22.7,Low Risk
CUST102791,HDFC Bank,Premium,4,23,219100,750000,74,486,3929000,15000000,22.4,Low Risk
CUST102792,IndusInd Bank,SME,20,50,501400,1500000,362,962,10919000,34710000,35.1,Low Risk
CUST102793,HDFC Bank,Affluent,4,21,39200,400000,88,537,813000,8850000,13.0,Low Risk
CUST102794,Indian Bank,Mass Retail,7,7,41200,50000,182,162,581000,900000,87.8,Medium Risk
CUST102795,ICICI Bank,Affluent,6,14,43300,200000,120,295,857000,4860000,29.7,Low Risk
CUST102796,ICICI Bank,Affluent,1,16,133700,300000,21,321,3049000,6550000,28.6,Low Risk
CUST102797,Punjab National Bank,Mass Retail,1,8,14800,40000,29,198,327000,960000,25.8,Low Risk
CUST102798,Kotak Mahindra Bank,Affluent,5,14,46800,400000,113,348,792000,9670000,20.6,Low Risk
CUST102799,Axis Bank,SME,6,39,355000,750000,132,963,6709000,15840000,31.3,Low Risk
CUST102800,State Bank of India,Mass Retail,5,12,36500,40000,145,282,1094000,860000,81.5,Medium Risk
CUST102801,Punjab National Bank,Premium,32,33,798700,750000,903,712,18491000,15680000,112.0,High Risk
CUST102802,Bank of India,Business,22,67,1099600,1000000,1203,1416,23129000,21150000,87.3,Medium Risk
CUST102803,Canara Bank,SME,33,34,463500,750000,662,648,16150000,18200000,86.1,Medium Risk
CUST102804,Yes Bank,SME,6,28,93500,750000,120,695,2118000,17640000,15.1,Low Risk
CUST102805,IndusInd Bank,Affluent,6,13,83100,200000,125,255,1421000,3780000,43.3,Low-Medium Risk
CUST102806,IDFC First Bank,SME,17,31,184500,750000,286,726,3821000,16700000,34.1,Low Risk
CUST102807,Kotak Mahindra Bank,Premium,17,34,157600,500000,383,766,3191000,12490000,38.2,Low Risk
CUST102808,Kotak Mahindra Bank,Mass Retail,3,8,22700,75000,67,181,487000,1660000,33.0,Low Risk
CUST102809,Bank of India,Affluent,2,12,54800,300000,55,306,1136000,7050000,17.2,Low Risk
CUST102810,Canara Bank,Premium,8,22,97500,300000,138,423,1493000,7020000,30.0,Low Risk
CUST102811,Punjab National Bank,Mass Retail,3,12,14200,75000,70,293,262000,1530000,20.9,Low Risk
CUST102812,HDFC Bank,Affluent,12,12,46000,150000,255,232,1034000,3090000,64.1,Low-Medium Risk
CUST102813,Federal Bank,Premium,34,31,470300,750000,740,597,15661000,17300000,94.6,High Risk
CUST102814,State Bank of India,Mass Retail,2,9,26600,100000,49,198,599000,2150000,25.7,Low Risk
CUST102815,IDFC First Bank,Affluent,9,18,16100,150000,170,350,370000,3300000,27.9,Low Risk
CUST102816,IndusInd Bank,Premium,19,20,693200,1000000,447,490,16460000,22990000,80.4,Medium Risk
CUST102817,Union Bank of India,Affluent,24,21,81300,100000,598,477,1902000,2340000,97.9,High Risk
CUST102818,State Bank of India,Mass Retail,5,9,48000,40000,95,173,941000,800000,91.1,High Risk
CUST102819,Bank of Baroda,Mass Retail,9,8,99900,75000,211,154,2065000,1430000,132.3,High Risk
CUST102820,ICICI Bank,Mass Retail,6,7,30900,25000,220,163,666000,500000,120.6,High Risk
CUST102821,Federal Bank,SME,14,50,319800,750000,367,1232,5067000,16160000,33.5,Low Risk
CUST102822,Indian Bank,Mass Retail,2,12,11000,75000,52,265,166000,1530000,15.4,Low Risk
CUST102823,Federal Bank,Affluent,1,19,171800,300000,28,435,3220000,6590000,32.1,Low Risk
CUST102824,Indian Bank,Mass Retail,3,9,21600,50000,78,221,290000,920000,36.0,Low Risk
CUST102825,HDFC Bank,Mass Retail,7,6,41500,75000,152,140,1256000,1620000,87.0,Medium Risk
CUST102826,IDFC First Bank,Business,13,80,394700,1000000,238,1646,6245000,20580000,25.9,Low Risk
CUST102827,IndusInd Bank,Premium,25,25,715300,1000000,725,582,22683000,21740000,98.8,High Risk
CUST102828,Bank of Baroda,Mass Retail,1,11,2100,25000,23,257,44000,520000,8.4,Low Risk
CUST102829,Axis Bank,Affluent,4,12,136200,300000,80,290,2535000,6000000,37.8,Low Risk
CUST102830,Bank of Baroda,Mass Retail,1,10,24500,100000,26,233,591000,2430000,18.1,Low Risk
CUST102831,Federal Bank,Affluent,11,17,214500,200000,246,438,3851000,3860000,84.6,Medium Risk
CUST102832,State Bank of India,Premium,4,27,15800,300000,92,550,262000,6830000,9.6,Low Risk
CUST102833,Bank of India,Mass Retail,3,7,69500,75000,111,180,2158000,1840000,81.9,Medium Risk
CUST102834,Federal Bank,Mass Retail,10,9,29300,40000,252,205,813000,870000,98.0,High Risk
CUST102835,Punjab National Bank,Mass Retail,1,7,14200,100000,18,166,267000,2410000,12.5,Low Risk
CUST102836,Bank of Baroda,Business,72,74,684600,1000000,1849,1458,18845000,18870000,96.3,High Risk
CUST102837,Kotak Mahindra Bank,SME,13,43,308300,1500000,267,932,5481000,32180000,23.6,Low Risk
CUST102838,Federal Bank,Mass Retail,3,12,7600,25000,63,293,119000,530000,24.9,Low Risk
CUST102839,Union Bank of India,Premium,3,31,62200,300000,78,742,1079000,5420000,16.1,Low Risk
CUST102840,Kotak Mahindra Bank,Mass Retail,9,9,86300,100000,216,174,1819000,2110000,97.4,High Risk
CUST102841,Kotak Mahindra Bank,Mass Retail,7,13,900,25000,143,297,14000,510000,24.4,Low Risk
CUST102842,Bank of Baroda,Premium,0,23,138800,300000,6,451,3291000,6810000,26.5,Low Risk
CUST102843,Bank of Baroda,Business,10,63,729300,5000000,245,1636,15483000,122840000,14.7,Low Risk
CUST102844,State Bank of India,SME,11,26,15300,750000,265,657,225000,13950000,19.2,Low Risk
CUST102845,Axis Bank,Affluent,3,12,124300,300000,47,230,2208000,6090000,31.5,Low Risk
CUST102846,Yes Bank,Mass Retail,3,9,28100,75000,59,225,509000,1580000,32.3,Low Risk
CUST102847,Punjab National Bank,Premium,4,22,76000,300000,115,560,1556000,6360000,22.3,Low Risk
CUST102848,ICICI Bank,Mass Retail,1,6,17600,75000,15,129,314000,1760000,17.9,Low Risk
CUST102849,Bank of India,Affluent,5,19,19800,150000,137,457,371000,3170000,19.3,Low Risk
CUST102850,Union Bank of India,Mass Retail,3,9,4100,50000,49,199,51000,910000,16.7,Low Risk
CUST102851,Axis Bank,Premium,7,32,114800,750000,152,755,2731000,17230000,17.9,Low Risk
CUST102852,Kotak Mahindra Bank,Mass Retail,3,13,9400,40000,53,278,192000,970000,21.6,Low Risk
CUST102853,Yes Bank,Mass Retail,9,13,23900,75000,141,276,427000,1620000,42.6,Low-Medium Risk
CUST102854,IDFC First Bank,Business,14,47,129300,500000,258,1033,2047000,11030000,24.7,Low Risk
CUST102855,HDFC Bank,Mass Retail,3,12,2000,75000,73,240,32000,1440000,13.5,Low Risk
CUST102856,Yes Bank,Affluent,2,13,10900,100000,53,323,223000,1950000,13.0,Low Risk
CUST102857,Bank of India,Mass Retail,2,8,48200,100000,34,172,723000,1960000,33.7,Low Risk
CUST102858,Canara Bank,Mass Retail,9,10,59000,75000,215,218,1058000,1580000,82.5,Medium Risk
CUST102859,Bank of India,Mass Retail,3,8,11100,40000,53,202,262000,980000,29.5,Low Risk
CUST102860,IndusInd Bank,Mass Retail,3,10,3900,50000,61,225,60000,1080000,16.5,Low Risk
CUST102861,Bank of Baroda,Business,13,51,165600,500000,211,1163,2621000,9670000,26.3,Low Risk
CUST102862,IDFC First Bank,Mass Retail,5,9,31600,75000,95,231,418000,1490000,40.9,Low-Medium Risk
CUST102863,Punjab National Bank,SME,24,27,160700,200000,847,681,4285000,4140000,98.4,High Risk
CUST102864,State Bank of India,Affluent,0,14,1900,100000,7,283,34000,2240000,1.6,Low Risk
CUST102865,Kotak Mahindra Bank,Affluent,3,14,34200,150000,61,312,679000,3160000,21.3,Low Risk
CUST102866,Indian Bank,Affluent,0,16,45500,100000,12,413,821000,2070000,24.7,Low Risk
CUST102867,HDFC Bank,Affluent,1,17,51400,150000,21,367,1033000,3290000,20.8,Low Risk
CUST102868,Bank of Baroda,Premium,4,22,81500,1000000,97,475,1638000,19690000,12.8,Low Risk
CUST102869,Canara Bank,Mass Retail,3,11,1500,25000,49,224,18000,460000,13.6,Low Risk
CUST102870,Federal Bank,Mass Retail,3,11,2900,100000,53,218,48000,1820000,12.9,Low Risk
CUST102871,IndusInd Bank,Business,13,69,483500,2500000,264,1669,6797000,49400000,16.9,Low Risk
CUST102872,State Bank of India,SME,16,49,9900,1500000,366,1195,133000,27960000,14.4,Low Risk
CUST102873,Union Bank of India,Business,32,65,536900,1500000,646,1676,11122000,30530000,39.5,Low Risk
CUST102874,Yes Bank,Mass Retail,5,11,31700,100000,107,269,754000,2340000,36.6,Low Risk
CUST102875,Canara Bank,Premium,6,20,78700,300000,87,414,1838000,6900000,26.1,Low Risk
CUST102876,Bank of India,Affluent,5,16,35700,100000,97,308,697000,2230000,32.4,Low Risk
CUST102877,HDFC Bank,Affluent,4,12,37500,400000,87,311,661000,9590000,17.9,Low Risk
CUST102878,Union Bank of India,Mass Retail,5,12,12700,50000,108,257,243000,1000000,32.2,Low Risk
CUST102879,IDFC First Bank,Affluent,4,17,29400,300000,82,360,674000,7260000,15.7,Low Risk
CUST102880,State Bank of India,Mass Retail,3,13,12000,100000,58,329,188000,2080000,14.9,Low Risk
CUST102881,Federal Bank,Mass Retail,4,13,9600,40000,88,300,135000,830000,24.4,Low Risk
CUST102882,HDFC Bank,Business,11,44,123600,500000,242,902,2412000,10420000,24.9,Low Risk
CUST102883,Indian Bank,Mass Retail,3,11,16500,75000,67,277,255000,1400000,22.4,Low Risk
CUST102884,IndusInd Bank,Mass Retail,13,12,36200,40000,322,311,899000,990000,97.3,High Risk
CUST102885,State Bank of India,Mass Retail,13,11,65200,75000,216,216,1318000,1420000,98.4,High Risk
CUST102886,Kotak Mahindra Bank,SME,6,44,176400,400000,115,1102,2499000,8150000,26.3,Low Risk
CUST102887,Union Bank of India,Affluent,15,16,46000,400000,334,348,830000,8090000,48.0,Low-Medium Risk
CUST102888,Kotak Mahindra Bank,Mass Retail,5,10,14200,50000,74,227,202000,930000,32.3,Low Risk
CUST102889,Bank of Baroda,Business,19,86,69400,5000000,366,2185,1347000,95330000,9.1,Low Risk
CUST102890,Indian Bank,Business,70,81,1363500,1500000,2532,2091,22041000,27470000,93.4,High Risk
CUST102891,Indian Bank,Mass Retail,5,12,6400,100000,111,250,131000,2000000,22.6,Low Risk
CUST102892,HDFC Bank,Premium,1,22,138700,1000000,29,451,3418000,24070000,10.3,Low Risk
CUST102893,Indian Bank,Premium,31,29,52400,300000,637,567,1141000,6110000,58.3,Low-Medium Risk
CUST102894,State Bank of India,Premium,4,20,364400,1000000,67,459,6290000,18870000,27.0,Low Risk
CUST102895,Axis Bank,Mass Retail,0,11,9700,40000,8,210,209000,900000,14.0,Low Risk
CUST102896,Indian Bank,Business,20,71,785100,2500000,372,1554,19455000,62440000,28.8,Low Risk
CUST102897,Axis Bank,Affluent,16,15,138100,150000,368,293,3030000,2940000,105.9,High Risk
CUST102898,Indian Bank,Mass Retail,3,9,39000,40000,100,197,1052000,800000,82.9,Medium Risk
CUST102899,Punjab National Bank,Affluent,1,12,38800,150000,13,231,792000,3720000,16.2,Low Risk
CUST102900,Punjab National Bank,Mass Retail,8,10,46800,100000,310,248,1232000,1930000,76.2,Medium Risk
CUST102901,Axis Bank,Mass Retail,1,8,13700,75000,18,164,276000,1620000,14.9,Low Risk
CUST102902,Canara Bank,Premium,25,27,670400,500000,741,575,10564000,9840000,116.3,High Risk
CUST102903,Bank of India,Mass Retail,1,9,2200,40000,16,226,42000,980000,6.8,Low Risk
CUST102904,Bank of Baroda,Mass Retail,3,11,11900,75000,51,266,219000,1870000,18.0,Low Risk
CUST102905,Bank of Baroda,Affluent,6,17,92900,400000,96,349,1523000,9480000,24.8,Low Risk
CUST102906,State Bank of India,Mass Retail,1,6,2200,40000,20,117,32000,810000,10.3,Low Risk
CUST102907,Bank of India,SME,13,52,633000,1500000,214,1249,13524000,31240000,33.0,Low Risk
CUST102908,Union Bank of India,Mass Retail,2,10,22500,50000,50,217,341000,980000,31.9,Low Risk
CUST102909,Bank of Baroda,Mass Retail,1,11,10700,75000,38,268,269000,1820000,13.2,Low Risk
CUST102910,Punjab National Bank,Mass Retail,3,6,29900,25000,102,133,758000,610000,96.3,High Risk
CUST102911,Axis Bank,Mass Retail,6,9,22500,75000,107,193,365000,1570000,41.7,Low-Medium Risk
CUST102912,Canara Bank,Mass Retail,2,10,13000,75000,37,222,285000,1690000,17.7,Low Risk
CUST102913,Kotak Mahindra Bank,Premium,9,26,576300,1000000,234,630,11147000,19160000,48.3,Low-Medium Risk
CUST102914,Union Bank of India,SME,35,40,527800,750000,1231,1013,10533000,15780000,84.6,Medium Risk
CUST102915,ICICI Bank,Mass Retail,1,12,43900,100000,10,232,928000,2240000,26.4,Low Risk
CUST102916,IndusInd Bank,Premium,30,27,97700,500000,551,612,2213000,10350000,55.7,Low-Medium Risk
CUST102917,ICICI Bank,Premium,9,25,1324000,1000000,396,481,21071000,20500000,91.8,High Risk
CUST102918,HDFC Bank,Business,17,63,178200,1000000,344,1404,3340000,18010000,21.8,Low Risk
CUST102919,Canara Bank,Affluent,13,17,17000,100000,323,428,274000,2360000,41.3,Low-Medium Risk
CUST102920,IDFC First Bank,Mass Retail,10,10,36500,50000,246,215,1042000,1210000,91.6,High Risk
CUST102921,Kotak Mahindra Bank,Mass Retail,10,9,44400,50000,230,230,946000,1240000,92.6,High Risk
CUST102922,Punjab National Bank,Premium,5,25,13200,500000,101,585,236000,11520000,9.5,Low Risk
CUST102923,Union Bank of India,Business,12,57,2672500,5000000,308,1456,55947000,109210000,38.4,Low Risk
CUST102924,Axis Bank,Mass Retail,6,12,23700,100000,138,292,381000,1990000,33.4,Low Risk
CUST102925,HDFC Bank,Mass Retail,3,10,32800,100000,41,197,704000,2500000,28.3,Low Risk
CUST102926,Indian Bank,Business,18,88,23700,500000,298,1814,344000,11060000,10.2,Low Risk
CUST102927,Axis Bank,Business,16,52,393900,1000000,319,1131,8465000,22770000,34.3,Low Risk
CUST102928,Bank of Baroda,SME,5,28,165700,400000,77,565,3870000,9110000,30.3,Low Risk
CUST102929,Punjab National Bank,Premium,6,32,56300,300000,118,719,1297000,7180000,18.1,Low Risk
CUST102930,Bank of Baroda,Mass Retail,4,7,68200,75000,72,156,1720000,1360000,83.4,Medium Risk
CUST102931,IndusInd Bank,Affluent,12,13,317300,400000,368,334,7390000,7820000,93.2,High Risk
CUST102932,Yes Bank,Premium,9,22,655400,500000,279,485,15728000,11330000,97.4,High Risk
CUST102933,Indian Bank,Mass Retail,6,7,17700,25000,171,171,501000,610000,83.8,Medium Risk
CUST102934,Yes Bank,Affluent,2,16,19300,150000,43,409,436000,3420000,12.3,Low Risk
CUST102935,HDFC Bank,Premium,29,24,171900,300000,561,603,6196000,6270000,90.8,High Risk
CUST102936,Indian Bank,Mass Retail,6,11,100800,100000,123,225,2636000,2050000,88.6,Medium Risk
CUST102937,State Bank of India,Premium,16,26,360500,300000,442,584,7476000,6950000,94.2,High Risk
CUST102938,ICICI Bank,Affluent,3,20,23000,300000,64,429,509000,6960000,10.8,Low Risk
CUST102939,IndusInd Bank,SME,19,38,46000,400000,366,828,1000000,8900000,27.1,Low Risk
CUST102940,Bank of India,Mass Retail,5,13,13200,100000,82,280,275000,2000000,22.3,Low Risk
CUST102941,Canara Bank,Mass Retail,3,8,17800,75000,73,198,365000,1840000,28.8,Low Risk
CUST102942,Yes Bank,Affluent,12,20,243800,200000,321,443,6360000,4370000,104.1,High Risk
CUST102943,State Bank of India,Mass Retail,3,7,15500,40000,84,159,277000,940000,40.2,Low-Medium Risk
CUST102944,Axis Bank,Premium,32,27,349300,500000,802,699,7792000,9750000,93.5,High Risk
CUST102945,HDFC Bank,Premium,11,25,267200,1000000,221,485,5138000,20410000,34.4,Low Risk
CUST102946,IDFC First Bank,Mass Retail,0,11,11400,50000,11,247,244000,1210000,12.9,Low Risk
CUST102947,Axis Bank,Affluent,3,16,19000,200000,86,391,256000,3670000,13.8,Low Risk
CUST102948,ICICI Bank,Affluent,5,18,28700,150000,78,361,407000,3240000,20.0,Low Risk
CUST102949,Kotak Mahindra Bank,Mass Retail,1,8,22100,100000,25,186,318000,2140000,15.9,Low Risk
CUST102950,Indian Bank,SME,18,36,27400,750000,293,744,659000,17440000,21.8,Low Risk
CUST102951,Bank of Baroda,Business,15,89,1887900,5000000,293,2231,35026000,99870000,27.0,Low Risk
CUST102952,Bank of Baroda,Premium,8,26,154400,750000,184,554,3099000,14650000,25.8,Low Risk
CUST102953,HDFC Bank,Premium,2,29,132400,750000,45,618,3123000,18360000,12.9,Low Risk
CUST102954,Yes Bank,Affluent,25,21,271800,400000,486,487,8026000,8800000,92.7,High Risk
CUST102955,ICICI Bank,SME,4,38,25700,200000,74,771,423000,3750000,11.3,Low Risk
CUST102956,HDFC Bank,Premium,4,32,56200,500000,66,672,1036000,9680000,11.0,Low Risk
CUST102957,Bank of Baroda,Premium,5,28,55800,300000,84,614,920000,7500000,15.7,Low Risk
CUST102958,Bank of India,Business,88,72,2169500,2500000,2034,1546,45583000,48420000,106.6,High Risk
CUST102959,Bank of India,Mass Retail,4,7,24100,75000,91,159,487000,1670000,42.2,Low-Medium Risk
CUST102960,ICICI Bank,Business,11,64,390000,2500000,245,1485,5567000,52350000,14.8,Low Risk
CUST102961,Bank of India,Mass Retail,5,13,104100,75000,203,299,1859000,1810000,91.1,High Risk
CUST102962,Yes Bank,Mass Retail,3,11,4000,40000,46,259,85000,930000,15.2,Low Risk
CUST102963,Yes Bank,Mass Retail,2,8,16500,75000,45,169,345000,1660000,23.5,Low Risk
CUST102964,State Bank of India,SME,11,31,414600,1500000,172,616,7360000,27110000,29.3,Low Risk
CUST102965,Yes Bank,Business,17,48,119000,500000,385,1168,2194000,12080000,26.7,Low Risk
CUST102966,Axis Bank,Premium,7,27,145500,500000,154,674,3179000,10560000,27.3,Low Risk
CUST102967,Punjab National Bank,Premium,4,20,159100,750000,64,416,4032000,18390000,19.7,Low Risk
CUST102968,Union Bank of India,Affluent,10,16,13600,300000,206,350,303000,6440000,29.4,Low Risk
CUST102969,Axis Bank,SME,16,49,72400,400000,278,1102,1382000,9140000,22.0,Low Risk
CUST102970,IndusInd Bank,Affluent,4,15,133400,300000,76,341,1836000,5550000,32.3,Low Risk
CUST102971,Canara Bank,Mass Retail,7,7,32200,50000,213,165,1099000,1160000,94.9,High Risk
CUST102972,ICICI Bank,Mass Retail,1,13,16100,50000,13,251,317000,1020000,20.5,Low Risk
CUST102973,Federal Bank,Premium,3,33,40200,500000,67,794,855000,10230000,8.2,Low Risk
CUST102974,Yes Bank,Premium,34,32,530400,1000000,779,622,11994000,18830000,83.6,Medium Risk
CUST102975,Canara Bank,Mass Retail,3,9,2900,25000,50,201,51000,480000,19.2,Low Risk
CUST102976,Kotak Mahindra Bank,Mass Retail,5,11,8200,40000,107,273,147000,770000,29.4,Low Risk
CUST102977,HDFC Bank,Business,84,89,183600,1000000,2038,1972,5129000,20300000,55.4,Low-Medium Risk
CUST102978,IDFC First Bank,Mass Retail,3,12,17500,40000,52,241,276000,970000,30.5,Low Risk
CUST102979,Kotak Mahindra Bank,Premium,9,27,76100,500000,255,699,1466000,10290000,23.3,Low Risk
CUST102980,Yes Bank,SME,48,41,230200,200000,1185,1034,6261000,4610000,121.3,High Risk
CUST102981,ICICI Bank,Affluent,15,12,389800,400000,392,293,9976000,7430000,121.7,High Risk
CUST102982,IDFC First Bank,Mass Retail,1,8,12600,75000,27,175,268000,1660000,15.2,Low Risk
CUST102983,IndusInd Bank,Premium,4,28,268000,750000,73,568,5752000,16030000,26.1,Low Risk
CUST102984,Bank of India,Business,23,76,128500,500000,413,1945,3307000,12420000,26.1,Low Risk
CUST102985,Federal Bank,Affluent,12,20,9200,200000,237,455,154000,4780000,26.9,Low Risk
CUST102986,HDFC Bank,SME,9,41,67800,400000,227,1024,1387000,8470000,18.9,Low Risk
CUST102987,Indian Bank,Mass Retail,3,12,6800,25000,43,257,105000,590000,21.8,Low Risk
CUST102988,Federal Bank,Affluent,14,18,87600,300000,417,384,2256000,5810000,60.2,Low-Medium Risk
CUST102989,IDFC First Bank,Premium,11,30,7500,1000000,290,777,154000,21940000,16.8,Low Risk
CUST102990,HDFC Bank,Business,58,52,1769400,2500000,1255,1178,44070000,46310000,94.7,High Risk
CUST102991,Federal Bank,Mass Retail,2,12,5800,40000,50,240,115000,820000,16.2,Low Risk
CUST102992,IDFC First Bank,Business,12,45,175100,1000000,198,924,3177000,19580000,20.1,Low Risk
CUST102993,HDFC Bank,Affluent,1,15,36400,400000,18,336,675000,9210000,7.1,Low Risk
CUST102994,ICICI Bank,Mass Retail,1,13,3400,25000,19,251,58000,540000,10.5,Low Risk
CUST102995,HDFC Bank,Mass Retail,2,7,19300,75000,34,156,355000,1740000,24.1,Low Risk
CUST102996,IndusInd Bank,Business,50,54,101600,2500000,1278,1184,1944000,54020000,46.5,Low-Medium Risk
CUST102997,Bank of India,Mass Retail,1,9,4900,25000,24,220,64000,470000,14.4,Low Risk
CUST102998,IDFC First Bank,Mass Retail,2,8,11300,100000,41,172,265000,2310000,16.9,Low Risk
CUST102999,Kotak Mahindra Bank,Mass Retail,3,12,1800,50000,97,311,38000,1190000,14.3,Low Risk
CUST103000,IndusInd Bank,Business,11,61,2681500,5000000,199,1236,68088000,121620000,38.3,Low Risk
CUST103001,IDFC First Bank,Premium,17,34,138200,300000,322,787,2119000,6600000,41.9,Low-Medium Risk
CUST103002,Kotak Mahindra Bank,Premium,27,31,275300,500000,609,608,10249000,11640000,81.2,Medium Risk
CUST103003,Punjab National Bank,Mass Retail,4,9,3900,25000,95,217,78000,580000,27.5,Low Risk
CUST103004,Federal Bank,Affluent,10,18,44100,150000,225,467,681000,2860000,37.7,Low Risk
CUST103005,Bank of India,Affluent,20,18,363800,400000,523,445,8219000,7660000,105.8,High Risk
CUST103006,Canara Bank,Business,42,43,587300,1000000,1249,984,12666000,18500000,85.1,Medium Risk
CUST103007,Punjab National Bank,Business,15,81,1872500,5000000,358,1814,36632000,101200000,29.0,Low Risk
CUST103008,Indian Bank,Mass Retail,8,13,7500,40000,182,323,131000,850000,35.5,Low Risk
CUST103009,Bank of Baroda,Premium,13,29,27300,750000,252,741,573000,18740000,19.3,Low Risk
CUST103010,State Bank of India,Mass Retail,3,11,2400,75000,72,285,45000,1580000,13.1,Low Risk
CUST103011,ICICI Bank,Affluent,5,20,23900,200000,77,436,556000,4620000,16.2,Low Risk
CUST103012,Union Bank of India,Mass Retail,1,7,21700,100000,16,182,504000,2290000,17.4,Low Risk
CUST103013,IndusInd Bank,Mass Retail,2,6,2100,25000,25,121,41000,490000,16.4,Low Risk
CUST103014,IndusInd Bank,Mass Retail,3,10,4000,25000,58,208,71000,460000,21.4,Low Risk
CUST103015,Union Bank of India,Affluent,5,16,14300,100000,108,314,278000,2180000,21.9,Low Risk
CUST103016,State Bank of India,Mass Retail,13,12,43100,50000,299,251,997000,1150000,98.4,High Risk
CUST103017,Bank of India,Premium,25,26,51500,300000,670,634,1029000,7500000,53.1,Low-Medium Risk
CUST103018,Union Bank of India,Mass Retail,2,9,2200,100000,51,225,33000,2050000,11.0,Low Risk
CUST103019,Indian Bank,Mass Retail,5,12,4900,25000,126,293,125000,610000,29.9,Low Risk
CUST103020,ICICI Bank,Premium,1,25,120600,500000,19,585,2342000,10340000,14.7,Low Risk
CUST103021,Canara Bank,Mass Retail,2,10,22800,75000,42,226,368000,1710000,23.1,Low Risk
CUST103022,ICICI Bank,Affluent,6,12,91300,100000,141,288,2452000,2220000,78.1,Medium Risk
CUST103023,State Bank of India,Premium,7,31,445500,1000000,130,674,6603000,18370000,31.9,Low Risk
CUST103024,Indian Bank,Mass Retail,1,9,12600,100000,22,224,221000,1850000,11.6,Low Risk
CUST103025,Union Bank of India,Mass Retail,6,12,2700,75000,124,285,40000,1360000,22.6,Low Risk
CUST103026,Punjab National Bank,Mass Retail,1,10,15600,50000,22,239,319000,1030000,21.5,Low Risk
CUST103027,Union Bank of India,SME,12,33,43600,200000,279,751,911000,4640000,27.8,Low Risk
CUST103028,Federal Bank,Affluent,6,19,52000,150000,148,479,981000,2880000,33.2,Low Risk
CUST103029,Punjab National Bank,Premium,16,30,68800,750000,260,623,1105000,16680000,25.4,Low Risk
CUST103030,HDFC Bank,Affluent,5,14,47800,300000,119,303,827000,6010000,24.9,Low Risk
CUST103031,Bank of Baroda,Mass Retail,4,13,5900,40000,74,318,94000,940000,18.9,Low Risk
CUST103032,Kotak Mahindra Bank,Mass Retail,2,10,11800,25000,38,224,280000,590000,34.5,Low Risk
CUST103033,Bank of India,Premium,3,22,86400,300000,64,555,1697000,7030000,20.6,Low Risk
CUST103034,Kotak Mahindra Bank,Mass Retail,10,10,33700,50000,245,214,665000,1080000,83.2,Medium Risk
CUST103035,ICICI Bank,Mass Retail,1,13,49800,100000,24,281,703000,2000000,27.5,Low Risk
CUST103036,IDFC First Bank,Mass Retail,7,9,65100,75000,211,227,1481000,1770000,85.5,Medium Risk
CUST103037,Kotak Mahindra Bank,Affluent,2,16,127100,400000,52,356,1689000,7720000,21.1,Low Risk
CUST103038,Federal Bank,SME,3,37,50100,200000,79,837,782000,4010000,16.3,Low Risk
CUST103039,Federal Bank,Mass Retail,3,13,20000,100000,53,277,325000,1930000,19.6,Low Risk
CUST103040,Yes Bank,Affluent,2,15,3600,150000,35,314,77000,3410000,6.4,Low Risk
CUST103041,IndusInd Bank,Mass Retail,5,13,130800,100000,149,307,2878000,2280000,91.1,High Risk
CUST103042,Union Bank of India,SME,15,42,206600,750000,221,833,3185000,16930000,27.0,Low Risk
CUST103043,HDFC Bank,Mass Retail,2,9,20300,100000,29,226,350000,2090000,18.1,Low Risk
CUST103044,State Bank of India,Mass Retail,3,6,30100,25000,73,147,682000,470000,96.2,High Risk
CUST103045,Axis Bank,Premium,11,34,91900,500000,234,691,1915000,12190000,24.0,Low Risk
CUST103046,Union Bank of India,Premium,5,25,48000,300000,127,596,863000,6470000,17.1,Low Risk
CUST103047,IndusInd Bank,Affluent,1,12,37400,100000,13,279,602000,2080000,21.3,Low Risk
CUST103048,Punjab National Bank,Mass Retail,4,9,5600,25000,83,183,113000,550000,31.6,Low Risk
CUST103049,Kotak Mahindra Bank,Mass Retail,1,8,50700,100000,19,167,1003000,1930000,33.9,Low Risk
CUST103050,IndusInd Bank,Mass Retail,4,12,8700,25000,69,262,160000,470000,32.3,Low Risk
CUST103051,ICICI Bank,Mass Retail,13,11,21200,25000,283,263,464000,520000,98.4,High Risk
CUST103052,Punjab National Bank,Affluent,16,20,47500,200000,417,469,971000,3920000,50.9,Low-Medium Risk
CUST103053,Federal Bank,Mass Retail,1,6,1700,25000,28,136,30000,490000,12.0,Low Risk
CUST103054,ICICI Bank,Mass Retail,2,10,4600,50000,40,244,113000,1210000,13.0,Low Risk
CUST103055,State Bank of India,Premium,1,25,322100,750000,22,608,6396000,16290000,24.7,Low Risk
CUST103056,State Bank of India,SME,4,30,11700,200000,78,700,229000,4280000,8.4,Low Risk
CUST103057,Yes Bank,Affluent,3,14,52700,150000,62,343,959000,3420000,26.2,Low Risk
CUST103058,Federal Bank,Mass Retail,9,8,34000,50000,203,171,863000,1230000,89.5,Medium Risk
CUST103059,Canara Bank,Mass Retail,3,8,40500,75000,81,201,698000,1410000,46.3,Low-Medium Risk
CUST103060,Yes Bank,SME,22,47,66000,1500000,424,1095,1072000,35750000,20.9,Low Risk
CUST103061,Bank of India,Mass Retail,1,9,4600,50000,26,223,89000,1100000,9.8,Low Risk
CUST103062,HDFC Bank,Mass Retail,1,7,17100,50000,27,160,228000,950000,23.1,Low Risk
CUST103063,Canara Bank,Affluent,3,20,30800,150000,51,411,428000,3010000,15.7,Low Risk
CUST103064,Federal Bank,Affluent,1,15,66400,400000,27,342,1283000,8550000,12.3,Low Risk
CUST103065,Federal Bank,Affluent,8,18,19500,150000,170,389,371000,3430000,26.1,Low Risk
CUST103066,ICICI Bank,Mass Retail,2,9,5600,40000,33,215,98000,790000,15.4,Low Risk
CUST103067,Union Bank of India,Mass Retail,1,7,8200,50000,24,156,153000,1090000,14.8,Low Risk
CUST103068,Kotak Mahindra Bank,SME,3,33,16800,200000,53,820,293000,4560000,7.2,Low Risk
CUST103069,Bank of Baroda,Mass Retail,12,9,41500,40000,246,214,986000,850000,116.2,High Risk
CUST103070,Yes Bank,Premium,5,32,65600,500000,136,761,1573000,12020000,14.8,Low Risk
CUST103071,Indian Bank,Premium,2,25,50500,300000,34,513,1045000,7230000,12.0,Low Risk
CUST103072,Yes Bank,Affluent,3,17,284300,400000,84,440,4021000,8520000,41.2,Low-Medium Risk
CUST103073,Indian Bank,Mass Retail,3,9,5500,40000,55,224,142000,990000,20.6,Low Risk
CUST103074,HDFC Bank,Mass Retail,7,6,128400,100000,188,147,2345000,1850000,125.3,High Risk
CUST103075,Punjab National Bank,Affluent,6,17,28300,150000,128,362,438000,2700000,25.2,Low Risk
CUST103076,Bank of Baroda,Business,16,41,2265500,2500000,440,933,49946000,51660000,71.6,Medium Risk
CUST103077,Federal Bank,SME,19,33,320900,750000,277,659,7406000,16660000,46.4,Low-Medium Risk
CUST103078,Federal Bank,Mass Retail,3,11,2000,40000,57,250,45000,900000,13.8,Low Risk
CUST103079,Kotak Mahindra Bank,Mass Retail,1,10,20400,75000,22,200,361000,1600000,18.6,Low Risk
CUST103080,Canara Bank,SME,4,28,64800,400000,62,640,875000,7550000,13.1,Low Risk
CUST103081,State Bank of India,Premium,2,21,152400,1000000,56,494,2311000,19190000,12.2,Low Risk
CUST103082,Canara Bank,Business,38,49,95500,1500000,1092,1065,2371000,35950000,43.5,Low-Medium Risk
CUST103083,Bank of India,Mass Retail,4,7,9700,25000,90,157,215000,600000,46.1,Low-Medium Risk
CUST103084,Kotak Mahindra Bank,Affluent,3,16,33300,150000,84,402,620000,3410000,20.0,Low Risk
CUST103085,Kotak Mahindra Bank,Premium,9,25,173400,750000,164,494,3942000,16990000,28.1,Low Risk
CUST103086,Union Bank of India,Premium,3,33,145500,500000,66,810,3147000,11090000,19.7,Low Risk
CUST103087,Union Bank of India,Mass Retail,5,12,18600,50000,70,242,271000,970000,33.8,Low Risk
CUST103088,Federal Bank,Mass Retail,5,12,14100,100000,79,231,246000,2100000,24.0,Low Risk
CUST103089,HDFC Bank,Affluent,1,19,83000,300000,19,386,1415000,6860000,15.9,Low Risk
CUST103090,Bank of Baroda,Mass Retail,2,13,3000,40000,60,317,64000,870000,11.7,Low Risk
CUST103091,Canara Bank,Affluent,5,17,84300,400000,79,371,1540000,7250000,22.8,Low Risk
CUST103092,ICICI Bank,SME,13,36,306300,750000,316,904,7561000,18510000,38.6,Low Risk
CUST103093,Indian Bank,Mass Retail,2,8,3600,25000,32,181,62000,600000,16.2,Low Risk
CUST103094,Bank of India,Business,82,73,672300,500000,1802,1398,12963000,9910000,127.2,High Risk
CUST103095,Union Bank of India,Mass Retail,7,8,78300,100000,244,192,1606000,2230000,89.3,Medium Risk
CUST103096,Kotak Mahindra Bank,Premium,0,24,341000,750000,8,475,6711000,18350000,23.4,Low Risk
CUST103097,IDFC First Bank,SME,17,46,348200,750000,376,1128,5079000,14000000,38.4,Low Risk
CUST103098,HDFC Bank,Mass Retail,6,13,5000,40000,93,262,106000,860000,24.5,Low Risk
CUST103099,IndusInd Bank,Mass Retail,1,13,34800,75000,19,278,558000,1590000,26.0,Low Risk
CUST103100,IndusInd Bank,Affluent,22,18,80000,100000,538,438,1550000,2090000,97.0,High Risk
CUST103101,Kotak Mahindra Bank,Mass Retail,2,6,32200,100000,55,154,519000,2380000,30.3,Low Risk
CUST103102,Bank of India,Premium,26,26,407700,500000,507,562,8724000,10330000,88.3,Medium Risk
CUST103103,Canara Bank,Business,3,71,1173900,5000000,71,1761,18160000,92230000,13.8,Low Risk
CUST103104,Canara Bank,Affluent,1,13,40000,200000,21,264,564000,3690000,13.3,Low Risk
CUST103105,Indian Bank,Mass Retail,0,6,8600,40000,6,148,109000,730000,11.2,Low Risk
CUST103106,ICICI Bank,Affluent,4,16,23900,100000,80,378,471000,2090000,23.3,Low Risk
CUST103107,Indian Bank,Premium,13,32,120100,500000,233,651,2653000,11510000,30.1,Low Risk
CUST103108,Punjab National Bank,Mass Retail,3,10,46000,75000,65,211,590000,1460000,41.7,Low-Medium Risk
CUST103109,State Bank of India,Affluent,5,14,30000,400000,88,279,508000,9010000,18.9,Low Risk
CUST103110,Union Bank of India,Affluent,4,19,88200,300000,73,412,1705000,6840000,23.7,Low Risk
CUST103111,Kotak Mahindra Bank,Affluent,15,13,349600,400000,339,266,4977000,7910000,95.2,High Risk
CUST103112,Yes Bank,Mass Retail,3,11,10200,40000,58,259,153000,890000,22.8,Low Risk
CUST103113,Union Bank of India,Premium,29,27,591600,1000000,633,701,17348000,22790000,81.1,Medium Risk
CUST103114,Yes Bank,Mass Retail,12,12,109500,100000,254,229,2734000,2130000,113.1,High Risk
CUST103115,Punjab National Bank,Mass Retail,7,6,45100,75000,153,137,1598000,1530000,96.3,High Risk
CUST103116,IDFC First Bank,Business,20,62,394000,2500000,478,1427,8895000,55840000,23.3,Low Risk
CUST103117,Union Bank of India,Premium,10,21,207000,1000000,207,533,4219000,24840000,29.8,Low Risk
CUST103118,Bank of India,Mass Retail,2,11,36600,75000,44,248,628000,1570000,32.8,Low Risk
CUST103119,HDFC Bank,Mass Retail,2,12,1800,50000,34,274,31000,1040000,8.3,Low Risk
CUST103120,Kotak Mahindra Bank,Mass Retail,2,12,4500,40000,37,268,96000,850000,13.0,Low Risk
CUST103121,IndusInd Bank,Mass Retail,3,12,9200,40000,47,251,140000,740000,21.4,Low Risk
CUST103122,Kotak Mahindra Bank,Mass Retail,11,13,15300,25000,248,252,477000,550000,81.7,Medium Risk
CUST103123,Punjab National Bank,Mass Retail,4,10,10400,25000,56,219,155000,510000,34.7,Low Risk
CUST103124,ICICI Bank,Affluent,10,17,149500,400000,178,329,2869000,7540000,45.9,Low-Medium Risk
CUST103125,Kotak Mahindra Bank,Premium,7,28,28200,300000,134,640,624000,6380000,15.4,Low Risk
CUST103126,Indian Bank,Affluent,3,18,43400,150000,51,381,738000,2700000,22.3,Low Risk
CUST103127,Indian Bank,Premium,20,32,164400,1000000,478,728,3423000,20810000,37.1,Low Risk
CUST103128,Axis Bank,Mass Retail,2,12,18900,50000,36,239,338000,940000,27.8,Low Risk
CUST103129,State Bank of India,SME,13,40,44800,200000,255,1021,638000,3630000,23.7,Low Risk
CUST103130,ICICI Bank,Business,79,66,2222400,2500000,1777,1667,59722000,59430000,102.9,High Risk
CUST103131,Punjab National Bank,Business,9,58,114000,1500000,172,1179,2015000,36620000,10.7,Low Risk
CUST103132,Indian Bank,Business,27,47,1477900,2500000,630,1006,27001000,48630000,58.6,Low-Medium Risk
CUST103133,IDFC First Bank,SME,6,39,42000,400000,134,908,669000,8710000,11.6,Low Risk
CUST103134,Axis Bank,Affluent,2,12,34800,400000,27,236,591000,7980000,10.6,Low Risk
CUST103135,Canara Bank,Mass Retail,5,13,1700,25000,95,279,30000,540000,19.5,Low Risk
CUST103136,Bank of India,Affluent,2,17,15800,400000,28,353,284000,8420000,6.4,Low Risk
CUST103137,Bank of India,Premium,18,30,591000,500000,530,762,12698000,9940000,97.5,High Risk
CUST103138,Bank of India,Premium,11,30,128800,500000,224,749,2923000,11450000,29.3,Low Risk
CUST103139,Canara Bank,Affluent,9,19,138400,300000,217,438,1792000,5670000,43.2,Low-Medium Risk
CUST103140,Axis Bank,Mass Retail,6,6,19800,25000,179,136,344000,460000,94.2,High Risk
CUST103141,Axis Bank,Mass Retail,5,9,139400,100000,172,230,3266000,2340000,106.9,High Risk
CUST103142,Bank of Baroda,SME,7,52,119300,750000,158,1327,2523000,17000000,14.2,Low Risk
CUST103143,IndusInd Bank,Affluent,5,15,10900,150000,103,387,193000,3220000,16.8,Low Risk
CUST103144,Canara Bank,Affluent,7,12,66400,200000,129,239,1028000,4250000,40.6,Low-Medium Risk
CUST103145,State Bank of India,Mass Retail,1,7,7400,40000,17,141,147000,860000,15.5,Low Risk
CUST103146,Kotak Mahindra Bank,Mass Retail,1,13,20600,100000,32,309,417000,2110000,15.4,Low Risk
CUST103147,Axis Bank,Business,77,66,749700,1000000,1674,1504,13535000,20750000,89.4,Medium Risk
CUST103148,HDFC Bank,Premium,7,27,311800,1000000,142,516,5862000,21500000,28.1,Low Risk
CUST103149,Axis Bank,Premium,4,29,92100,500000,81,564,2010000,10850000,16.5,Low Risk
CUST103150,Bank of India,Affluent,6,21,145600,400000,107,530,2871000,9140000,29.5,Low Risk
CUST103151,IndusInd Bank,Affluent,22,21,192800,150000,524,527,4766000,3450000,119.6,High Risk
CUST103152,IDFC First Bank,Mass Retail,2,10,14000,50000,36,215,243000,1030000,22.7,Low Risk
CUST103153,Kotak Mahindra Bank,Premium,4,27,134200,750000,93,681,2782000,15670000,16.5,Low Risk
CUST103154,Union Bank of India,Affluent,5,20,79700,400000,103,463,1594000,8250000,21.3,Low Risk
CUST103155,Federal Bank,Affluent,3,13,34700,150000,88,320,698000,3260000,23.5,Low Risk
CUST103156,Union Bank of India,Affluent,2,18,41800,100000,49,396,771000,2120000,26.9,Low Risk
CUST103157,Bank of India,SME,10,34,959100,1500000,177,673,17191000,36340000,43.2,Low-Medium Risk
CUST103158,Yes Bank,Mass Retail,2,7,5300,40000,40,154,116000,910000,19.4,Low Risk
CUST103159,Union Bank of India,Business,19,59,19600,500000,360,1310,411000,12150000,14.9,Low Risk
CUST103160,IDFC First Bank,Mass Retail,3,9,14700,100000,59,206,298000,2300000,21.5,Low Risk
CUST103161,Yes Bank,Affluent,6,21,99600,400000,94,415,1964000,9920000,24.0,Low Risk
CUST103162,Federal Bank,Mass Retail,4,6,31600,25000,109,156,733000,560000,102.1,High Risk
CUST103163,IndusInd Bank,Mass Retail,1,9,15200,100000,19,186,345000,2470000,12.7,Low Risk
CUST103164,HDFC Bank,Affluent,3,13,19500,100000,55,265,267000,1910000,19.2,Low Risk
CUST103165,Yes Bank,Mass Retail,2,11,6500,40000,35,250,102000,730000,15.4,Low Risk
CUST103166,Bank of Baroda,Affluent,6,14,25700,100000,138,319,391000,2210000,31.2,Low Risk
CUST103167,Canara Bank,SME,16,52,389200,750000,342,1148,9083000,18660000,41.7,Low-Medium Risk
CUST103168,IDFC First Bank,Mass Retail,0,10,15200,40000,7,244,228000,840000,18.9,Low Risk
CUST103169,Federal Bank,Premium,7,20,166900,750000,134,452,2832000,14610000,25.8,Low Risk
CUST103170,Kotak Mahindra Bank,Mass Retail,2,8,9900,25000,38,186,146000,540000,28.7,Low Risk
CUST103171,IndusInd Bank,Premium,7,32,144600,300000,158,770,2190000,6760000,31.9,Low Risk
CUST103172,State Bank of India,Mass Retail,9,9,49300,100000,207,173,1008000,2020000,76.1,Medium Risk
CUST103173,Axis Bank,Mass Retail,3,13,7600,75000,47,299,127000,1730000,13.3,Low Risk
CUST103174,Axis Bank,Mass Retail,3,11,3000,50000,52,277,51000,1240000,12.9,Low Risk
CUST103175,IDFC First Bank,Mass Retail,3,6,24100,100000,55,115,457000,2430000,33.6,Low Risk
CUST103176,Yes Bank,Mass Retail,2,9,400,50000,43,197,8000,1000000,10.2,Low Risk
CUST103177,State Bank of India,Premium,5,24,67800,500000,95,612,942000,10140000,14.6,Low Risk
CUST103178,State Bank of India,Business,58,54,90100,1500000,1226,1159,2363000,30900000,50.8,Low-Medium Risk
CUST103179,Canara Bank,Business,32,87,1316000,5000000,506,1932,28435000,103810000,28.7,Low Risk
CUST103180,Kotak Mahindra Bank,Premium,7,22,45100,300000,180,569,858000,5610000,22.5,Low Risk
CUST103181,IDFC First Bank,Mass Retail,1,6,6200,25000,23,122,102000,580000,20.0,Low Risk
CUST103182,ICICI Bank,Mass Retail,13,11,47700,40000,283,214,1100000,820000,125.8,High Risk
CUST103183,HDFC Bank,Mass Retail,1,6,20100,40000,30,150,485000,970000,36.1,Low Risk
CUST103184,Bank of India,Mass Retail,2,6,10100,50000,42,150,251000,1220000,24.9,Low Risk
CUST103185,ICICI Bank,Affluent,4,16,38100,100000,75,357,675000,1820000,31.1,Low Risk
CUST103186,Bank of India,Affluent,2,12,15100,100000,37,271,373000,2490000,15.2,Low Risk
CUST103187,Union Bank of India,Mass Retail,5,13,3100,75000,126,323,66000,1720000,19.2,Low Risk
CUST103188,Bank of Baroda,Mass Retail,0,9,12300,75000,10,218,217000,1620000,9.2,Low Risk
CUST103189,State Bank of India,Business,4,49,701900,2500000,82,1022,13962000,51820000,18.9,Low Risk
CUST103190,IDFC First Bank,Premium,7,28,243000,500000,126,535,3898000,10810000,34.6,Low Risk
CUST103191,Indian Bank,Mass Retail,3,11,12600,50000,67,246,217000,1010000,24.8,Low Risk
CUST103192,State Bank of India,Business,16,51,205400,2500000,344,1276,4761000,55900000,17.5,Low Risk
CUST103193,IDFC First Bank,SME,5,40,160800,750000,110,1011,2108000,13990000,15.1,Low Risk
CUST103194,HDFC Bank,Mass Retail,3,11,2100,25000,68,283,48000,560000,16.0,Low Risk
CUST103195,ICICI Bank,Mass Retail,2,7,400,75000,50,176,7000,1490000,12.8,Low Risk
CUST103196,Indian Bank,Affluent,3,19,21100,200000,50,438,348000,3620000,11.8,Low Risk
CUST103197,Yes Bank,SME,9,41,53400,200000,175,907,1113000,4370000,23.6,Low Risk
CUST103198,Bank of India,Business,24,85,237800,1000000,586,2076,3935000,22050000,24.1,Low Risk
CUST103199,Indian Bank,Mass Retail,3,8,6100,50000,65,193,101000,1050000,22.0,Low Risk
CUST103200,Bank of India,Mass Retail,0,8,27400,75000,6,182,417000,1390000,19.4,Low Risk
CUST103201,ICICI Bank,Affluent,2,17,63800,400000,33,333,1150000,9700000,12.7,Low Risk
CUST103202,Federal Bank,Affluent,6,21,53200,100000,144,535,920000,2230000,38.6,Low Risk
CUST103203,Canara Bank,Mass Retail,1,6,13300,100000,29,133,199000,1880000,15.3,Low Risk
CUST103204,Canara Bank,Business,9,74,347800,1500000,156,1594,7726000,32360000,18.0,Low Risk
CUST103205,Punjab National Bank,Premium,8,30,71800,1000000,164,702,1586000,21480000,14.9,Low Risk
CUST103206,Yes Bank,Business,6,77,444400,1500000,125,1826,6970000,27630000,18.7,Low Risk
CUST103207,ICICI Bank,Business,19,58,1915000,5000000,424,1188,33750000,111240000,34.2,Low Risk
CUST103208,Canara Bank,Premium,3,31,127800,500000,76,771,2688000,11830000,18.1,Low Risk
CUST103209,Yes Bank,Affluent,18,21,49500,200000,533,442,1019000,4650000,58.7,Low-Medium Risk
CUST103210,Bank of India,Affluent,15,15,114000,100000,308,305,2593000,1940000,113.7,High Risk
CUST103211,ICICI Bank,Mass Retail,2,10,31600,75000,35,218,637000,1800000,29.5,Low Risk
CUST103212,HDFC Bank,Premium,27,25,506300,750000,740,603,11764000,15300000,91.4,High Risk
CUST103213,Kotak Mahindra Bank,Mass Retail,2,8,5400,50000,46,206,127000,1230000,16.2,Low Risk
CUST103214,Kotak Mahindra Bank,Premium,21,31,827300,750000,643,765,15063000,13880000,94.8,High Risk
CUST103215,Punjab National Bank,Mass Retail,14,11,67200,75000,278,281,1248000,1610000,96.8,High Risk
CUST103216,Axis Bank,Mass Retail,9,8,25700,25000,195,160,682000,550000,115.0,High Risk
CUST103217,ICICI Bank,Mass Retail,1,6,700,40000,13,117,13000,790000,7.3,Low Risk
CUST103218,IndusInd Bank,Mass Retail,6,8,5300,50000,94,183,124000,1170000,33.9,Low Risk
CUST103219,State Bank of India,Premium,1,23,291500,1000000,10,484,6490000,22390000,17.6,Low Risk
CUST103220,Union Bank of India,Premium,11,26,71100,1000000,223,645,887000,18130000,20.3,Low Risk
CUST103221,Bank of India,Affluent,3,14,14100,150000,66,332,227000,3340000,13.5,Low Risk
CUST103222,State Bank of India,Mass Retail,15,13,41800,50000,362,335,1040000,1070000,99.7,High Risk
CUST103223,Punjab National Bank,Mass Retail,4,13,11100,75000,79,270,215000,1450000,21.6,Low Risk
CUST103224,Federal Bank,Mass Retail,0,8,30500,75000,9,179,790000,1870000,24.3,Low Risk
CUST103225,State Bank of India,Mass Retail,1,8,19400,100000,22,180,403000,2430000,15.4,Low Risk
CUST103226,ICICI Bank,Business,29,83,475800,1000000,417,1716,9903000,20050000,40.1,Low-Medium Risk
CUST103227,Canara Bank,Mass Retail,9,10,39200,50000,210,231,1005000,1090000,87.4,Medium Risk
CUST103228,Bank of Baroda,Mass Retail,12,12,63500,75000,259,265,1443000,1520000,94.0,High Risk
CUST103229,Punjab National Bank,Mass Retail,3,10,16100,40000,63,221,249000,940000,31.5,Low Risk
CUST103230,ICICI Bank,Mass Retail,6,12,16600,75000,134,258,317000,1840000,33.4,Low Risk
CUST103231,Punjab National Bank,Affluent,4,16,196900,400000,87,306,3450000,8200000,37.1,Low Risk
CUST103232,Kotak Mahindra Bank,Affluent,7,20,51400,200000,150,453,1007000,4730000,28.1,Low Risk
CUST103233,Canara Bank,Mass Retail,2,13,1400,75000,45,278,23000,1610000,7.7,Low Risk
CUST103234,Canara Bank,Mass Retail,2,9,28800,75000,41,171,547000,1560000,30.6,Low Risk
CUST103235,IDFC First Bank,Mass Retail,3,10,22200,50000,49,212,540000,1230000,36.3,Low Risk
CUST103236,Axis Bank,Mass Retail,2,7,23800,75000,48,147,459000,1620000,30.4,Low Risk
CUST103237,Canara Bank,Mass Retail,6,11,19200,50000,125,239,315000,1060000,42.6,Low-Medium Risk
CUST103238,Kotak Mahindra Bank,SME,16,51,65300,200000,316,1016,1022000,4540000,29.3,Low Risk
CUST103239,Federal Bank,Affluent,4,19,114300,300000,74,429,1820000,5950000,27.7,Low Risk
CUST103240,Canara Bank,Affluent,3,18,14800,400000,49,429,216000,8110000,8.1,Low Risk
CUST103241,Federal Bank,Mass Retail,11,12,66500,50000,268,281,1234000,1230000,106.4,High Risk
CUST103242,Kotak Mahindra Bank,Affluent,3,14,4500,150000,47,345,99000,3410000,9.4,Low Risk
CUST103243,IDFC First Bank,Affluent,2,19,27500,100000,36,421,586000,2380000,19.2,Low Risk
CUST103244,IDFC First Bank,Premium,1,22,164600,750000,27,498,2762000,14920000,13.7,Low Risk
CUST103245,HDFC Bank,Premium,22,24,192400,300000,670,592,3486000,6540000,77.9,Medium Risk
CUST103246,Kotak Mahindra Bank,Mass Retail,3,13,7600,40000,59,286,125000,990000,18.6,Low Risk
CUST103247,IndusInd Bank,Affluent,2,13,21100,150000,45,311,375000,3030000,13.7,Low Risk
CUST103248,Punjab National Bank,Mass Retail,3,13,17400,100000,83,287,300000,1910000,20.7,Low Risk
CUST103249,Punjab National Bank,Business,17,46,2987800,5000000,381,1009,56789000,107880000,48.1,Low-Medium Risk
CUST103250,Bank of India,Affluent,2,19,7700,100000,55,462,109000,2070000,8.7,Low Risk
CUST103251,ICICI Bank,Affluent,4,15,29100,300000,61,303,393000,5740000,15.1,Low Risk
CUST103252,Bank of India,Mass Retail,13,13,21100,25000,300,278,489000,610000,91.7,High Risk
CUST103253,Bank of India,Affluent,4,15,84700,400000,78,309,2127000,9970000,23.2,Low Risk
CUST103254,Canara Bank,Mass Retail,3,9,23500,100000,42,194,395000,2200000,23.9,Low Risk
CUST103255,HDFC Bank,Mass Retail,15,13,19900,25000,314,268,469000,590000,95.6,High Risk
CUST103256,Union Bank of India,Mass Retail,5,13,800,40000,103,300,19000,960000,17.0,Low Risk
CUST103257,Federal Bank,Premium,8,28,263900,1000000,174,688,4359000,22910000,24.5,Low Risk
CUST103258,Axis Bank,Mass Retail,3,10,19800,75000,56,245,342000,1370000,25.9,Low Risk
CUST103259,Bank of India,Mass Retail,10,9,24500,40000,254,194,459000,760000,87.1,Medium Risk
CUST103260,Indian Bank,Business,20,75,116700,1000000,387,1944,1764000,18500000,16.5,Low Risk
CUST103261,State Bank of India,Mass Retail,2,10,37300,100000,46,232,565000,1810000,27.8,Low Risk
CUST103262,Federal Bank,Affluent,1,13,22100,100000,16,283,342000,2010000,14.0,Low Risk
CUST103263,Federal Bank,Mass Retail,9,10,20400,25000,245,248,482000,520000,90.6,High Risk
CUST103264,Bank of India,Mass Retail,10,10,79700,100000,225,241,1842000,1970000,91.2,High Risk
CUST103265,Punjab National Bank,Premium,4,25,82800,500000,77,606,1251000,9230000,15.1,Low Risk
CUST103266,Yes Bank,Mass Retail,0,8,41900,75000,3,163,822000,1630000,30.1,Low Risk
CUST103267,Union Bank of India,Affluent,5,15,47800,100000,85,334,952000,1990000,39.6,Low Risk
CUST103268,Indian Bank,Affluent,0,15,32000,100000,4,375,498000,2360000,15.1,Low Risk
CUST103269,Bank of India,Affluent,17,16,117500,200000,469,360,3340000,3610000,94.5,High Risk
CUST103270,Kotak Mahindra Bank,Premium,7,30,475000,1000000,152,714,11838000,23900000,37.1,Low Risk
CUST103271,Bank of Baroda,Mass Retail,3,13,17800,100000,59,301,431000,2470000,19.3,Low Risk
CUST103272,Yes Bank,Mass Retail,5,11,5400,40000,92,274,109000,920000,24.7,Low Risk
CUST103273,Yes Bank,Premium,2,21,133100,1000000,40,441,2489000,23140000,10.9,Low Risk
CUST103274,Union Bank of India,Affluent,8,17,52200,100000,148,391,1045000,2450000,45.3,Low-Medium Risk
CUST103275,HDFC Bank,Business,8,46,550600,1500000,128,914,10019000,29200000,26.7,Low Risk
CUST103276,Bank of Baroda,Business,7,43,2473100,5000000,124,1025,52423000,124810000,31.6,Low Risk
CUST103277,ICICI Bank,Business,25,77,109900,1500000,555,1858,1980000,35120000,17.3,Low Risk
CUST103278,Federal Bank,Affluent,2,12,14600,100000,35,232,269000,2310000,14.6,Low Risk
CUST103279,Union Bank of India,Mass Retail,3,7,11700,75000,65,166,209000,1540000,26.4,Low Risk
CUST103280,HDFC Bank,Premium,25,27,368600,300000,723,591,7169000,6550000,112.3,High Risk
CUST103281,IndusInd Bank,Affluent,2,19,11900,100000,36,378,187000,2260000,10.2,Low Risk
CUST103282,Federal Bank,Mass Retail,12,13,55600,50000,326,285,1482000,1120000,113.4,High Risk
CUST103283,Bank of India,Business,12,84,867100,1500000,243,1710,13599000,34400000,33.6,Low Risk
CUST103284,Kotak Mahindra Bank,Business,70,57,1044700,1500000,1305,1249,21505000,27870000,91.1,High Risk
CUST103285,Yes Bank,Affluent,2,17,43300,150000,44,369,918000,3070000,21.8,Low Risk
CUST103286,Axis Bank,Mass Retail,3,10,11700,40000,88,242,214000,840000,29.6,Low Risk
CUST103287,Punjab National Bank,Mass Retail,4,8,14400,50000,103,195,237000,990000,37.5,Low Risk
CUST103288,IndusInd Bank,Business,13,56,220300,1500000,233,1302,3049000,28810000,16.3,Low Risk
CUST103289,HDFC Bank,Business,52,46,1092600,1000000,1127,881,24017000,18970000,119.1,High Risk
CUST103290,Federal Bank,Mass Retail,5,11,4800,25000,118,281,83000,510000,28.9,Low Risk
CUST103291,Yes Bank,Mass Retail,3,8,22800,50000,75,190,419000,1070000,40.7,Low-Medium Risk
CUST103292,State Bank of India,Business,37,68,275200,500000,619,1308,5087000,9220000,53.0,Low-Medium Risk
CUST103293,Punjab National Bank,Mass Retail,0,10,1000,100000,4,247,20000,2460000,1.0,Low Risk
CUST103294,Federal Bank,Affluent,3,16,54800,150000,48,326,868000,3500000,24.8,Low Risk
CUST103295,Yes Bank,SME,10,30,241200,400000,175,692,4684000,9250000,43.8,Low-Medium Risk
CUST103296,IDFC First Bank,Mass Retail,1,8,8800,75000,22,178,112000,1440000,10.9,Low Risk
CUST103297,Yes Bank,Affluent,3,19,110400,400000,67,417,2248000,8890000,21.9,Low Risk
CUST103298,Kotak Mahindra Bank,Mass Retail,1,8,3100,25000,20,202,57000,540000,11.3,Low Risk
CUST103299,Punjab National Bank,Mass Retail,4,6,17100,50000,60,132,436000,1240000,44.0,Low-Medium Risk
CUST103300,Yes Bank,Business,7,65,143900,1500000,148,1269,2264000,34850000,9.5,Low Risk
CUST103301,IndusInd Bank,Affluent,9,15,93500,100000,208,384,2872000,2200000,88.1,Medium Risk
CUST103302,Bank of Baroda,SME,1,49,3600,200000,27,1247,87000,4790000,2.0,Low Risk
CUST103303,Federal Bank,Affluent,6,17,22700,200000,153,404,432000,3820000,22.2,Low Risk
CUST103304,Federal Bank,Mass Retail,1,13,5300,50000,21,290,67000,910000,8.3,Low Risk
CUST103305,Indian Bank,Mass Retail,1,7,9300,25000,22,138,138000,570000,23.7,Low Risk
CUST103306,Yes Bank,Mass Retail,3,7,39600,75000,69,172,633000,1400000,45.7,Low-Medium Risk
CUST103307,Yes Bank,Mass Retail,3,10,14500,40000,51,195,202000,750000,30.0,Low Risk
CUST103308,Federal Bank,Mass Retail,2,6,14800,75000,34,117,321000,1740000,24.3,Low Risk
CUST103309,Bank of Baroda,Mass Retail,4,8,30200,75000,100,182,471000,1490000,43.3,Low-Medium Risk
CUST103310,Yes Bank,Affluent,2,17,83500,150000,31,342,1495000,3360000,32.6,Low Risk
CUST103311,IndusInd Bank,Premium,5,20,38700,500000,95,381,680000,12210000,14.9,Low Risk
CUST103312,Axis Bank,Premium,10,30,326600,750000,202,659,6128000,15160000,37.6,Low Risk
CUST103313,Union Bank of India,Premium,26,22,201800,300000,418,439,5514000,5860000,91.9,High Risk
CUST103314,Indian Bank,Mass Retail,6,11,16200,100000,123,221,257000,1870000,32.8,Low Risk
CUST103315,Union Bank of India,Mass Retail,6,13,19300,75000,100,254,381000,1420000,33.5,Low Risk
CUST103316,Kotak Mahindra Bank,Premium,16,31,238000,750000,344,634,4152000,13830000,40.7,Low-Medium Risk
CUST103317,Punjab National Bank,Affluent,12,13,125600,150000,388,312,3451000,2790000,105.8,High Risk
CUST103318,Union Bank of India,Mass Retail,2,11,17800,100000,50,271,378000,2100000,18.0,Low Risk
CUST103319,Canara Bank,Business,75,71,971800,1000000,1675,1574,20715000,20250000,102.4,High Risk
CUST103320,Canara Bank,Premium,8,31,272800,1000000,174,699,4164000,22950000,23.8,Low Risk
CUST103321,Kotak Mahindra Bank,Affluent,3,18,3200,150000,55,346,72000,3610000,8.4,Low Risk
CUST103322,Axis Bank,Mass Retail,1,12,30600,100000,19,234,646000,2350000,19.8,Low Risk
CUST103323,Punjab National Bank,Premium,3,31,476500,1000000,42,645,9249000,21710000,29.2,Low Risk
CUST103324,Kotak Mahindra Bank,Affluent,1,21,85900,300000,25,479,1142000,5620000,15.9,Low Risk
CUST103325,ICICI Bank,Premium,3,30,152400,750000,50,725,3509000,17230000,14.9,Low Risk
CUST103326,Canara Bank,Premium,22,33,48800,750000,374,767,935000,15400000,29.2,Low Risk
CUST103327,Punjab National Bank,Business,39,57,490100,5000000,799,1239,7710000,93000000,34.1,Low Risk
CUST103328,Punjab National Bank,Affluent,0,15,18400,100000,4,297,304000,2390000,8.9,Low Risk
CUST103329,IndusInd Bank,Mass Retail,3,8,300,50000,79,196,6000,1020000,17.7,Low Risk
CUST103330,Indian Bank,Premium,29,28,99800,750000,603,603,2609000,14650000,53.6,Low-Medium Risk
CUST103331,Bank of Baroda,Affluent,4,18,11200,100000,96,435,263000,2410000,15.8,Low Risk
CUST103332,Bank of Baroda,Premium,6,26,128800,500000,109,587,2342000,12160000,21.8,Low Risk
CUST103333,Axis Bank,Mass Retail,12,12,90500,75000,366,290,1763000,1530000,115.8,High Risk
CUST103334,IndusInd Bank,Mass Retail,1,12,22100,50000,23,304,319000,1020000,24.5,Low Risk
CUST103335,HDFC Bank,Business,43,84,414900,1000000,878,2138,8586000,22060000,42.6,Low-Medium Risk
CUST103336,IDFC First Bank,Premium,26,21,973900,750000,460,478,22227000,17350000,120.6,High Risk
CUST103337,IDFC First Bank,Business,13,60,516300,5000000,274,1355,9637000,92210000,14.8,Low Risk
CUST103338,Indian Bank,Premium,10,33,116700,300000,173,688,2145000,6650000,32.0,Low Risk
CUST103339,Bank of India,Affluent,8,18,15300,100000,181,460,347000,2470000,26.4,Low Risk
CUST103340,HDFC Bank,Premium,2,30,116300,1000000,44,666,1610000,19830000,8.7,Low Risk
CUST103341,State Bank of India,Business,5,61,176200,500000,86,1213,3177000,12180000,20.4,Low Risk
CUST103342,Yes Bank,Affluent,3,17,6100,100000,51,374,138000,2470000,10.4,Low Risk
CUST103343,Canara Bank,Affluent,3,15,38400,200000,58,298,513000,3980000,17.5,Low Risk
CUST103344,Union Bank of India,Mass Retail,3,7,8500,50000,57,158,147000,1160000,25.8,Low Risk
CUST103345,Indian Bank,Affluent,1,14,47000,300000,18,321,900000,5900000,11.5,Low Risk
CUST103346,Punjab National Bank,Premium,12,34,135700,300000,273,726,2670000,6950000,39.3,Low Risk
CUST103347,Kotak Mahindra Bank,Mass Retail,3,12,6100,40000,48,234,122000,940000,18.0,Low Risk
CUST103348,State Bank of India,Mass Retail,6,6,23700,25000,201,154,304000,490000,94.8,High Risk
CUST103349,Indian Bank,Mass Retail,2,10,11700,75000,46,244,274000,1730000,17.5,Low Risk
CUST103350,ICICI Bank,Mass Retail,8,10,62900,75000,232,249,1293000,1780000,82.0,Medium Risk
CUST103351,Indian Bank,Mass Retail,1,6,2900,25000,27,129,43000,510000,14.0,Low Risk
CUST103352,Canara Bank,Affluent,1,15,27600,100000,9,365,520000,1920000,17.4,Low Risk
CUST103353,Indian Bank,Business,17,88,663900,1000000,381,1971,9294000,18640000,40.8,Low-Medium Risk
CUST103354,Punjab National Bank,Affluent,5,18,94900,400000,89,367,1929000,8810000,24.3,Low Risk
CUST103355,Bank of Baroda,Mass Retail,8,13,42100,100000,146,258,702000,2480000,45.8,Low-Medium Risk
CUST103356,IndusInd Bank,Mass Retail,12,10,62900,50000,215,214,1434000,1190000,117.6,High Risk
CUST103357,Yes Bank,Premium,7,21,448000,1000000,114,419,8239000,21050000,36.7,Low Risk
CUST103358,Bank of India,Mass Retail,5,11,110500,100000,157,286,2244000,2180000,81.6,Medium Risk
CUST103359,Canara Bank,Business,12,46,704500,5000000,243,890,12791000,99780000,19.2,Low Risk
CUST103360,ICICI Bank,Premium,9,27,713000,750000,252,596,18065000,14360000,78.4,Medium Risk
CUST103361,ICICI Bank,Premium,3,21,200600,750000,68,465,3878000,16030000,20.7,Low Risk
CUST103362,Yes Bank,Mass Retail,13,13,19900,25000,330,274,396000,530000,91.8,High Risk
CUST103363,Union Bank of India,Premium,14,32,46600,500000,238,736,863000,10830000,21.5,Low Risk
CUST103364,IDFC First Bank,Mass Retail,4,6,134300,100000,91,120,2376000,2470000,95.9,High Risk
CUST103365,Bank of Baroda,SME,3,52,69700,750000,62,1273,1325000,16670000,7.2,Low Risk
CUST103366,Bank of Baroda,Affluent,10,16,13500,300000,201,341,303000,6670000,29.1,Low Risk
CUST103367,Bank of Baroda,Mass Retail,3,13,1300,40000,61,301,21000,760000,11.1,Low Risk
CUST103368,Federal Bank,Mass Retail,3,9,11900,40000,82,216,257000,1000000,31.3,Low Risk
CUST103369,State Bank of India,Mass Retail,3,10,23500,40000,75,252,570000,940000,46.8,Low-Medium Risk
CUST103370,Union Bank of India,Premium,33,31,754700,750000,734,770,20038000,18110000,103.6,High Risk
CUST103371,Bank of India,Mass Retail,4,8,15300,25000,76,186,323000,520000,54.5,Low-Medium Risk
CUST103372,State Bank of India,Affluent,6,20,52900,200000,120,434,771000,4300000,25.1,Low Risk
CUST103373,Bank of Baroda,Mass Retail,1,11,7500,25000,27,248,127000,540000,19.5,Low Risk
CUST103374,Kotak Mahindra Bank,Premium,1,32,179400,500000,24,780,2993000,9680000,20.1,Low Risk
CUST103375,State Bank of India,Business,22,76,1112200,2500000,473,1911,20230000,57070000,34.0,Low Risk
CUST103376,IndusInd Bank,Premium,23,31,447000,500000,580,612,10663000,12160000,86.7,Medium Risk
CUST103377,Yes Bank,Premium,4,25,114100,1000000,84,542,1453000,19150000,12.1,Low Risk
CUST103378,Canara Bank,Mass Retail,0,13,5200,40000,6,318,82000,740000,7.2,Low Risk
CUST103379,State Bank of India,Mass Retail,1,12,2800,75000,17,264,51000,1740000,5.0,Low Risk
CUST103380,Yes Bank,Premium,12,32,38800,750000,233,682,646000,14930000,18.4,Low Risk
CUST103381,Canara Bank,Mass Retail,5,9,1800,25000,84,197,28000,560000,25.1,Low Risk
CUST103382,Bank of Baroda,Affluent,5,21,11000,150000,99,488,258000,3430000,13.9,Low Risk
CUST103383,ICICI Bank,Mass Retail,1,10,31900,75000,15,260,670000,1520000,27.9,Low Risk
CUST103384,Federal Bank,Mass Retail,2,6,15900,75000,49,135,284000,1780000,25.5,Low Risk
CUST103385,Kotak Mahindra Bank,Mass Retail,16,13,31400,50000,348,266,1093000,1090000,101.5,High Risk
CUST103386,Canara Bank,Business,8,49,86300,500000,160,987,1607000,12040000,15.4,Low Risk
CUST103387,Kotak Mahindra Bank,Mass Retail,9,12,88600,100000,259,232,2201000,2330000,92.4,High Risk
CUST103388,Yes Bank,Affluent,1,12,800,100000,32,275,17000,2410000,5.0,Low Risk
CUST103389,ICICI Bank,Mass Retail,4,12,8100,40000,92,274,99000,730000,24.3,Low Risk
CUST103390,Yes Bank,Premium,4,29,76700,500000,75,593,1038000,9850000,13.2,Low Risk
CUST103391,HDFC Bank,Mass Retail,3,10,1100,75000,69,239,16000,1400000,13.5,Low Risk
CUST103392,IDFC First Bank,Business,10,40,427200,2500000,193,968,8335000,52740000,19.1,Low Risk
CUST103393,Bank of India,Business,4,43,213400,1000000,89,895,5259000,24230000,16.2,Low Risk
CUST103394,Canara Bank,Mass Retail,1,9,10500,25000,20,193,201000,530000,27.0,Low Risk
CUST103395,IndusInd Bank,Business,16,48,164600,1500000,372,1245,3415000,35920000,19.7,Low Risk
CUST103396,HDFC Bank,SME,8,37,701400,1500000,131,800,14539000,30440000,35.0,Low Risk
CUST103397,ICICI Bank,Business,11,44,124200,5000000,221,1070,2214000,101880000,11.2,Low Risk
CUST103398,Axis Bank,Business,94,84,4111100,5000000,2282,1862,127148000,121340000,104.1,High Risk
CUST103399,Kotak Mahindra Bank,Mass Retail,3,13,4200,25000,60,319,89000,520000,18.8,Low Risk
CUST103400,Canara Bank,Affluent,1,18,68300,300000,24,439,1271000,7060000,13.9,Low Risk
CUST103401,HDFC Bank,Mass Retail,12,11,46700,50000,347,260,749000,980000,100.6,High Risk
CUST103402,HDFC Bank,Mass Retail,7,13,126100,100000,226,325,2490000,2460000,90.8,High Risk
CUST103403,IDFC First Bank,SME,2,40,198800,750000,58,1023,3710000,16520000,16.1,Low Risk
CUST103404,Kotak Mahindra Bank,Mass Retail,1,8,8800,25000,22,184,207000,580000,25.2,Low Risk
CUST103405,Yes Bank,Premium,22,28,396400,500000,650,579,8761000,9310000,90.5,High Risk
CUST103406,State Bank of India,Business,39,84,530800,1000000,721,1830,9234000,21450000,45.6,Low-Medium Risk
CUST103407,Indian Bank,Business,10,86,183800,1500000,233,2091,4296000,36460000,11.8,Low Risk
CUST103408,Union Bank of India,SME,21,48,212200,1500000,503,1131,3781000,36210000,26.1,Low Risk
CUST103409,Kotak Mahindra Bank,Mass Retail,3,7,2400,25000,50,142,41000,460000,22.5,Low Risk
CUST103410,ICICI Bank,Mass Retail,7,10,46800,50000,125,194,1232000,1010000,90.0,High Risk
CUST103411,Punjab National Bank,Mass Retail,4,11,11000,25000,106,262,204000,530000,39.7,Low Risk
CUST103412,State Bank of India,Mass Retail,6,11,91000,75000,142,228,1958000,1440000,97.7,High Risk
CUST103413,IDFC First Bank,Mass Retail,1,13,28700,100000,27,292,529000,2310000,18.3,Low Risk
CUST103414,State Bank of India,Mass Retail,2,13,11200,75000,40,315,170000,1450000,13.7,Low Risk
CUST103415,Bank of Baroda,Premium,6,34,412900,1000000,109,780,8156000,20430000,29.7,Low Risk
CUST103416,Axis Bank,Affluent,7,19,509800,400000,183,372,13288000,9060000,95.6,High Risk
CUST103417,Canara Bank,Mass Retail,1,10,12700,75000,14,203,277000,1600000,13.3,Low Risk
CUST103418,Bank of India,Premium,10,30,23100,500000,210,616,551000,11580000,17.5,Low Risk
CUST103419,State Bank of India,Mass Retail,4,10,16700,25000,53,208,424000,620000,52.1,Low-Medium Risk
CUST103420,Kotak Mahindra Bank,Mass Retail,7,12,1900,40000,168,275,36000,750000,29.0,Low Risk
CUST103421,Yes Bank,Premium,5,30,214300,750000,88,676,4744000,17230000,22.6,Low Risk
CUST103422,Bank of India,Affluent,3,17,141600,400000,57,347,1932000,7840000,24.3,Low Risk
CUST103423,Union Bank of India,Premium,30,27,98700,300000,480,526,2341000,6270000,64.0,Low-Medium Risk
CUST103424,Canara Bank,Mass Retail,2,8,300,40000,28,162,6000,730000,9.8,Low Risk
CUST103425,Indian Bank,Business,9,87,342900,2500000,199,2252,6726000,47380000,12.0,Low Risk
CUST103426,HDFC Bank,Affluent,3,12,239700,400000,71,267,4697000,8100000,44.5,Low-Medium Risk
CUST103427,IndusInd Bank,Affluent,3,17,7100,150000,86,426,107000,3060000,10.6,Low Risk
CUST103428,IDFC First Bank,Affluent,1,12,33200,200000,25,299,704000,4860000,12.2,Low Risk
CUST103429,Axis Bank,Business,67,76,46300,2500000,1931,1716,859000,57980000,45.1,Low-Medium Risk
CUST103430,Bank of Baroda,Affluent,5,13,28100,100000,118,311,729000,2480000,32.7,Low Risk
CUST103431,ICICI Bank,Affluent,11,12,47400,400000,211,244,1105000,8880000,45.9,Low-Medium Risk
CUST103432,IDFC First Bank,SME,42,35,1095800,1500000,892,834,20361000,29540000,89.7,Medium Risk
CUST103433,ICICI Bank,Premium,11,29,36800,300000,215,606,659000,6090000,22.5,Low Risk
CUST103434,Canara Bank,Affluent,6,13,200,100000,144,323,4000,2020000,20.0,Low Risk
CUST103435,ICICI Bank,Premium,10,25,18700,500000,136,490,252000,10140000,16.6,Low Risk
CUST103436,Canara Bank,Mass Retail,1,9,3000,40000,30,220,46000,910000,9.1,Low Risk
CUST103437,Federal Bank,Mass Retail,2,10,14400,75000,31,197,326000,1630000,18.8,Low Risk
CUST103438,Canara Bank,Affluent,3,18,45300,200000,80,453,639000,4140000,18.3,Low Risk
CUST103439,Union Bank of India,SME,5,46,26100,200000,103,972,504000,3810000,12.1,Low Risk
CUST103440,Punjab National Bank,SME,45,50,98800,1500000,1299,1179,2015000,27230000,47.9,Low-Medium Risk
CUST103441,ICICI Bank,Mass Retail,1,10,30100,75000,20,224,484000,1460000,24.6,Low Risk
CUST103442,Axis Bank,Affluent,4,13,200400,400000,98,280,2886000,7500000,39.2,Low Risk
CUST103443,Canara Bank,Mass Retail,0,6,8000,25000,8,141,170000,590000,18.4,Low Risk
CUST103444,IDFC First Bank,SME,2,26,244500,750000,64,666,3875000,14090000,21.0,Low Risk
CUST103445,HDFC Bank,SME,26,50,95800,400000,447,964,1697000,9230000,33.3,Low Risk
CUST103446,Axis Bank,Affluent,5,15,448500,400000,281,381,11319000,8280000,93.3,High Risk
CUST103447,Yes Bank,Business,83,68,1329200,1500000,2123,1582,24599000,27770000,106.2,High Risk
CUST103448,Yes Bank,Premium,9,30,195300,1000000,199,740,3595000,23690000,22.3,Low Risk
CUST103449,State Bank of India,Affluent,5,12,25400,200000,119,260,548000,4410000,26.4,Low Risk
CUST103450,Federal Bank,Mass Retail,3,8,1700,25000,63,178,33000,490000,20.0,Low Risk
CUST103451,Bank of Baroda,Affluent,3,20,51200,200000,84,502,979000,4850000,19.9,Low Risk
CUST103452,Kotak Mahindra Bank,Premium,34,32,648200,750000,926,701,11942000,13740000,100.8,High Risk
CUST103453,Indian Bank,Premium,12,23,947900,1000000,326,523,25768000,19410000,88.9,Medium Risk
CUST103454,Bank of Baroda,Mass Retail,3,12,4500,75000,71,230,101000,1740000,15.7,Low Risk
CUST103455,Union Bank of India,SME,21,36,43300,400000,422,724,1019000,9190000,31.7,Low Risk
CUST103456,ICICI Bank,Mass Retail,0,7,29500,75000,9,164,575000,1500000,22.7,Low Risk
CUST103457,State Bank of India,Affluent,5,16,30800,150000,95,384,553000,2770000,23.8,Low Risk
CUST103458,Federal Bank,Premium,9,29,91200,1000000,186,669,1928000,24010000,17.7,Low Risk
CUST103459,IndusInd Bank,Premium,8,27,106700,750000,118,540,1568000,15150000,18.2,Low Risk
CUST103460,Kotak Mahindra Bank,Affluent,4,12,6600,200000,83,265,85000,3870000,15.5,Low Risk
CUST103461,Bank of India,Mass Retail,2,8,26900,40000,48,172,429000,860000,44.4,Low-Medium Risk
CUST103462,Federal Bank,Mass Retail,1,7,12600,40000,31,157,294000,970000,24.8,Low Risk
CUST103463,Bank of Baroda,Affluent,2,16,45700,400000,46,401,688000,7320000,10.7,Low Risk
CUST103464,ICICI Bank,Affluent,2,12,58800,150000,35,293,1045000,3500000,25.7,Low Risk
CUST103465,Bank of Baroda,Mass Retail,2,9,8800,40000,37,176,139000,880000,20.1,Low Risk
CUST103466,Union Bank of India,Premium,8,24,242700,500000,197,606,5249000,10490000,42.2,Low-Medium Risk
CUST103467,IDFC First Bank,Affluent,11,16,157700,150000,254,357,4578000,3480000,97.2,High Risk
CUST103468,Union Bank of India,Premium,6,34,230200,1000000,141,823,5610000,24760000,20.6,Low Risk
CUST103469,Punjab National Bank,Business,27,47,566200,500000,458,939,11629000,9800000,88.3,Medium Risk
CUST103470,Kotak Mahindra Bank,Mass Retail,2,12,33000,75000,47,284,624000,1430000,32.1,Low Risk
CUST103471,Indian Bank,Mass Retail,4,10,21800,50000,72,207,425000,1220000,38.6,Low Risk
CUST103472,Bank of India,Premium,11,31,104600,500000,186,684,1801000,11340000,24.0,Low Risk
CUST103473,HDFC Bank,Affluent,3,12,67300,150000,56,229,1278000,3160000,34.6,Low Risk
CUST103474,Union Bank of India,Premium,5,29,375900,1000000,77,582,8383000,22010000,27.9,Low Risk
CUST103475,IDFC First Bank,Business,2,79,55500,500000,38,1552,1258000,11610000,7.3,Low Risk
CUST103476,Canara Bank,Business,11,54,287500,1000000,172,1117,5156000,23410000,22.0,Low Risk
CUST103477,HDFC Bank,SME,9,25,33700,750000,142,493,779000,18330000,16.5,Low Risk
CUST103478,Union Bank of India,Affluent,1,18,21200,150000,23,429,424000,3150000,10.0,Low Risk
CUST103479,Federal Bank,Affluent,3,12,55200,300000,47,230,945000,6020000,19.4,Low Risk
CUST103480,IndusInd Bank,Mass Retail,14,13,35800,40000,263,303,894000,900000,95.8,High Risk
CUST103481,ICICI Bank,Mass Retail,8,7,17700,25000,160,140,381000,520000,90.5,High Risk
CUST103482,HDFC Bank,Affluent,9,21,23600,200000,191,538,477000,4430000,23.8,Low Risk
CUST103483,Indian Bank,Mass Retail,1,7,33800,100000,23,179,687000,2090000,24.7,Low Risk
CUST103484,IDFC First Bank,SME,16,40,123200,400000,314,823,1853000,7630000,32.6,Low Risk
CUST103485,State Bank of India,Affluent,8,14,101900,100000,265,326,2430000,2130000,90.8,High Risk
CUST103486,ICICI Bank,Affluent,1,16,61600,400000,23,307,1467000,9130000,11.5,Low Risk
CUST103487,State Bank of India,Mass Retail,7,7,34700,40000,197,179,721000,940000,92.1,High Risk
CUST103488,Bank of Baroda,Mass Retail,5,11,16200,75000,118,249,335000,1610000,32.3,Low Risk
CUST103489,Bank of Baroda,Mass Retail,17,13,55000,50000,273,251,1136000,960000,116.6,High Risk
CUST103490,Bank of India,Affluent,8,17,43900,300000,148,364,671000,6270000,26.6,Low Risk
CUST103491,Bank of Baroda,Mass Retail,3,11,600,100000,36,215,12000,2350000,10.2,Low Risk
CUST103492,Yes Bank,Affluent,4,21,62200,150000,69,457,1042000,3130000,28.2,Low Risk
CUST103493,Union Bank of India,Business,37,79,976800,1000000,884,1871,23603000,22880000,77.0,Medium Risk
CUST103494,IDFC First Bank,Business,62,56,6098400,5000000,1517,1248,155159000,107750000,125.7,High Risk
CUST103495,Union Bank of India,Premium,2,26,47000,500000,27,564,962000,9840000,8.2,Low Risk
CUST103496,State Bank of India,Mass Retail,1,11,18400,40000,26,218,330000,940000,27.3,Low Risk
CUST103497,Yes Bank,Business,16,60,474800,1000000,258,1243,7146000,18590000,34.4,Low Risk
CUST103498,IDFC First Bank,Business,19,82,1566800,5000000,296,1615,25944000,108370000,24.4,Low Risk
CUST103499,State Bank of India,Mass Retail,11,9,19000,25000,213,222,468000,490000,96.1,High Risk
CUST103500,Punjab National Bank,Premium,4,23,93100,750000,63,459,1143000,13850000,12.4,Low Risk
CUST103501,Federal Bank,Mass Retail,3,13,24000,100000,72,301,501000,2150000,23.5,Low Risk
CUST103502,Kotak Mahindra Bank,Business,11,73,756200,5000000,167,1562,14030000,107480000,13.6,Low Risk
CUST103503,ICICI Bank,SME,5,33,80500,200000,81,679,1815000,4590000,28.3,Low Risk
CUST103504,Kotak Mahindra Bank,Mass Retail,12,12,32200,40000,348,282,756000,930000,94.1,High Risk
CUST103505,Bank of India,Business,1,43,272100,1500000,25,955,6228000,34640000,11.2,Low Risk
CUST103506,State Bank of India,Affluent,4,15,47200,150000,92,327,911000,3130000,28.9,Low Risk
CUST103507,ICICI Bank,SME,1,31,74500,400000,24,718,1225000,8970000,10.6,Low Risk
CUST103508,Canara Bank,Affluent,4,19,37000,100000,77,426,820000,2200000,29.3,Low Risk
CUST103509,Canara Bank,Business,27,84,527900,5000000,543,1774,7720000,104750000,18.9,Low Risk
CUST103510,Punjab National Bank,Mass Retail,9,9,44900,50000,198,206,1246000,1110000,99.7,High Risk
CUST103511,Federal Bank,Mass Retail,3,8,9500,25000,56,189,242000,620000,36.5,Low Risk
CUST103512,Bank of Baroda,Mass Retail,6,7,18000,25000,128,134,427000,480000,85.1,Medium Risk
CUST103513,State Bank of India,SME,4,29,92300,400000,68,646,1932000,9740000,17.5,Low Risk
CUST103514,IDFC First Bank,Business,86,77,199200,1000000,1378,1494,5170000,18370000,58.3,Low-Medium Risk
CUST103515,Union Bank of India,Business,30,63,368100,2500000,438,1279,6588000,50400000,25.9,Low Risk
CUST103516,Canara Bank,SME,12,45,86100,400000,259,1032,1766000,8010000,23.8,Low Risk
CUST103517,Axis Bank,Mass Retail,2,12,16200,50000,40,301,292000,1120000,22.8,Low Risk
CUST103518,IndusInd Bank,Mass Retail,5,13,23100,25000,213,327,609000,470000,84.8,Medium Risk
CUST103519,IndusInd Bank,Mass Retail,3,10,18500,100000,54,195,385000,2420000,22.3,Low Risk
CUST103520,Indian Bank,Mass Retail,1,8,10100,50000,20,175,193000,1190000,15.1,Low Risk
CUST103521,ICICI Bank,Mass Retail,7,8,20600,25000,195,185,495000,560000,90.1,High Risk
CUST103522,Union Bank of India,Affluent,3,15,17500,400000,44,300,369000,8480000,9.9,Low Risk
CUST103523,HDFC Bank,Mass Retail,5,13,18900,50000,91,317,453000,1230000,35.7,Low Risk
CUST103524,State Bank of India,Mass Retail,4,13,11400,100000,93,315,253000,2380000,19.6,Low Risk
CUST103525,ICICI Bank,Mass Retail,2,7,3200,40000,43,177,57000,860000,15.9,Low Risk
CUST103526,Punjab National Bank,Mass Retail,2,8,16200,100000,32,152,292000,2290000,18.2,Low Risk
CUST103527,IDFC First Bank,SME,12,47,32700,400000,263,964,560000,8790000,15.6,Low Risk
CUST103528,Kotak Mahindra Bank,Premium,1,22,114900,300000,16,545,2534000,6630000,23.0,Low Risk
CUST103529,Bank of India,SME,9,27,12800,400000,198,640,200000,8130000,15.5,Low Risk
CUST103530,Bank of Baroda,Affluent,2,21,70700,200000,49,530,1432000,4250000,23.5,Low Risk
CUST103531,IndusInd Bank,Mass Retail,4,13,2600,40000,56,252,48000,740000,15.0,Low Risk
CUST103532,Federal Bank,Premium,8,22,305600,1000000,141,510,5227000,20500000,29.8,Low Risk
CUST103533,HDFC Bank,Mass Retail,2,13,1300,25000,32,299,31000,570000,8.5,Low Risk
CUST103534,Yes Bank,Mass Retail,12,13,35600,40000,251,250,713000,990000,87.3,Medium Risk
CUST103535,Axis Bank,Mass Retail,3,7,92300,75000,112,158,1790000,1860000,86.4,Medium Risk
CUST103536,Canara Bank,Mass Retail,10,12,31800,40000,304,279,588000,880000,83.4,Medium Risk
CUST103537,Bank of India,Mass Retail,1,10,5100,50000,13,203,100000,1110000,8.8,Low Risk
CUST103538,HDFC Bank,Mass Retail,6,6,45400,100000,115,125,895000,1930000,67.7,Medium Risk
CUST103539,ICICI Bank,Premium,14,26,355100,300000,464,611,8269000,6860000,95.5,High Risk
CUST103540,HDFC Bank,Mass Retail,1,10,6900,100000,17,223,90000,1850000,7.3,Low Risk
CUST103541,Canara Bank,Mass Retail,4,12,7800,25000,67,300,131000,500000,28.1,Low Risk
CUST103542,Kotak Mahindra Bank,Business,14,47,1160500,2500000,266,1006,23302000,56700000,36.7,Low Risk
CUST103543,Kotak Mahindra Bank,Mass Retail,2,11,5200,40000,39,230,78000,810000,14.1,Low Risk
CUST103544,Axis Bank,Mass Retail,6,12,115200,100000,215,311,1927000,1830000,87.8,Medium Risk
CUST103545,HDFC Bank,Business,42,63,392600,1000000,1047,1599,9429000,23820000,51.2,Low-Medium Risk
CUST103546,Bank of India,Mass Retail,2,12,6900,40000,44,230,122000,810000,16.9,Low Risk
CUST103547,HDFC Bank,Mass Retail,2,10,13700,75000,64,244,228000,1380000,19.9,Low Risk
CUST103548,Bank of India,Affluent,4,18,78200,150000,67,356,1064000,2780000,34.2,Low Risk
CUST103549,Federal Bank,Mass Retail,2,8,15400,40000,27,154,223000,790000,27.9,Low Risk
CUST103550,Indian Bank,Affluent,7,17,534600,400000,267,356,7549000,7700000,90.5,High Risk
CUST103551,Bank of India,Business,9,48,384600,1000000,206,1003,8696000,23420000,29.8,Low Risk
CUST103552,IndusInd Bank,Mass Retail,10,9,41700,50000,196,223,1067000,1010000,96.7,High Risk
CUST103553,Canara Bank,Affluent,2,14,30600,100000,40,336,737000,2360000,23.1,Low Risk
CUST103554,Indian Bank,Affluent,3,19,20600,100000,58,492,353000,1920000,17.1,Low Risk
CUST103555,Bank of Baroda,Mass Retail,3,11,9300,40000,82,264,144000,860000,24.0,Low Risk
CUST103556,IndusInd Bank,Affluent,13,12,221900,300000,276,263,6398000,6840000,93.9,High Risk
CUST103557,Axis Bank,Mass Retail,2,11,4700,100000,36,263,79000,2260000,9.3,Low Risk
CUST103558,Axis Bank,Affluent,9,14,160200,200000,232,364,3269000,4440000,71.3,Medium Risk
CUST103559,Indian Bank,Mass Retail,5,11,16700,100000,124,264,351000,2450000,28.9,Low Risk
CUST103560,Bank of Baroda,Affluent,5,14,515000,400000,253,341,9233000,7840000,93.4,High Risk
CUST103561,IDFC First Bank,Mass Retail,3,8,20700,40000,62,205,393000,860000,42.4,Low-Medium Risk
CUST103562,Yes Bank,Business,5,61,1086700,5000000,79,1208,20277000,120940000,14.2,Low Risk
CUST103563,Canara Bank,Mass Retail,1,9,15400,40000,16,215,295000,740000,25.8,Low Risk
CUST103564,IDFC First Bank,Mass Retail,0,12,31800,75000,11,299,462000,1380000,21.9,Low Risk
CUST103565,IDFC First Bank,Affluent,22,18,202500,300000,569,462,5018000,5890000,96.7,High Risk
CUST103566,Bank of India,Premium,11,21,718400,750000,290,430,21192000,16820000,88.3,Medium Risk
CUST103567,ICICI Bank,Affluent,2,18,33500,400000,48,405,531000,7930000,9.3,Low Risk
CUST103568,Indian Bank,Premium,7,20,1144500,1000000,219,475,24603000,19330000,85.3,Medium Risk
CUST103569,Union Bank of India,Premium,4,28,23500,500000,72,581,411000,10610000,8.2,Low Risk
CUST103570,HDFC Bank,Business,24,59,563300,2500000,437,1369,12171000,55740000,28.7,Low Risk
CUST103571,Yes Bank,Mass Retail,4,10,55100,50000,145,208,1118000,990000,86.6,Medium Risk
CUST103572,Federal Bank,Affluent,10,21,8100,150000,205,448,147000,3020000,23.5,Low Risk
CUST103573,HDFC Bank,Business,35,57,356900,1500000,785,1259,5350000,33440000,38.3,Low Risk
CUST103574,State Bank of India,SME,2,25,20300,400000,39,568,448000,9850000,6.1,Low Risk
CUST103575,Yes Bank,Business,17,63,191900,500000,368,1395,3089000,11360000,29.9,Low Risk
CUST103576,Union Bank of India,Mass Retail,5,8,18700,50000,120,180,401000,1170000,48.3,Low-Medium Risk
CUST103577,Kotak Mahindra Bank,Mass Retail,1,10,6400,40000,18,211,114000,820000,12.6,Low Risk
CUST103578,Bank of Baroda,Affluent,15,16,87000,150000,419,322,2796000,2990000,91.8,High Risk
CUST103579,Yes Bank,Premium,9,22,111700,750000,184,425,2483000,15880000,27.2,Low Risk
CUST103580,Indian Bank,Affluent,3,19,169300,300000,61,387,3947000,7090000,38.4,Low Risk
CUST103581,State Bank of India,Affluent,7,15,208900,200000,179,346,4196000,4240000,78.6,Medium Risk
CUST103582,Canara Bank,Business,44,82,129300,500000,1156,2009,2248000,11960000,37.2,Low Risk
CUST103583,Axis Bank,Mass Retail,2,13,5300,25000,45,262,110000,620000,18.0,Low Risk
CUST103584,Kotak Mahindra Bank,Business,10,46,2050600,5000000,196,909,30549000,92520000,30.4,Low Risk
CUST103585,Axis Bank,Mass Retail,2,9,12500,75000,30,218,168000,1370000,16.0,Low Risk
CUST103586,State Bank of India,Mass Retail,2,13,3300,50000,37,275,50000,950000,9.5,Low Risk
CUST103587,Bank of Baroda,Affluent,6,17,78100,300000,148,436,1539000,6210000,29.5,Low Risk
CUST103588,IDFC First Bank,Premium,21,20,451700,500000,535,480,8187000,9460000,97.1,High Risk
CUST103589,Indian Bank,Mass Retail,7,7,96000,100000,147,149,2604000,2410000,100.9,High Risk
CUST103590,Indian Bank,Mass Retail,11,11,28100,40000,223,231,582000,730000,85.3,Medium Risk
CUST103591,Union Bank of India,SME,11,46,47100,200000,224,1043,644000,4040000,21.1,Low Risk
CUST103592,Bank of Baroda,Mass Retail,2,6,3800,40000,26,117,58000,770000,17.1,Low Risk
CUST103593,Federal Bank,Affluent,13,13,275300,400000,313,258,7581000,9810000,89.5,Medium Risk
CUST103594,Kotak Mahindra Bank,Affluent,2,17,124800,400000,50,344,2119000,9070000,21.1,Low Risk
CUST103595,HDFC Bank,Affluent,16,14,242900,300000,379,342,5877000,7320000,94.6,High Risk
CUST103596,HDFC Bank,Affluent,3,18,75000,300000,55,407,1547000,7440000,19.7,Low Risk
CUST103597,Federal Bank,Mass Retail,1,6,4500,50000,22,114,70000,1070000,12.4,Low Risk
CUST103598,Bank of India,Affluent,3,21,20900,150000,64,498,405000,2950000,13.8,Low Risk
CUST103599,IndusInd Bank,Mass Retail,7,13,30900,100000,108,286,567000,1940000,37.0,Low Risk
CUST103600,State Bank of India,Premium,6,27,24400,500000,111,610,382000,9780000,11.3,Low Risk
CUST103601,Punjab National Bank,Mass Retail,3,10,7100,40000,61,205,166000,920000,23.3,Low Risk
CUST103602,Yes Bank,Affluent,2,19,46600,100000,30,434,844000,1830000,30.0,Low Risk
CUST103603,Indian Bank,Mass Retail,7,7,64500,75000,186,181,1421000,1380000,97.6,High Risk
CUST103604,Yes Bank,Mass Retail,9,9,83700,75000,226,176,1913000,1670000,113.7,High Risk
CUST103605,Yes Bank,Mass Retail,1,8,7500,50000,31,168,174000,1120000,15.3,Low Risk
CUST103606,Yes Bank,Mass Retail,2,12,32300,75000,33,248,704000,1700000,30.1,Low Risk
CUST103607,State Bank of India,Business,42,76,97000,1500000,854,1576,2026000,30900000,27.6,Low Risk
CUST103608,Yes Bank,Mass Retail,1,7,13400,50000,20,152,219000,1180000,18.8,Low Risk
CUST103609,State Bank of India,SME,9,29,60100,200000,165,717,1199000,4350000,28.1,Low Risk
CUST103610,Kotak Mahindra Bank,SME,4,27,356000,400000,99,686,5994000,7500000,53.7,Low-Medium Risk
CUST103611,HDFC Bank,Affluent,17,19,195700,300000,483,388,6987000,7070000,92.8,High Risk
CUST103612,ICICI Bank,Mass Retail,10,9,65000,75000,240,205,1377000,1850000,95.2,High Risk
CUST103613,ICICI Bank,Mass Retail,5,12,5700,25000,125,281,103000,460000,31.5,Low Risk
CUST103614,Federal Bank,Premium,10,24,122000,1000000,216,544,2511000,20740000,24.8,Low Risk
CUST103615,Bank of Baroda,Mass Retail,4,12,20000,40000,95,264,346000,860000,40.4,Low-Medium Risk
CUST103616,Kotak Mahindra Bank,Mass Retail,6,13,25400,100000,107,264,343000,1900000,31.2,Low Risk
CUST103617,HDFC Bank,Affluent,5,20,67000,300000,110,448,1433000,7220000,22.8,Low Risk
CUST103618,Federal Bank,Business,14,76,111200,1000000,237,1657,1560000,19990000,12.4,Low Risk
CUST103619,ICICI Bank,Premium,5,23,259900,500000,131,565,5234000,11740000,37.1,Low Risk
CUST103620,Union Bank of India,Mass Retail,1,8,15500,40000,27,195,258000,910000,24.5,Low Risk
CUST103621,Yes Bank,Premium,13,31,201200,750000,209,618,3603000,16640000,30.4,Low Risk
CUST103622,Yes Bank,Mass Retail,0,9,27100,75000,6,177,454000,1450000,19.4,Low Risk
CUST103623,ICICI Bank,Mass Retail,2,8,4100,40000,40,203,54000,780000,14.7,Low Risk
CUST103624,State Bank of India,Business,20,40,34000,500000,487,910,449000,9170000,26.2,Low Risk
CUST103625,Axis Bank,Mass Retail,3,13,9000,25000,70,325,182000,490000,30.3,Low Risk
CUST103626,Canara Bank,Mass Retail,1,6,38400,100000,19,116,739000,2040000,28.0,Low Risk
CUST103627,Union Bank of India,Mass Retail,0,6,8600,50000,6,136,139000,1190000,9.0,Low Risk
CUST103628,HDFC Bank,Business,16,48,342400,2500000,293,1093,7356000,51410000,21.0,Low Risk
CUST103629,Federal Bank,Premium,2,26,107800,300000,38,651,1750000,6980000,20.2,Low Risk
CUST103630,Canara Bank,Affluent,3,13,19300,200000,55,256,276000,4220000,14.4,Low Risk
CUST103631,IDFC First Bank,Premium,12,30,240900,1000000,205,620,4518000,23490000,28.1,Low Risk
CUST103632,Indian Bank,Mass Retail,3,12,16800,100000,53,262,272000,2480000,17.7,Low Risk
CUST103633,ICICI Bank,Affluent,7,15,249500,200000,297,376,4101000,3940000,91.8,High Risk
CUST103634,IndusInd Bank,Mass Retail,8,13,49700,40000,158,332,1373000,960000,99.0,High Risk
CUST103635,Yes Bank,Mass Retail,1,6,15000,50000,25,156,292000,1120000,22.9,Low Risk
CUST103636,Kotak Mahindra Bank,Affluent,12,13,87400,100000,421,334,2367000,2370000,100.3,High Risk
CUST103637,Punjab National Bank,SME,4,45,290700,750000,57,857,6431000,16920000,25.1,Low Risk
CUST103638,State Bank of India,Mass Retail,13,13,58400,50000,309,251,1402000,1050000,119.3,High Risk
CUST103639,Bank of India,Mass Retail,3,12,6200,40000,48,240,114000,780000,18.6,Low Risk
CUST103640,Indian Bank,Mass Retail,0,13,34100,75000,5,279,419000,1390000,21.4,Low Risk
CUST103641,IDFC First Bank,Mass Retail,2,10,1800,75000,47,248,40000,1630000,9.7,Low Risk
CUST103642,Indian Bank,Business,12,75,140700,500000,339,1894,2733000,12470000,21.5,Low Risk
CUST103643,Federal Bank,Affluent,14,16,282800,300000,357,325,5676000,6950000,92.8,High Risk
CUST103644,Union Bank of India,Affluent,6,20,21800,150000,116,467,288000,3040000,18.8,Low Risk
CUST103645,Punjab National Bank,Premium,5,23,150200,300000,128,585,3229000,7140000,36.3,Low Risk
CUST103646,Kotak Mahindra Bank,Mass Retail,1,6,6700,75000,19,133,156000,1750000,11.9,Low Risk
CUST103647,IDFC First Bank,Affluent,5,13,317600,300000,135,256,8541000,5990000,89.7,Medium Risk
CUST103648,Bank of Baroda,Affluent,2,20,41100,300000,34,444,557000,5430000,10.7,Low Risk
CUST103649,Bank of Baroda,Affluent,3,16,14500,200000,57,346,187000,3770000,11.1,Low Risk
CUST103650,Federal Bank,SME,5,32,294700,1500000,115,737,5816000,36210000,17.1,Low Risk
CUST103651,Federal Bank,Premium,2,20,179500,300000,35,441,4026000,7160000,36.4,Low Risk
CUST103652,IndusInd Bank,Mass Retail,1,6,5000,25000,10,115,67000,500000,15.0,Low Risk
CUST103653,Federal Bank,Business,7,59,1793100,5000000,141,1532,32611000,99980000,23.9,Low Risk
CUST103654,Federal Bank,Mass Retail,16,13,45400,40000,393,296,1128000,940000,121.8,High Risk
CUST103655,State Bank of India,Mass Retail,2,13,17600,100000,34,290,401000,2460000,15.5,Low Risk
CUST103656,Axis Bank,Mass Retail,3,6,24100,75000,84,154,403000,1760000,38.5,Low Risk
CUST103657,Indian Bank,Mass Retail,3,11,20700,75000,55,221,364000,1670000,25.4,Low Risk
CUST103658,Yes Bank,Affluent,2,12,21100,300000,39,244,414000,5910000,11.2,Low Risk
CUST103659,HDFC Bank,Affluent,2,20,27100,400000,41,493,522000,8670000,7.6,Low Risk
CUST103660,ICICI Bank,Business,2,74,304700,2500000,37,1541,4152000,49090000,6.7,Low Risk
CUST103661,Yes Bank,Affluent,5,12,49800,100000,119,295,1215000,2370000,46.3,Low-Medium Risk
CUST103662,Bank of India,Affluent,3,19,149300,300000,64,397,2142000,6210000,30.6,Low Risk
CUST103663,Bank of Baroda,Mass Retail,1,7,1500,25000,14,135,31000,600000,8.4,Low Risk
CUST103664,Axis Bank,Mass Retail,6,9,26900,25000,135,204,737000,520000,99.3,High Risk
CUST103665,State Bank of India,Affluent,4,21,53600,200000,54,428,1208000,4750000,21.6,Low Risk
CUST103666,Punjab National Bank,Affluent,6,18,58800,150000,134,437,1171000,3050000,35.6,Low Risk
CUST103667,Union Bank of India,Business,13,52,171400,2500000,241,1221,2728000,52700000,13.3,Low Risk
CUST103668,IndusInd Bank,Mass Retail,4,7,69800,50000,108,178,1204000,1120000,95.4,High Risk
CUST103669,ICICI Bank,Mass Retail,2,6,14000,75000,48,147,247000,1390000,24.9,Low Risk
CUST103670,Canara Bank,Affluent,23,19,118400,150000,420,385,2292000,3700000,90.1,High Risk
CUST103671,Bank of India,Mass Retail,2,13,14200,50000,30,320,326000,1100000,21.5,Low Risk
CUST103672,Federal Bank,Mass Retail,8,13,10400,40000,162,305,156000,860000,37.6,Low Risk
CUST103673,Axis Bank,Premium,4,24,143600,750000,81,568,3218000,17910000,17.2,Low Risk
CUST103674,Canara Bank,Mass Retail,2,12,13600,75000,38,298,236000,1800000,15.3,Low Risk
CUST103675,Yes Bank,Affluent,10,20,81800,200000,227,460,1846000,4330000,45.3,Low-Medium Risk
CUST103676,IDFC First Bank,Mass Retail,1,7,21500,75000,29,156,364000,1840000,21.0,Low Risk
CUST103677,ICICI Bank,Mass Retail,2,7,27900,75000,29,164,430000,1380000,29.4,Low Risk
CUST103678,Yes Bank,Mass Retail,5,12,41600,100000,112,253,532000,1880000,38.5,Low Risk
CUST103679,IDFC First Bank,Business,20,49,2174500,5000000,384,994,44175000,110890000,40.8,Low-Medium Risk
CUST103680,Bank of Baroda,Mass Retail,3,11,29000,50000,73,256,577000,1020000,44.5,Low-Medium Risk
CUST103681,Axis Bank,Premium,9,32,95500,1000000,133,660,1794000,21250000,15.6,Low Risk
CUST103682,Bank of India,Mass Retail,1,8,12600,40000,15,156,246000,810000,22.2,Low Risk
CUST103683,IDFC First Bank,Premium,6,29,41900,1000000,88,551,686000,20830000,10.1,Low Risk
CUST103684,Canara Bank,Mass Retail,2,6,8200,25000,35,140,181000,590000,30.7,Low Risk
CUST103685,IndusInd Bank,Premium,8,21,218200,1000000,144,452,4242000,22150000,26.9,Low Risk
CUST103686,Bank of Baroda,Affluent,4,18,152900,300000,80,437,2735000,7490000,33.4,Low Risk
CUST103687,Punjab National Bank,SME,2,25,30800,200000,34,541,665000,4700000,11.2,Low Risk
CUST103688,ICICI Bank,Mass Retail,2,7,130800,100000,113,157,2176000,1990000,89.4,Medium Risk
CUST103689,Bank of India,Mass Retail,1,9,63200,100000,27,197,1001000,1990000,37.1,Low Risk
CUST103690,Bank of Baroda,Mass Retail,1,6,300,25000,12,141,5000,510000,6.3,Low Risk
CUST103691,Punjab National Bank,Business,25,61,492500,1500000,483,1311,9055000,35850000,33.4,Low Risk
CUST103692,Kotak Mahindra Bank,Affluent,6,21,117200,300000,149,541,1865000,5460000,33.0,Low Risk
CUST103693,Bank of Baroda,Premium,8,29,100500,300000,177,741,1953000,5880000,30.2,Low Risk
CUST103694,Indian Bank,Mass Retail,1,12,21800,75000,38,299,531000,1830000,20.9,Low Risk
CUST103695,Yes Bank,Mass Retail,3,9,5300,25000,81,229,78000,560000,24.8,Low Risk
CUST103696,IDFC First Bank,Mass Retail,2,10,7300,25000,39,221,116000,490000,23.2,Low Risk
CUST103697,Union Bank of India,SME,11,33,25500,1500000,177,751,429000,29300000,13.4,Low Risk
CUST103698,Bank of India,Premium,7,26,164700,750000,160,629,4140000,18030000,24.0,Low Risk
CUST103699,Bank of Baroda,SME,13,49,190700,400000,254,1170,3881000,9700000,35.4,Low Risk
CUST103700,Bank of Baroda,Mass Retail,1,9,600,25000,34,227,13000,490000,7.1,Low Risk
CUST103701,State Bank of India,Affluent,5,17,14000,150000,89,408,237000,3140000,16.0,Low Risk
CUST103702,IndusInd Bank,Premium,6,24,347000,1000000,139,624,7975000,23840000,29.4,Low Risk
CUST103703,Axis Bank,Mass Retail,5,12,49900,100000,69,257,967000,2340000,40.7,Low-Medium Risk
CUST103704,Axis Bank,Business,22,53,60200,1000000,487,1316,945000,23700000,20.2,Low Risk
CUST103705,Bank of India,SME,17,32,61300,750000,282,764,1056000,16220000,24.0,Low Risk
CUST103706,IndusInd Bank,Business,7,84,2133200,5000000,188,2003,40045000,121900000,25.0,Low Risk
CUST103707,Yes Bank,Premium,4,24,26700,300000,81,511,524000,6080000,12.3,Low Risk
CUST103708,Axis Bank,Mass Retail,1,6,8600,25000,14,147,114000,480000,22.2,Low Risk
CUST103709,Kotak Mahindra Bank,Mass Retail,12,11,54800,75000,314,278,1322000,1720000,90.8,High Risk
CUST103710,Yes Bank,SME,19,50,131700,400000,405,1026,2913000,8710000,35.4,Low Risk
CUST103711,Axis Bank,Mass Retail,1,12,10000,25000,37,281,208000,600000,25.6,Low Risk
CUST103712,Union Bank of India,Premium,5,24,158600,500000,82,522,2081000,9280000,23.3,Low Risk
CUST103713,Punjab National Bank,Premium,3,24,577500,1000000,68,622,9509000,23910000,32.5,Low Risk
CUST103714,Axis Bank,Affluent,6,18,202800,400000,113,402,3711000,8020000,40.6,Low-Medium Risk
CUST103715,IDFC First Bank,SME,38,37,204400,1500000,829,762,5260000,33880000,55.0,Low-Medium Risk
CUST103716,Union Bank of India,Mass Retail,2,8,900,75000,40,173,12000,1370000,11.1,Low Risk
CUST103717,Indian Bank,Mass Retail,3,7,6100,40000,57,165,137000,890000,25.6,Low Risk
CUST103718,Federal Bank,Mass Retail,1,6,24100,50000,20,117,395000,1150000,30.4,Low Risk
CUST103719,Canara Bank,Affluent,1,17,13100,150000,37,395,182000,3090000,7.5,Low Risk
CUST103720,Axis Bank,Mass Retail,9,9,90100,100000,197,230,2005000,1950000,95.0,High Risk
CUST103721,Canara Bank,Mass Retail,3,12,8200,25000,45,299,181000,540000,27.6,Low Risk
CUST103722,Canara Bank,Business,37,67,219600,1000000,659,1305,4107000,23830000,34.0,Low Risk
CUST103723,HDFC Bank,SME,43,35,174500,200000,1144,908,3161000,4050000,101.0,High Risk
CUST103724,Indian Bank,Mass Retail,3,13,7300,40000,67,311,99000,790000,18.6,Low Risk
CUST103725,Yes Bank,Mass Retail,4,11,2200,25000,68,221,33000,500000,19.2,Low Risk
CUST103726,Federal Bank,SME,32,32,345600,400000,667,611,7190000,9860000,90.5,High Risk
CUST103727,HDFC Bank,Mass Retail,4,11,17400,100000,78,222,330000,2050000,24.9,Low Risk
CUST103728,Bank of Baroda,Mass Retail,5,13,9400,50000,106,323,153000,900000,25.7,Low Risk
CUST103729,Kotak Mahindra Bank,Mass Retail,7,13,24700,100000,99,249,428000,2350000,32.7,Low Risk
CUST103730,ICICI Bank,Affluent,3,21,128300,300000,62,433,2548000,6870000,28.6,Low Risk
CUST103731,Bank of Baroda,Mass Retail,1,12,22400,100000,22,292,439000,1890000,16.1,Low Risk
CUST103732,Punjab National Bank,SME,15,36,115300,400000,329,832,2002000,9960000,31.8,Low Risk
CUST103733,Indian Bank,Affluent,8,19,19900,150000,142,465,375000,3340000,22.8,Low Risk
CUST103734,Axis Bank,Affluent,0,13,73400,300000,7,315,1644000,6450000,14.2,Low Risk
CUST103735,State Bank of India,Mass Retail,5,13,50300,100000,74,252,695000,2070000,38.3,Low Risk
CUST103736,Axis Bank,Affluent,11,21,19200,400000,293,530,390000,9720000,26.1,Low Risk
CUST103737,Canara Bank,Premium,17,28,304900,500000,349,576,4090000,9850000,55.7,Low-Medium Risk
CUST103738,Union Bank of India,Premium,6,31,139700,300000,150,709,1830000,6000000,30.4,Low Risk
CUST103739,Axis Bank,Premium,5,32,18000,300000,82,752,301000,5660000,9.0,Low Risk
CUST103740,Federal Bank,Affluent,1,15,26900,100000,17,303,588000,2330000,17.4,Low Risk
CUST103741,Bank of India,Business,32,86,206000,1500000,884,2222,4259000,33250000,24.5,Low Risk
CUST103742,Bank of Baroda,Business,5,51,348000,5000000,83,1143,5309000,111320000,7.1,Low Risk
CUST103743,Yes Bank,Premium,8,29,66600,300000,155,563,1118000,5860000,23.8,Low Risk
CUST103744,Axis Bank,Mass Retail,3,13,15500,50000,48,332,354000,1130000,25.5,Low Risk
CUST103745,ICICI Bank,Mass Retail,1,7,5900,25000,29,162,138000,580000,20.5,Low Risk
CUST103746,IDFC First Bank,Mass Retail,7,11,96900,75000,185,263,1987000,1540000,101.7,High Risk
CUST103747,Bank of Baroda,Premium,14,33,89400,1000000,250,748,1519000,23610000,20.7,Low Risk
CUST103748,IndusInd Bank,Mass Retail,4,13,7300,25000,66,323,113000,510000,25.5,Low Risk
CUST103749,Federal Bank,Mass Retail,13,13,46700,50000,255,250,954000,1170000,93.4,High Risk
CUST103750,IDFC First Bank,Business,11,69,30000,500000,193,1441,524000,9120000,9.7,Low Risk
CUST103751,Federal Bank,Business,14,73,229000,2500000,254,1627,5018000,54650000,12.7,Low Risk
CUST103752,Kotak Mahindra Bank,Business,35,56,3168000,2500000,776,1094,86380000,61970000,103.7,High Risk
CUST103753,ICICI Bank,Mass Retail,2,8,11300,40000,44,192,227000,990000,24.8,Low Risk
CUST103754,Union Bank of India,Premium,32,32,190500,300000,920,696,6008000,5990000,97.0,High Risk
CUST103755,HDFC Bank,Mass Retail,1,6,2300,25000,19,125,50000,530000,12.1,Low Risk
CUST103756,IndusInd Bank,Mass Retail,11,10,20100,25000,238,190,333000,460000,94.3,High Risk
CUST103757,State Bank of India,Mass Retail,2,7,16500,50000,46,168,388000,1210000,30.5,Low Risk
CUST103758,Punjab National Bank,Mass Retail,1,8,15600,75000,19,199,342000,1650000,16.6,Low Risk
CUST103759,Union Bank of India,Affluent,0,13,29100,100000,9,283,500000,2070000,15.5,Low Risk
CUST103760,Axis Bank,Business,5,80,300900,2500000,117,1836,4572000,46970000,8.8,Low Risk
CUST103761,Kotak Mahindra Bank,Mass Retail,2,9,4100,25000,26,185,93000,620000,16.6,Low Risk
CUST103762,Bank of India,Premium,4,20,259400,750000,104,467,3832000,16280000,25.8,Low Risk
CUST103763,State Bank of India,Affluent,1,13,29400,300000,16,248,589000,5990000,8.7,Low Risk
CUST103764,IndusInd Bank,Mass Retail,12,12,32200,40000,234,269,770000,820000,89.9,Medium Risk
CUST103765,Axis Bank,Affluent,6,20,69900,400000,109,470,1378000,7960000,21.2,Low Risk
CUST103766,Indian Bank,Mass Retail,15,13,82500,100000,440,331,2387000,2220000,107.8,High Risk
CUST103767,HDFC Bank,Affluent,4,12,56400,300000,75,260,1108000,7350000,23.2,Low Risk
CUST103768,Kotak Mahindra Bank,Affluent,2,19,135400,300000,28,463,3098000,7200000,28.4,Low Risk
CUST103769,ICICI Bank,Mass Retail,1,10,15100,75000,20,232,330000,1590000,15.7,Low Risk
CUST103770,IndusInd Bank,Mass Retail,6,12,11700,100000,109,306,261000,2380000,25.4,Low Risk
CUST103771,IDFC First Bank,Affluent,3,15,2900,150000,54,327,50000,3140000,9.3,Low Risk
CUST103772,ICICI Bank,Business,12,67,242700,1000000,228,1423,4992000,19770000,21.2,Low Risk
CUST103773,Bank of India,Mass Retail,3,7,3800,25000,67,176,91000,620000,26.2,Low Risk
CUST103774,Axis Bank,Premium,2,34,61300,500000,31,658,1191000,10060000,9.1,Low Risk
CUST103775,ICICI Bank,Premium,7,29,197400,750000,123,579,3502000,15200000,23.6,Low Risk
CUST103776,IndusInd Bank,SME,49,39,295600,400000,976,763,6673000,9970000,95.4,High Risk
CUST103777,IDFC First Bank,Business,21,59,365900,1000000,362,1469,6761000,18940000,33.9,Low Risk
CUST103778,Indian Bank,Affluent,3,19,105800,300000,38,362,2056000,7000000,23.6,Low Risk
CUST103779,State Bank of India,Premium,29,30,645400,500000,913,751,12627000,12280000,113.1,High Risk
CUST103780,ICICI Bank,Business,14,49,1827800,5000000,286,1086,39597000,107910000,32.8,Low Risk
CUST103781,ICICI Bank,Mass Retail,2,12,16900,100000,36,228,222000,1800000,15.4,Low Risk
CUST103782,Federal Bank,Mass Retail,7,6,51700,75000,176,131,1513000,1550000,102.0,High Risk
CUST103783,ICICI Bank,Mass Retail,2,8,27300,100000,31,162,403000,1880000,23.1,Low Risk
CUST103784,IDFC First Bank,Business,61,57,373300,500000,1433,1332,7366000,10460000,87.9,Medium Risk
CUST103785,Yes Bank,Business,18,66,299200,1000000,377,1568,5188000,23530000,25.8,Low Risk
CUST103786,Punjab National Bank,Mass Retail,2,7,24100,75000,50,157,427000,1580000,29.9,Low Risk
CUST103787,IndusInd Bank,Affluent,5,16,131300,400000,102,309,2778000,8410000,32.6,Low Risk
CUST103788,Bank of India,Affluent,17,13,163100,150000,369,307,4554000,3280000,124.7,High Risk
CUST103789,Canara Bank,Mass Retail,10,10,68200,100000,230,249,1761000,2210000,83.7,Medium Risk
CUST103790,HDFC Bank,SME,33,42,92700,750000,1098,1010,1741000,18000000,47.5,Low-Medium Risk
CUST103791,State Bank of India,Mass Retail,0,7,6900,50000,7,174,136000,1010000,8.4,Low Risk
CUST103792,IDFC First Bank,Mass Retail,2,8,5900,40000,23,163,139000,950000,17.0,Low Risk
CUST103793,Punjab National Bank,Affluent,9,18,14800,100000,224,454,308000,2200000,29.9,Low Risk
CUST103794,Federal Bank,Premium,22,24,483000,750000,494,510,12311000,15080000,82.5,Medium Risk
CUST103795,Punjab National Bank,Mass Retail,4,9,4500,40000,54,172,82000,800000,22.4,Low Risk
CUST103796,Federal Bank,Premium,4,22,101100,500000,95,548,1496000,10260000,17.5,Low Risk
CUST103797,Union Bank of India,Affluent,7,16,31300,200000,156,409,727000,4470000,27.0,Low Risk
CUST103798,Federal Bank,Mass Retail,4,9,19300,75000,108,212,364000,1470000,35.2,Low Risk
CUST103799,Bank of Baroda,Mass Retail,3,12,34600,75000,43,247,861000,1830000,35.3,Low Risk
CUST103800,Federal Bank,Affluent,10,17,14700,100000,140,353,211000,2200000,28.8,Low Risk
CUST103801,IndusInd Bank,Mass Retail,0,8,18000,50000,4,178,359000,1220000,18.6,Low Risk
CUST103802,Kotak Mahindra Bank,SME,37,39,331600,400000,1253,986,6244000,7330000,95.9,High Risk
CUST103803,State Bank of India,Business,40,86,126600,500000,872,1724,2583000,10200000,35.6,Low Risk
CUST103804,Punjab National Bank,SME,12,27,69200,400000,279,669,974000,7260000,27.3,Low Risk
CUST103805,Federal Bank,Mass Retail,1,6,8000,40000,16,126,136000,800000,17.0,Low Risk
CUST103806,Kotak Mahindra Bank,SME,17,39,198300,200000,647,962,4787000,4810000,80.1,Medium Risk
CUST103807,Federal Bank,Affluent,3,17,20800,300000,77,433,345000,5480000,11.6,Low Risk
CUST103808,Federal Bank,Mass Retail,1,6,3700,25000,23,132,56000,530000,14.8,Low Risk
CUST103809,IDFC First Bank,Mass Retail,1,11,1400,25000,16,237,23000,470000,6.6,Low Risk
CUST103810,Kotak Mahindra Bank,Mass Retail,1,7,1000,25000,35,172,16000,520000,9.4,Low Risk
CUST103811,Punjab National Bank,Premium,13,24,406700,300000,274,545,8671000,7160000,94.8,High Risk
CUST103812,Punjab National Bank,Affluent,16,19,195900,300000,578,452,5412000,6710000,87.5,Medium Risk
CUST103813,Punjab National Bank,Mass Retail,3,7,55400,100000,51,164,1056000,2320000,44.6,Low-Medium Risk
CUST103814,Axis Bank,Affluent,2,14,33900,100000,31,281,585000,2040000,23.1,Low Risk
CUST103815,State Bank of India,Mass Retail,5,11,13000,25000,112,274,270000,620000,45.8,Low-Medium Risk
CUST103816,Yes Bank,Affluent,3,14,29300,300000,67,285,588000,6890000,15.2,Low Risk
CUST103817,Kotak Mahindra Bank,Mass Retail,1,9,6100,25000,27,230,87000,520000,16.5,Low Risk
CUST103818,Canara Bank,Business,5,50,84100,2500000,107,1038,1496000,52460000,6.1,Low Risk
CUST103819,Kotak Mahindra Bank,Business,14,56,953700,1500000,358,1352,21952000,36650000,45.9,Low-Medium Risk
CUST103820,Federal Bank,Affluent,11,13,49200,200000,334,273,990000,4410000,58.7,Low-Medium Risk
CUST103821,Federal Bank,Mass Retail,3,12,4800,50000,56,255,75000,1150000,15.1,Low Risk
CUST103822,Kotak Mahindra Bank,Mass Retail,0,13,48000,100000,5,275,899000,2090000,25.9,Low Risk
CUST103823,Indian Bank,Business,7,60,257200,1000000,119,1454,3508000,19570000,16.7,Low Risk
CUST103824,State Bank of India,Mass Retail,4,7,7200,50000,61,160,110000,1150000,27.6,Low Risk
CUST103825,IndusInd Bank,Mass Retail,15,13,45100,75000,297,327,1368000,1670000,85.1,Medium Risk
CUST103826,Indian Bank,Mass Retail,2,13,6500,40000,43,275,132000,860000,15.5,Low Risk
CUST103827,Kotak Mahindra Bank,Affluent,4,20,161300,400000,63,477,3681000,8950000,29.9,Low Risk
CUST103828,Axis Bank,Affluent,13,18,2600,300000,221,437,35000,5840000,27.6,Low Risk
CUST103829,Axis Bank,Business,21,66,9700,500000,458,1324,237000,11780000,15.9,Low Risk
CUST103830,IndusInd Bank,Mass Retail,7,10,22800,25000,96,218,605000,620000,78.0,Medium Risk
CUST103831,HDFC Bank,Mass Retail,4,8,13200,40000,72,179,248000,970000,36.3,Low Risk
CUST103832,Punjab National Bank,Business,86,84,198800,500000,1628,1805,3680000,10130000,63.5,Low-Medium Risk
CUST103833,IDFC First Bank,Business,50,65,521100,2500000,1235,1382,10390000,52110000,48.0,Low-Medium Risk
CUST103834,HDFC Bank,Mass Retail,5,8,59900,50000,77,190,1708000,1180000,96.9,High Risk
CUST103835,Yes Bank,Affluent,18,16,45200,100000,346,328,1109000,2220000,74.3,Medium Risk
CUST103836,Axis Bank,Mass Retail,1,9,27500,100000,21,216,461000,2180000,18.3,Low Risk
CUST103837,Indian Bank,SME,16,32,506000,400000,344,817,13800000,9790000,95.0,High Risk
CUST103838,IDFC First Bank,Mass Retail,1,10,12400,25000,26,230,259000,540000,32.1,Low Risk
CUST103839,IndusInd Bank,SME,8,36,12100,200000,155,838,264000,4320000,12.2,Low Risk
CUST103840,IDFC First Bank,Premium,2,22,37100,500000,33,429,636000,9150000,7.7,Low Risk
CUST103841,IDFC First Bank,Affluent,9,21,600,200000,212,526,11000,3700000,18.3,Low Risk
CUST103842,Yes Bank,Mass Retail,1,8,24100,100000,13,168,420000,1810000,17.6,Low Risk
CUST103843,Kotak Mahindra Bank,Affluent,6,14,147600,300000,114,326,3061000,7320000,42.6,Low-Medium Risk
CUST103844,Kotak Mahindra Bank,Mass Retail,2,8,41600,75000,41,207,799000,1560000,39.6,Low Risk
CUST103845,Indian Bank,Mass Retail,2,6,50100,100000,36,139,1022000,2130000,40.4,Low-Medium Risk
CUST103846,Federal Bank,Premium,4,23,128000,750000,91,554,2635000,17940000,16.2,Low Risk
CUST103847,Yes Bank,SME,1,29,51700,750000,10,641,921000,16700000,4.7,Low Risk
CUST103848,IDFC First Bank,Affluent,5,16,76800,300000,103,311,1199000,6680000,26.4,Low Risk
CUST103849,IndusInd Bank,Premium,3,27,248100,1000000,44,664,4281000,20080000,16.8,Low Risk
CUST103850,IDFC First Bank,Mass Retail,0,7,19700,40000,8,135,458000,950000,28.5,Low Risk
CUST103851,State Bank of India,Mass Retail,4,10,25100,40000,65,239,375000,770000,46.1,Low-Medium Risk
CUST103852,Union Bank of India,Mass Retail,1,8,6500,25000,16,153,118000,460000,19.4,Low Risk
CUST103853,Federal Bank,Affluent,5,16,16800,100000,122,401,322000,1930000,22.9,Low Risk
CUST103854,State Bank of India,SME,12,42,271800,1500000,185,844,4095000,29810000,20.2,Low Risk
CUST103855,IndusInd Bank,Premium,7,26,69400,300000,157,588,1383000,5990000,24.8,Low Risk
CUST103856,State Bank of India,Mass Retail,2,7,29600,50000,48,162,695000,1130000,46.9,Low-Medium Risk
CUST103857,IndusInd Bank,Mass Retail,16,12,127400,100000,354,266,2801000,1950000,134.4,High Risk
CUST103858,ICICI Bank,Affluent,5,17,117000,300000,108,364,1915000,6820000,31.7,Low Risk
CUST103859,Punjab National Bank,Mass Retail,11,10,52200,75000,234,223,990000,1400000,86.8,Medium Risk
CUST103860,Bank of India,Business,6,41,295200,1500000,141,868,5842000,28550000,18.0,Low Risk
CUST103861,Bank of Baroda,Business,39,86,612500,1500000,873,1898,10904000,32340000,41.0,Low-Medium Risk
CUST103862,Bank of India,Affluent,18,16,166100,150000,477,344,4457000,3670000,120.2,High Risk
CUST103863,Yes Bank,Mass Retail,3,11,17600,75000,64,253,379000,1800000,23.8,Low Risk
CUST103864,Bank of India,Mass Retail,1,11,15300,50000,21,227,394000,1240000,21.6,Low Risk
CUST103865,Union Bank of India,Mass Retail,4,12,49500,75000,83,311,848000,1690000,45.7,Low-Medium Risk
CUST103866,ICICI Bank,Mass Retail,0,7,8800,50000,7,158,136000,1140000,9.3,Low Risk
CUST103867,Federal Bank,Mass Retail,1,12,12700,50000,23,244,269000,1120000,17.5,Low Risk
CUST103868,Bank of Baroda,Premium,2,34,146900,300000,43,760,2845000,6710000,28.1,Low Risk
CUST103869,Federal Bank,Premium,19,21,276700,500000,494,526,5878000,9510000,73.2,Medium Risk
CUST103870,Kotak Mahindra Bank,Mass Retail,12,13,21200,25000,254,249,570000,550000,95.6,High Risk
CUST103871,Bank of India,Mass Retail,1,9,11700,25000,24,214,215000,520000,29.5,Low Risk
CUST103872,Axis Bank,Mass Retail,8,7,48000,75000,173,160,1671000,1580000,96.4,High Risk
CUST103873,IndusInd Bank,Mass Retail,1,8,16300,25000,28,161,254000,540000,37.7,Low Risk
CUST103874,IDFC First Bank,Business,12,55,551700,2500000,332,1360,10015000,47250000,22.2,Low Risk
CUST103875,IDFC First Bank,Mass Retail,2,13,9000,75000,57,281,163000,1540000,14.1,Low Risk
CUST103876,Yes Bank,Mass Retail,1,9,12800,25000,13,190,190000,460000,29.7,Low Risk
CUST103877,Axis Bank,Mass Retail,6,8,42200,75000,143,198,1050000,1860000,63.7,Low-Medium Risk
CUST103878,Federal Bank,Business,77,72,882000,1000000,2071,1690,14621000,18830000,97.1,High Risk
CUST103879,Federal Bank,Affluent,3,12,11900,100000,59,303,238000,1980000,16.4,Low Risk
CUST103880,Federal Bank,Mass Retail,2,6,21500,75000,47,140,445000,1820000,29.6,Low Risk
CUST103881,IDFC First Bank,Affluent,1,12,17100,150000,16,290,359000,3210000,9.2,Low Risk
CUST103882,Bank of India,Premium,25,23,607900,750000,736,572,11680000,14210000,98.0,High Risk
CUST103883,Canara Bank,SME,10,26,500700,1500000,153,504,8361000,31030000,31.8,Low Risk
CUST103884,ICICI Bank,Mass Retail,4,10,12600,25000,88,244,177000,470000,41.4,Low-Medium Risk
CUST103885,Axis Bank,Business,60,59,1519200,2500000,1409,1374,39248000,48500000,84.9,Medium Risk
CUST103886,Federal Bank,SME,6,47,101200,200000,119,916,1649000,3670000,32.6,Low Risk
CUST103887,HDFC Bank,Business,27,74,143500,1500000,546,1669,2522000,31600000,20.2,Low Risk
CUST103888,Punjab National Bank,Affluent,14,13,87500,100000,274,255,2067000,2360000,96.6,High Risk
CUST103889,Axis Bank,Affluent,1,12,100300,400000,21,290,1815000,8840000,16.2,Low Risk
CUST103890,ICICI Bank,Mass Retail,7,8,44000,50000,236,183,933000,1110000,95.9,High Risk
CUST103891,Union Bank of India,Premium,10,28,88100,500000,227,719,1219000,9700000,23.6,Low Risk
CUST103892,Kotak Mahindra Bank,Affluent,1,13,71300,100000,13,264,1362000,2040000,41.5,Low-Medium Risk
CUST103893,Federal Bank,Premium,3,21,149300,1000000,59,488,2872000,23920000,13.3,Low Risk
CUST103894,Bank of India,Affluent,2,17,50100,200000,24,348,907000,3720000,17.9,Low Risk
CUST103895,Federal Bank,Premium,5,24,181800,1000000,82,559,4406000,24010000,18.0,Low Risk
CUST103896,Union Bank of India,Business,6,67,360900,1500000,131,1612,6868000,32080000,16.3,Low Risk
CUST103897,HDFC Bank,Mass Retail,1,7,20700,25000,21,168,480000,600000,51.4,Low-Medium Risk
CUST103898,ICICI Bank,Business,23,55,2034900,1500000,1057,1359,29882000,30340000,91.9,High Risk
CUST103899,Bank of India,Affluent,3,19,90000,150000,59,475,1296000,3060000,34.7,Low Risk
CUST103900,Indian Bank,Business,8,53,108400,500000,117,1036,2515000,11630000,18.0,Low Risk
CUST103901,Punjab National Bank,Affluent,1,18,41600,150000,8,385,758000,3520000,15.8,Low Risk
CUST103902,Federal Bank,Mass Retail,1,13,11300,25000,16,310,152000,490000,24.1,Low Risk
CUST103903,Axis Bank,Business,13,75,62100,500000,300,1687,1250000,12410000,13.9,Low Risk
CUST103904,Bank of Baroda,Mass Retail,1,9,17600,75000,23,183,249000,1390000,16.8,Low Risk
CUST103905,Canara Bank,Business,42,43,49800,500000,897,983,1233000,9240000,48.0,Low-Medium Risk
CUST103906,Axis Bank,Affluent,2,19,2500,300000,34,415,53000,6650000,4.7,Low Risk
CUST103907,Bank of India,Affluent,3,19,43200,150000,47,413,948000,3460000,21.6,Low Risk
CUST103908,ICICI Bank,Mass Retail,2,10,52000,100000,30,247,922000,2470000,32.0,Low Risk
CUST103909,Punjab National Bank,Affluent,3,15,43000,300000,44,328,862000,6250000,15.1,Low Risk
CUST103910,Canara Bank,Mass Retail,0,7,12200,50000,5,134,200000,910000,13.8,Low Risk
CUST103911,Bank of India,Mass Retail,16,13,18500,25000,313,252,512000,560000,100.5,High Risk
CUST103912,Union Bank of India,Mass Retail,4,9,1900,75000,89,225,34000,1500000,19.9,Low Risk
CUST103913,Axis Bank,Mass Retail,1,10,5500,40000,25,257,85000,840000,11.1,Low Risk
CUST103914,Punjab National Bank,SME,8,31,29900,750000,205,738,443000,16060000,13.8,Low Risk
CUST103915,Union Bank of India,SME,15,45,399800,400000,544,970,9173000,7380000,82.3,Medium Risk
CUST103916,ICICI Bank,Mass Retail,3,13,41800,75000,67,332,756000,1610000,38.3,Low Risk
CUST103917,Axis Bank,Premium,7,27,274300,1000000,138,638,4724000,20980000,24.6,Low Risk
CUST103918,IDFC First Bank,Mass Retail,5,9,8800,100000,116,224,144000,2300000,28.0,Low Risk
CUST103919,IDFC First Bank,Premium,7,31,108700,500000,140,755,2346000,11260000,21.3,Low Risk
CUST103920,HDFC Bank,Business,6,55,1137500,1500000,97,1191,19200000,28940000,43.9,Low-Medium Risk
CUST103921,Punjab National Bank,SME,3,41,30600,200000,60,916,613000,3890000,11.8,Low Risk
CUST103922,Yes Bank,Mass Retail,7,6,34000,50000,157,122,1066000,990000,103.4,High Risk
CUST103923,Union Bank of India,Premium,3,23,136200,300000,68,484,2653000,5780000,31.4,Low Risk
CUST103924,Bank of India,Mass Retail,4,12,6400,40000,111,293,112000,900000,23.5,Low Risk
CUST103925,ICICI Bank,SME,7,36,34800,750000,135,909,756000,18720000,10.0,Low Risk
CUST103926,State Bank of India,Mass Retail,3,13,7900,50000,71,313,156000,1130000,18.5,Low Risk
CUST103927,Federal Bank,Affluent,6,19,8200,100000,123,423,125000,2220000,17.3,Low Risk
CUST103928,Yes Bank,Premium,6,23,32400,750000,116,451,669000,15650000,13.7,Low Risk
CUST103929,Bank of India,Premium,7,20,461500,500000,299,388,12644000,10090000,85.4,Medium Risk
CUST103930,Canara Bank,Mass Retail,2,13,3300,25000,33,281,59000,610000,12.4,Low Risk
CUST103931,Bank of India,SME,11,26,988700,1500000,186,578,16583000,37170000,47.4,Low-Medium Risk
CUST103932,Bank of Baroda,Mass Retail,9,8,16600,25000,240,186,454000,540000,95.0,High Risk
CUST103933,Canara Bank,Affluent,10,20,112400,400000,177,381,2324000,8010000,37.1,Low Risk
CUST103934,IndusInd Bank,Mass Retail,2,11,2400,50000,45,285,50000,1170000,10.0,Low Risk
CUST103935,Bank of Baroda,Mass Retail,3,10,5300,40000,69,215,81000,760000,20.4,Low Risk
CUST103936,Indian Bank,Affluent,3,18,36400,150000,69,449,866000,3500000,20.8,Low Risk
CUST103937,Canara Bank,Mass Retail,10,8,26800,40000,182,182,875000,950000,94.0,High Risk
CUST103938,Axis Bank,Mass Retail,2,8,4500,40000,32,159,67000,750000,15.5,Low Risk
CUST103939,Indian Bank,Mass Retail,2,9,7100,25000,55,221,145000,620000,24.6,Low Risk
CUST103940,Punjab National Bank,Mass Retail,10,12,65800,75000,361,288,1204000,1870000,88.3,Medium Risk
CUST103941,Union Bank of India,Premium,1,22,90400,750000,19,499,1487000,18420000,7.6,Low Risk
CUST103942,IDFC First Bank,Business,23,86,414100,2500000,390,1944,6727000,53680000,18.7,Low Risk
CUST103943,ICICI Bank,Mass Retail,0,13,5100,25000,6,255,83000,490000,10.8,Low Risk
CUST103944,ICICI Bank,Mass Retail,1,6,26700,100000,15,142,608000,2210000,21.6,Low Risk
CUST103945,Federal Bank,Mass Retail,2,7,32200,100000,58,178,589000,2090000,30.4,Low Risk
CUST103946,Axis Bank,Mass Retail,5,13,3100,25000,78,255,60000,490000,21.9,Low Risk
CUST103947,State Bank of India,Premium,9,23,35500,500000,190,479,687000,10480000,21.3,Low Risk
CUST103948,Punjab National Bank,Affluent,7,19,49900,300000,129,481,734000,6790000,21.9,Low Risk
CUST103949,ICICI Bank,Mass Retail,1,13,50800,100000,20,273,684000,1850000,27.9,Low Risk
CUST103950,Axis Bank,Mass Retail,2,8,15400,75000,41,189,260000,1530000,21.0,Low Risk
CUST103951,Union Bank of India,Mass Retail,3,10,36900,100000,64,227,483000,1810000,30.7,Low Risk
CUST103952,Bank of Baroda,Business,12,60,535900,1500000,253,1390,8163000,34870000,24.9,Low Risk
CUST103953,Bank of Baroda,SME,14,43,154900,750000,228,942,2685000,16860000,22.9,Low Risk
CUST103954,Axis Bank,Mass Retail,2,8,14200,40000,51,169,201000,740000,29.7,Low Risk
CUST103955,State Bank of India,Mass Retail,2,8,20900,50000,27,155,497000,1240000,32.2,Low Risk
CUST103956,Indian Bank,Business,12,74,575100,2500000,213,1792,10221000,45400000,19.0,Low Risk
CUST103957,Federal Bank,SME,10,43,101800,400000,270,1042,2106000,8850000,24.5,Low Risk
CUST103958,Federal Bank,Mass Retail,4,13,1300,100000,65,308,25000,2340000,12.0,Low Risk
CUST103959,HDFC Bank,Mass Retail,1,9,5700,25000,17,212,96000,590000,15.1,Low Risk
CUST103960,Federal Bank,Mass Retail,10,13,44800,50000,346,269,816000,910000,95.7,High Risk
CUST103961,IDFC First Bank,Affluent,4,18,34900,400000,59,345,826000,9740000,13.3,Low Risk
CUST103962,HDFC Bank,Mass Retail,4,10,20600,75000,94,247,407000,1830000,30.9,Low Risk
CUST103963,Punjab National Bank,Mass Retail,1,12,3200,25000,11,269,54000,550000,9.1,Low Risk
CUST103964,Bank of India,Affluent,4,17,82600,150000,98,360,1364000,3210000,38.4,Low Risk
CUST103965,Indian Bank,Mass Retail,12,11,85200,100000,211,217,1994000,1830000,99.6,High Risk
CUST103966,Bank of Baroda,Premium,30,33,212800,750000,665,641,5856000,16450000,60.8,Low-Medium Risk
CUST103967,Bank of Baroda,Mass Retail,4,10,2300,100000,79,214,39000,2090000,18.1,Low Risk
CUST103968,Kotak Mahindra Bank,Mass Retail,10,10,70400,75000,312,246,1518000,1760000,100.3,High Risk
CUST103969,Indian Bank,Affluent,1,12,162500,400000,14,305,3071000,8330000,24.7,Low Risk
CUST103970,ICICI Bank,Mass Retail,1,7,16400,40000,24,177,248000,910000,25.2,Low Risk
CUST103971,Federal Bank,SME,2,27,35400,200000,56,687,683000,3740000,13.4,Low Risk
CUST103972,IndusInd Bank,Affluent,9,19,34200,400000,220,482,422000,7570000,24.7,Low Risk
CUST103973,Union Bank of India,Mass Retail,12,10,88100,100000,274,227,1230000,1900000,95.9,High Risk
CUST103974,Axis Bank,Premium,7,32,153400,500000,146,657,2725000,9160000,26.8,Low Risk
CUST103975,IDFC First Bank,Mass Retail,2,6,3300,25000,47,148,59000,540000,21.0,Low Risk
CUST103976,Bank of India,Business,14,89,935300,5000000,217,1824,19093000,117790000,16.0,Low Risk
CUST103977,Canara Bank,Mass Retail,1,6,23200,75000,27,125,444000,1670000,24.8,Low Risk
CUST103978,Axis Bank,Affluent,11,15,130600,300000,223,309,2954000,6610000,56.8,Low-Medium Risk
CUST103979,Axis Bank,Mass Retail,1,10,25300,100000,28,226,468000,2280000,17.7,Low Risk
CUST103980,Indian Bank,Affluent,7,19,22100,200000,108,404,417000,4080000,20.0,Low Risk
CUST103981,Canara Bank,Business,8,86,259000,1500000,167,1727,4325000,30800000,12.9,Low Risk
CUST103982,State Bank of India,Business,23,74,842600,2500000,540,1641,15105000,50500000,32.0,Low Risk
CUST103983,IDFC First Bank,Mass Retail,1,10,6200,75000,19,251,149000,1720000,8.7,Low Risk
CUST103984,Axis Bank,Mass Retail,1,8,61300,100000,26,184,1205000,1910000,40.4,Low-Medium Risk
CUST103985,ICICI Bank,Business,8,57,100100,500000,185,1433,1315000,9050000,15.7,Low Risk
CUST103986,Bank of Baroda,SME,8,49,336200,750000,150,998,6509000,16630000,30.3,Low Risk
CUST103987,IndusInd Bank,Mass Retail,6,12,22400,75000,88,242,523000,1840000,35.2,Low Risk
CUST103988,HDFC Bank,Affluent,4,21,67700,400000,100,484,1371000,8910000,17.8,Low Risk
CUST103989,Bank of India,Mass Retail,8,12,15400,75000,157,267,270000,1760000,37.8,Low Risk
CUST103990,Kotak Mahindra Bank,Business,4,82,1281900,2500000,91,1937,23216000,56770000,28.0,Low Risk
CUST103991,Indian Bank,Mass Retail,1,8,3200,25000,30,196,52000,540000,12.4,Low Risk
CUST103992,Bank of India,Mass Retail,12,12,32600,25000,303,291,811000,580000,120.5,High Risk
CUST103993,Indian Bank,Premium,3,23,104700,500000,73,589,2370000,11880000,17.0,Low Risk
CUST103994,ICICI Bank,Mass Retail,9,10,36000,50000,213,218,624000,980000,79.4,Medium Risk
CUST103995,State Bank of India,Affluent,6,20,57100,150000,109,409,812000,3050000,30.7,Low Risk
CUST103996,Union Bank of India,Affluent,1,13,43400,400000,31,297,608000,7830000,9.3,Low Risk
CUST103997,State Bank of India,Mass Retail,3,6,5800,100000,65,119,119000,2120000,26.5,Low Risk
CUST103998,Union Bank of India,Mass Retail,9,9,32700,40000,183,189,786000,970000,89.0,Medium Risk
CUST103999,IndusInd Bank,Affluent,3,13,79900,300000,40,266,1264000,6120000,21.8,Low Risk
CUST104000,State Bank of India,Mass Retail,3,6,6600,40000,55,131,118000,820000,28.6,Low Risk
CUST104001,IndusInd Bank,Affluent,4,18,9700,200000,69,356,236000,4800000,11.8,Low Risk
CUST104002,Indian Bank,Business,14,82,121500,500000,277,1576,2724000,10800000,21.4,Low Risk
CUST104003,Federal Bank,Premium,25,23,239600,300000,645,543,4699000,6520000,92.7,High Risk
CUST104004,IDFC First Bank,Mass Retail,12,12,17100,25000,375,279,537000,600000,95.7,High Risk
CUST104005,Punjab National Bank,Mass Retail,2,10,4500,25000,46,240,96000,540000,18.7,Low Risk
CUST104006,ICICI Bank,Mass Retail,4,8,5100,75000,66,189,103000,1710000,22.3,Low Risk
CUST104007,Union Bank of India,Mass Retail,8,8,64900,75000,185,158,1577000,1390000,103.7,High Risk
CUST104008,HDFC Bank,Mass Retail,3,12,47700,100000,69,252,728000,1930000,35.5,Low Risk
CUST104009,Federal Bank,Premium,6,28,13000,500000,97,557,178000,10420000,9.8,Low Risk
CUST104010,Yes Bank,Mass Retail,7,7,52700,75000,177,174,1172000,1610000,84.5,Medium Risk
CUST104011,IDFC First Bank,Mass Retail,3,11,9400,75000,80,267,213000,1860000,19.3,Low Risk
CUST104012,Bank of Baroda,Mass Retail,1,8,6900,40000,29,163,126000,990000,15.0,Low Risk
CUST104013,Bank of India,Premium,4,22,80700,300000,83,471,1951000,7190000,23.0,Low Risk
CUST104014,Yes Bank,Mass Retail,1,7,66600,100000,24,180,1085000,2020000,39.8,Low Risk
CUST104015,Punjab National Bank,Affluent,3,20,27000,200000,61,463,600000,4950000,13.4,Low Risk
CUST104016,Bank of India,Mass Retail,5,9,1400,40000,121,221,26000,910000,26.4,Low Risk
CUST104017,Kotak Mahindra Bank,Business,18,66,274000,2500000,271,1376,5195000,51880000,16.2,Low Risk
CUST104018,Punjab National Bank,Business,35,88,385600,1000000,713,1801,6794000,22910000,36.9,Low Risk
CUST104019,Axis Bank,Mass Retail,5,10,23300,25000,150,245,594000,450000,87.4,Medium Risk
CUST104020,Bank of India,Mass Retail,4,11,18600,75000,107,262,323000,1430000,30.4,Low Risk
CUST104021,Federal Bank,Mass Retail,1,13,6800,40000,25,309,159000,950000,13.0,Low Risk
CUST104022,Federal Bank,Mass Retail,3,7,6200,25000,54,160,111000,560000,29.5,Low Risk
CUST104023,Yes Bank,Premium,4,29,150500,1000000,77,665,2136000,20550000,12.7,Low Risk
CUST104024,Punjab National Bank,Business,20,64,583100,5000000,516,1546,11839000,107520000,20.5,Low Risk
CUST104025,HDFC Bank,Premium,3,20,60300,300000,51,418,1242000,7300000,16.3,Low Risk
CUST104026,Yes Bank,Business,6,47,529500,5000000,133,1009,8605000,112110000,11.0,Low Risk
CUST104027,Punjab National Bank,Mass Retail,1,11,32400,75000,37,276,439000,1560000,24.7,Low Risk
CUST104028,Kotak Mahindra Bank,Mass Retail,1,11,31300,50000,20,233,559000,940000,38.1,Low Risk
CUST104029,State Bank of India,Premium,8,34,212400,500000,196,776,4081000,10030000,34.0,Low Risk
CUST104030,Union Bank of India,Mass Retail,4,8,10400,100000,68,191,188000,2480000,24.0,Low Risk
CUST104031,Federal Bank,Premium,16,34,154300,1000000,350,884,2215000,21060000,26.4,Low Risk
CUST104032,Kotak Mahindra Bank,Mass Retail,2,11,6600,40000,51,243,131000,850000,17.3,Low Risk
CUST104033,State Bank of India,Mass Retail,10,10,47300,50000,247,220,955000,1070000,98.2,High Risk
CUST104034,Yes Bank,SME,17,47,530300,1500000,400,1170,12121000,36280000,34.4,Low Risk
CUST104035,Bank of India,Mass Retail,0,6,9900,75000,3,148,185000,1670000,7.2,Low Risk
CUST104036,Yes Bank,SME,23,52,34800,400000,572,1254,549000,9140000,24.0,Low Risk
CUST104037,Kotak Mahindra Bank,SME,22,30,133800,750000,481,667,2462000,15540000,41.4,Low-Medium Risk
CUST104038,IndusInd Bank,Premium,11,34,229800,1000000,193,723,3868000,18200000,25.3,Low Risk
CUST104039,IndusInd Bank,Premium,36,30,612200,1000000,833,698,25758000,24520000,99.1,High Risk
CUST104040,Yes Bank,Affluent,3,14,33400,150000,76,352,550000,3700000,19.8,Low Risk
CUST104041,Bank of India,Business,47,41,4185300,5000000,964,1033,85492000,123220000,88.6,Medium Risk
CUST104042,Yes Bank,Mass Retail,7,11,8500,25000,113,217,222000,620000,45.1,Low-Medium Risk
CUST104043,Axis Bank,Affluent,4,13,110000,200000,86,286,2475000,4740000,43.4,Low-Medium Risk
CUST104044,Axis Bank,Affluent,5,21,30800,300000,96,467,517000,6840000,14.9,Low Risk
CUST104045,State Bank of India,Mass Retail,2,9,12600,40000,41,233,205000,960000,23.6,Low Risk
CUST104046,Canara Bank,Affluent,1,20,7700,100000,10,475,136000,2220000,5.5,Low Risk
CUST104047,IndusInd Bank,Mass Retail,1,10,6800,25000,10,219,95000,470000,16.5,Low Risk
CUST104048,Union Bank of India,Affluent,19,16,250800,200000,345,307,4802000,4150000,118.3,High Risk
CUST104049,Federal Bank,Business,64,63,670300,1000000,1697,1446,25254000,24800000,95.5,High Risk
CUST104050,Bank of India,Mass Retail,10,13,64300,75000,270,256,1647000,1530000,94.4,High Risk
CUST104051,Union Bank of India,SME,6,45,273500,750000,153,1118,6845000,18060000,26.7,Low Risk
CUST104052,State Bank of India,Premium,2,20,39900,750000,53,485,754000,13990000,7.4,Low Risk
CUST104053,Bank of Baroda,Business,11,52,297400,5000000,191,1156,5367000,101700000,11.4,Low Risk
CUST104054,Bank of Baroda,Affluent,3,12,31000,100000,61,264,641000,2050000,27.9,Low Risk
CUST104055,Yes Bank,Premium,3,25,117400,500000,72,632,1931000,9180000,17.4,Low Risk
CUST104056,Bank of India,Mass Retail,2,9,11900,40000,31,189,184000,750000,23.8,Low Risk
CUST104057,Federal Bank,Business,19,65,296700,500000,312,1348,4870000,9680000,42.0,Low-Medium Risk
CUST104058,IndusInd Bank,Mass Retail,12,13,22000,25000,283,332,563000,600000,89.9,Medium Risk
CUST104059,State Bank of India,Business,31,54,2412000,2500000,679,1332,44195000,46110000,77.5,Medium Risk
CUST104060,Indian Bank,SME,1,45,135500,400000,23,1113,1991000,8040000,17.4,Low Risk
CUST104061,State Bank of India,Mass Retail,12,11,44000,75000,218,224,1148000,1360000,85.4,Medium Risk
CUST104062,Union Bank of India,Mass Retail,3,7,37300,100000,69,140,712000,2290000,39.3,Low Risk
CUST104063,Indian Bank,Premium,3,27,137100,500000,65,518,2600000,11170000,19.3,Low Risk
CUST104064,Federal Bank,Mass Retail,6,7,31500,50000,133,145,1079000,1130000,83.4,Medium Risk
CUST104065,HDFC Bank,Business,19,86,347800,2500000,327,2100,5579000,51550000,15.4,Low Risk
CUST104066,IDFC First Bank,Mass Retail,10,12,21600,25000,275,248,577000,490000,99.8,High Risk
CUST104067,Yes Bank,Mass Retail,1,7,5300,75000,17,169,124000,1730000,9.2,Low Risk
CUST104068,State Bank of India,SME,34,44,88600,750000,848,914,1746000,17760000,43.6,Low-Medium Risk
CUST104069,HDFC Bank,Premium,40,33,642900,500000,818,718,13630000,9490000,128.1,High Risk
CUST104070,Union Bank of India,Business,34,77,88900,1000000,715,1993,1581000,21410000,22.1,Low Risk
CUST104071,Union Bank of India,Mass Retail,6,11,16500,25000,112,228,262000,490000,56.2,Low-Medium Risk
CUST104072,Punjab National Bank,Premium,12,33,9900,300000,263,714,179000,5750000,17.7,Low Risk
CUST104073,Union Bank of India,Affluent,5,21,39800,300000,111,443,759000,6940000,17.5,Low Risk
CUST104074,Punjab National Bank,Affluent,9,12,16100,150000,126,237,253000,3270000,33.5,Low Risk
CUST104075,Punjab National Bank,Premium,24,27,365800,500000,580,606,7885000,9760000,83.8,Medium Risk
CUST104076,Punjab National Bank,Affluent,5,21,28700,150000,84,455,601000,3030000,20.2,Low Risk
CUST104077,Union Bank of India,Affluent,15,15,111900,100000,445,358,2918000,2480000,113.7,High Risk
CUST104078,Federal Bank,Mass Retail,1,12,9200,75000,30,297,215000,1800000,10.7,Low Risk
CUST104079,Kotak Mahindra Bank,Premium,13,30,196500,500000,308,684,4343000,12080000,40.4,Low-Medium Risk
CUST104080,Union Bank of India,Mass Retail,2,13,6400,25000,35,250,115000,530000,19.8,Low Risk
CUST104081,IndusInd Bank,Premium,13,31,142700,300000,236,723,3239000,6710000,43.4,Low-Medium Risk
CUST104082,Indian Bank,Mass Retail,1,8,24200,100000,15,155,339000,2060000,16.0,Low Risk
CUST104083,Federal Bank,Affluent,3,17,10400,150000,74,396,189000,2780000,12.1,Low Risk
CUST104084,State Bank of India,Premium,3,27,146500,500000,77,642,2183000,10400000,19.1,Low Risk
CUST104085,Canara Bank,Mass Retail,1,11,14600,75000,22,224,222000,1660000,13.1,Low Risk
CUST104086,Union Bank of India,Mass Retail,2,12,5300,50000,43,297,96000,1000000,12.7,Low Risk
CUST104087,Indian Bank,Mass Retail,11,12,43100,50000,334,305,813000,1200000,87.6,Medium Risk
CUST104088,ICICI Bank,Affluent,24,19,57200,100000,448,469,1921000,1910000,93.1,High Risk
CUST104089,Yes Bank,Business,15,72,50400,1000000,323,1522,1000000,20570000,12.0,Low Risk
CUST104090,HDFC Bank,Mass Retail,0,6,4400,75000,8,139,72000,1420000,4.4,Low Risk
CUST104091,ICICI Bank,Premium,10,33,62500,1000000,189,838,1006000,20830000,14.7,Low Risk
CUST104092,IndusInd Bank,Mass Retail,12,11,99800,75000,268,234,1427000,1370000,115.6,High Risk
CUST104093,Bank of Baroda,Affluent,6,16,45100,300000,126,396,820000,5970000,23.5,Low Risk
CUST104094,IndusInd Bank,SME,6,25,123600,400000,115,477,2406000,8320000,27.4,Low Risk
CUST104095,Indian Bank,Mass Retail,2,6,9700,75000,33,114,193000,1600000,20.6,Low Risk
CUST104096,Canara Bank,Affluent,2,14,6600,200000,34,340,140000,4360000,7.0,Low Risk
CUST104097,Union Bank of India,Mass Retail,3,12,9100,50000,77,292,128000,1000000,19.9,Low Risk
CUST104098,Punjab National Bank,Mass Retail,1,11,700,40000,30,270,13000,870000,5.2,Low Risk
CUST104099,Bank of India,Mass Retail,4,10,11400,75000,89,255,226000,1620000,24.6,Low Risk
CUST104100,Punjab National Bank,Mass Retail,1,7,15000,50000,13,139,206000,1010000,19.1,Low Risk
CUST104101,Canara Bank,Affluent,5,13,32000,100000,86,268,610000,2380000,31.6,Low Risk
CUST104102,Indian Bank,Affluent,4,14,55900,150000,117,355,1229000,3270000,34.6,Low Risk
CUST104103,State Bank of India,Affluent,15,17,66400,100000,347,344,1288000,2030000,77.7,Medium Risk
CUST104104,Yes Bank,Mass Retail,1,8,74500,100000,20,190,1530000,2460000,43.1,Low-Medium Risk
CUST104105,Indian Bank,Mass Retail,6,12,65500,50000,167,273,1687000,1200000,100.6,High Risk
CUST104106,ICICI Bank,Premium,10,33,73900,300000,194,646,1311000,7460000,25.2,Low Risk
CUST104107,Bank of Baroda,SME,4,45,68900,200000,92,945,1514000,4570000,22.9,Low Risk
CUST104108,IndusInd Bank,Mass Retail,1,9,5000,75000,12,204,71000,1550000,7.1,Low Risk
CUST104109,State Bank of India,Business,21,71,3575700,5000000,454,1773,61252000,99830000,49.6,Low-Medium Risk
CUST104110,Yes Bank,Affluent,2,18,11200,100000,40,431,211000,2260000,10.0,Low Risk
CUST104111,Canara Bank,Affluent,8,16,23900,150000,143,374,441000,3730000,27.2,Low Risk
CUST104112,Indian Bank,Affluent,6,16,162200,300000,137,360,3765000,6720000,47.5,Low-Medium Risk
CUST104113,HDFC Bank,Mass Retail,4,9,6000,40000,84,190,122000,970000,27.2,Low Risk
CUST104114,IndusInd Bank,Mass Retail,3,7,8400,50000,41,139,160000,1020000,25.1,Low Risk
CUST104115,Bank of India,Affluent,22,20,91800,100000,581,437,1575000,2080000,100.5,High Risk
CUST104116,Bank of Baroda,Mass Retail,2,13,5500,25000,32,250,104000,610000,17.1,Low Risk
CUST104117,Kotak Mahindra Bank,Business,9,77,609700,2500000,180,1577,13968000,58250000,18.5,Low Risk
CUST104118,Bank of Baroda,Mass Retail,2,6,22300,50000,38,132,432000,1240000,36.0,Low Risk
CUST104119,Punjab National Bank,Mass Retail,1,8,7500,25000,14,175,120000,590000,18.4,Low Risk
CUST104120,Punjab National Bank,Premium,2,21,52800,750000,34,406,839000,15850000,7.3,Low Risk
CUST104121,Yes Bank,Mass Retail,2,12,7500,40000,28,277,158000,870000,16.3,Low Risk
CUST104122,Indian Bank,Affluent,1,18,55400,300000,23,411,1111000,7290000,11.9,Low Risk
CUST104123,State Bank of India,Premium,9,25,156500,750000,182,489,2337000,16400000,25.9,Low Risk
CUST104124,Axis Bank,Business,7,57,137000,500000,121,1459,2286000,9890000,18.4,Low Risk
CUST104125,HDFC Bank,Premium,2,34,126000,750000,45,670,2207000,15790000,11.5,Low Risk
CUST104126,IDFC First Bank,Premium,4,23,106000,300000,78,575,2269000,6480000,26.4,Low Risk
CUST104127,Yes Bank,Premium,2,32,57300,300000,27,608,876000,5600000,12.0,Low Risk
CUST104128,IndusInd Bank,SME,48,44,46700,1500000,1045,1108,962000,34810000,46.3,Low-Medium Risk
CUST104129,Federal Bank,Mass Retail,2,13,15700,75000,30,249,290000,1410000,17.7,Low Risk
CUST104130,Canara Bank,Mass Retail,2,9,43800,100000,60,219,856000,2080000,34.6,Low Risk
CUST104131,Bank of Baroda,Mass Retail,1,7,27900,75000,14,151,591000,1770000,24.7,Low Risk
CUST104132,Kotak Mahindra Bank,Mass Retail,8,7,46300,75000,211,169,1210000,1600000,91.2,High Risk
CUST104133,ICICI Bank,Premium,1,30,81300,500000,16,654,1331000,11950000,8.7,Low Risk
CUST104134,Union Bank of India,Affluent,2,14,58300,200000,31,273,799000,4080000,19.2,Low Risk
CUST104135,IndusInd Bank,Affluent,0,15,12700,150000,5,366,206000,3710000,4.1,Low Risk
CUST104136,IDFC First Bank,Mass Retail,13,11,98900,100000,211,214,2238000,1950000,107.7,High Risk
CUST104137,IDFC First Bank,Premium,8,28,234800,500000,183,713,3167000,9130000,35.1,Low Risk
CUST104138,Bank of India,Mass Retail,1,11,24600,100000,18,213,596000,2410000,17.7,Low Risk
CUST104139,Federal Bank,Premium,1,23,118100,750000,16,514,1959000,17450000,9.1,Low Risk
CUST104140,IndusInd Bank,Affluent,3,18,33600,150000,66,433,616000,2940000,19.1,Low Risk
CUST104141,Union Bank of India,Mass Retail,0,9,43100,100000,4,196,905000,2490000,22.6,Low Risk
CUST104142,IDFC First Bank,Mass Retail,11,9,64700,75000,237,185,1650000,1610000,107.6,High Risk
CUST104143,Indian Bank,Mass Retail,3,8,14600,100000,66,195,332000,2470000,23.7,Low Risk
CUST104144,Bank of India,Business,7,55,109700,500000,157,1347,1640000,10770000,15.9,Low Risk
CUST104145,Kotak Mahindra Bank,Business,9,53,147600,1500000,224,1349,3052000,31950000,13.1,Low Risk
CUST104146,IDFC First Bank,Affluent,4,13,107200,200000,81,281,2327000,4230000,43.7,Low-Medium Risk
CUST104147,Union Bank of India,Mass Retail,1,12,6200,40000,24,271,123000,810000,12.4,Low Risk
CUST104148,Bank of India,Mass Retail,1,8,30600,75000,13,172,647000,1630000,27.1,Low Risk
CUST104149,Federal Bank,Premium,5,26,81500,300000,96,541,1524000,6350000,22.4,Low Risk
CUST104150,ICICI Bank,Premium,6,29,229100,500000,142,703,4327000,9130000,35.1,Low Risk
CUST104151,IndusInd Bank,Mass Retail,3,8,5600,40000,55,171,105000,790000,23.0,Low Risk
CUST104152,Indian Bank,Mass Retail,13,13,31200,50000,317,286,722000,970000,84.5,Medium Risk
CUST104153,HDFC Bank,Premium,14,26,336700,750000,329,567,8306000,18050000,50.1,Low-Medium Risk
CUST104154,IDFC First Bank,Mass Retail,6,6,22500,25000,131,144,524000,550000,93.8,High Risk
CUST104155,Yes Bank,Mass Retail,2,12,17300,25000,48,305,312000,580000,41.7,Low-Medium Risk
CUST104156,Yes Bank,Mass Retail,2,11,30600,40000,62,260,666000,990000,49.3,Low-Medium Risk
CUST104157,Bank of India,Affluent,4,18,51700,200000,103,401,787000,4500000,22.6,Low Risk
CUST104158,Yes Bank,Business,16,84,46500,500000,435,2054,1030000,12440000,13.6,Low Risk
CUST104159,Bank of India,SME,19,34,45700,400000,350,799,661000,8070000,27.3,Low Risk
CUST104160,Indian Bank,Affluent,19,21,115600,150000,544,408,1929000,2900000,89.4,Medium Risk
CUST104161,Union Bank of India,Affluent,21,17,393200,400000,330,334,10684000,8330000,112.3,High Risk
CUST104162,State Bank of India,Mass Retail,0,11,7300,25000,3,212,157000,530000,16.7,Low Risk
CUST104163,State Bank of India,Affluent,23,20,51400,400000,504,444,990000,9710000,56.8,Low-Medium Risk
CUST104164,HDFC Bank,Mass Retail,5,10,16500,100000,126,248,236000,2190000,29.8,Low Risk
CUST104165,Axis Bank,Affluent,8,20,216100,200000,301,424,5476000,4010000,93.0,High Risk
CUST104166,IndusInd Bank,Mass Retail,4,12,6400,25000,78,260,110000,580000,26.5,Low Risk
CUST104167,HDFC Bank,Mass Retail,12,13,30200,50000,401,330,984000,1080000,89.4,Medium Risk
CUST104168,Canara Bank,Mass Retail,1,7,5900,40000,31,174,99000,770000,14.9,Low Risk
CUST104169,Canara Bank,Mass Retail,13,11,22500,25000,307,260,544000,550000,104.8,High Risk
CUST104170,ICICI Bank,Mass Retail,1,8,7100,50000,23,167,155000,1220000,13.3,Low Risk
CUST104171,Canara Bank,Mass Retail,2,11,6700,50000,40,218,135000,1190000,14.6,Low Risk
CUST104172,ICICI Bank,SME,18,50,43100,200000,342,956,642000,4420000,26.2,Low Risk
CUST104173,Kotak Mahindra Bank,Affluent,16,17,218900,300000,316,336,4228000,6190000,80.8,Medium Risk
CUST104174,IDFC First Bank,Affluent,2,14,81800,200000,49,295,1319000,3720000,28.1,Low Risk
CUST104175,Union Bank of India,Business,23,87,309700,2500000,462,1989,6667000,53220000,17.8,Low Risk
CUST104176,Punjab National Bank,SME,29,49,58800,750000,548,953,1207000,17450000,29.9,Low Risk
CUST104177,Kotak Mahindra Bank,Affluent,11,12,175400,200000,226,239,3834000,4100000,92.1,High Risk
CUST104178,HDFC Bank,Business,15,46,2085800,5000000,213,932,38838000,98240000,35.3,Low Risk
CUST104179,HDFC Bank,Mass Retail,1,12,5100,50000,18,281,130000,1230000,9.0,Low Risk
CUST104180,Kotak Mahindra Bank,Mass Retail,11,10,20700,25000,266,233,489000,590000,95.8,High Risk
CUST104181,ICICI Bank,Mass Retail,1,8,11200,40000,22,183,252000,900000,21.0,Low Risk
CUST104182,Federal Bank,Premium,6,27,195800,500000,120,560,2496000,9480000,27.7,Low Risk
CUST104183,State Bank of India,Premium,3,31,140100,500000,43,670,2290000,9510000,18.1,Low Risk
CUST104184,ICICI Bank,Mass Retail,11,10,36300,40000,174,197,761000,750000,97.3,High Risk
CUST104185,Bank of Baroda,Mass Retail,1,7,9800,40000,17,144,217000,890000,19.2,Low Risk
CUST104186,Indian Bank,Affluent,1,14,22200,300000,11,354,284000,5640000,5.6,Low Risk
CUST104187,Kotak Mahindra Bank,Mass Retail,5,6,68000,75000,143,155,1539000,1790000,88.1,Medium Risk
CUST104188,Bank of India,Affluent,2,16,10200,200000,54,377,214000,4990000,8.2,Low Risk
CUST104189,Bank of India,Premium,33,33,634400,750000,800,839,13360000,15420000,91.1,High Risk
CUST104190,HDFC Bank,Premium,5,34,77100,500000,89,799,1497000,10590000,13.8,Low Risk
CUST104191,State Bank of India,Premium,1,21,66500,300000,10,404,1020000,6890000,11.9,Low Risk
CUST104192,Union Bank of India,Business,7,61,60000,1500000,161,1585,1011000,36840000,6.6,Low Risk
CUST104193,Indian Bank,Affluent,4,12,74400,300000,71,236,1722000,7280000,27.6,Low Risk
CUST104194,Punjab National Bank,Premium,1,22,182500,500000,28,523,2430000,9200000,19.6,Low Risk
CUST104195,Axis Bank,Affluent,6,20,28700,100000,107,415,545000,1920000,28.3,Low Risk
CUST104196,Punjab National Bank,Mass Retail,7,12,87600,75000,146,261,2092000,1750000,91.4,High Risk
CUST104197,Union Bank of India,Mass Retail,1,6,8600,100000,16,141,205000,2280000,11.2,Low Risk
CUST104198,Indian Bank,Mass Retail,7,6,73100,100000,149,132,1933000,1890000,99.6,High Risk
CUST104199,HDFC Bank,Affluent,3,19,16400,100000,50,394,322000,2150000,15.1,Low Risk
CUST104200,Punjab National Bank,Affluent,5,21,64400,100000,94,448,1247000,2350000,42.7,Low-Medium Risk
CUST104201,Canara Bank,Business,75,84,443900,500000,1950,1797,6266000,9770000,86.4,Medium Risk
CUST104202,Bank of Baroda,Mass Retail,1,12,6700,25000,29,309,123000,600000,16.9,Low Risk
CUST104203,Indian Bank,Mass Retail,5,6,82500,100000,168,148,1847000,1840000,94.3,High Risk
CUST104204,IDFC First Bank,SME,3,48,55500,200000,75,1066,1282000,4700000,18.3,Low Risk
CUST104205,Federal Bank,Mass Retail,2,9,9400,75000,28,184,173000,1670000,14.6,Low Risk
CUST104206,Bank of India,Affluent,4,21,111900,300000,78,518,2110000,6060000,27.6,Low Risk
CUST104207,IndusInd Bank,Affluent,2,19,108200,200000,32,382,2600000,4610000,35.0,Low Risk
CUST104208,State Bank of India,Affluent,5,17,38900,300000,93,348,781000,7040000,19.0,Low Risk
CUST104209,IDFC First Bank,Mass Retail,1,8,7800,100000,12,172,162000,2450000,8.4,Low Risk
CUST104210,ICICI Bank,Mass Retail,4,13,14500,40000,69,327,232000,820000,29.4,Low Risk
CUST104211,HDFC Bank,Mass Retail,2,8,28900,50000,30,159,588000,1140000,40.5,Low-Medium Risk
CUST104212,Canara Bank,Affluent,17,16,370200,400000,325,318,6753000,8890000,93.1,High Risk
CUST104213,Canara Bank,Affluent,14,17,267700,400000,387,382,6945000,8670000,81.4,Medium Risk
CUST104214,Union Bank of India,Mass Retail,3,9,15300,40000,42,188,353000,970000,32.8,Low Risk
CUST104215,IndusInd Bank,Affluent,2,15,55600,400000,48,345,899000,7210000,13.2,Low Risk
CUST104216,HDFC Bank,Business,24,87,257000,2500000,538,1928,4296000,49940000,17.6,Low Risk
CUST104217,Yes Bank,Mass Retail,2,10,3700,25000,35,220,67000,540000,15.5,Low Risk
CUST104218,Union Bank of India,Affluent,3,20,57800,200000,39,396,919000,3850000,20.3,Low Risk
CUST104219,Bank of India,Premium,24,21,288000,300000,502,420,8623000,7310000,111.4,High Risk
CUST104220,HDFC Bank,Mass Retail,0,12,19500,100000,8,297,380000,2250000,11.0,Low Risk
CUST104221,Canara Bank,Mass Retail,2,9,6000,75000,50,227,127000,1600000,14.2,Low Risk
CUST104222,Axis Bank,Affluent,13,15,87900,100000,309,310,1857000,2370000,87.6,Medium Risk
CUST104223,Indian Bank,Business,3,59,131600,500000,49,1168,2564000,10580000,16.0,Low Risk
CUST104224,Kotak Mahindra Bank,Business,35,40,195900,1000000,826,775,4034000,21910000,53.5,Low-Medium Risk
CUST104225,HDFC Bank,Affluent,0,14,35800,400000,7,326,438000,7210000,4.6,Low Risk
CUST104226,Union Bank of India,Premium,7,26,74900,300000,143,624,1459000,6170000,24.7,Low Risk
CUST104227,Punjab National Bank,Mass Retail,12,11,37700,50000,254,238,713000,950000,89.5,Medium Risk
CUST104228,IndusInd Bank,Affluent,8,18,37000,300000,187,428,673000,6850000,25.5,Low Risk
CUST104229,HDFC Bank,Affluent,5,14,34200,200000,93,336,622000,4270000,23.0,Low Risk
CUST104230,Kotak Mahindra Bank,Mass Retail,3,8,25500,75000,54,204,472000,1510000,32.3,Low Risk
CUST104231,Axis Bank,Premium,8,31,184900,750000,122,603,3315000,15960000,23.0,Low Risk
CUST104232,HDFC Bank,Affluent,5,13,11500,100000,98,264,198000,1950000,22.7,Low Risk
CUST104233,Axis Bank,Mass Retail,3,9,17500,40000,45,175,302000,980000,34.0,Low Risk
CUST104234,Bank of India,Business,14,59,376500,1500000,295,1479,4968000,27570000,21.7,Low Risk
CUST104235,Axis Bank,Mass Retail,5,12,7400,40000,87,295,119000,960000,24.0,Low Risk
CUST104236,Yes Bank,Mass Retail,1,12,42500,100000,17,276,770000,2160000,24.9,Low Risk
CUST104237,Axis Bank,Mass Retail,1,6,3000,25000,10,118,50000,560000,11.4,Low Risk
CUST104238,Kotak Mahindra Bank,Premium,4,23,119100,300000,77,481,2356000,6040000,29.4,Low Risk
CUST104239,IDFC First Bank,Premium,10,34,119400,750000,195,717,2780000,18580000,21.0,Low Risk
CUST104240,Canara Bank,Mass Retail,1,10,9900,40000,22,229,148000,800000,16.4,Low Risk
CUST104241,IDFC First Bank,Premium,14,29,47100,500000,267,603,998000,11060000,25.3,Low Risk
CUST104242,State Bank of India,Mass Retail,0,8,4400,40000,5,156,94000,1000000,6.3,Low Risk
CUST104243,Indian Bank,Premium,4,27,226100,1000000,90,651,3579000,24170000,17.0,Low Risk
CUST104244,Union Bank of India,Affluent,5,16,38300,200000,84,337,762000,4350000,22.7,Low Risk
CUST104245,IndusInd Bank,Mass Retail,4,13,87400,75000,160,288,1942000,1870000,81.0,Medium Risk
CUST104246,IDFC First Bank,SME,10,38,225100,1500000,160,756,5309000,34360000,18.7,Low Risk
CUST104247,State Bank of India,Mass Retail,0,13,9600,75000,4,320,163000,1460000,6.9,Low Risk
CUST104248,Kotak Mahindra Bank,Mass Retail,3,12,2600,25000,52,276,42000,520000,14.7,Low Risk
CUST104249,ICICI Bank,Affluent,3,18,14300,100000,63,456,252000,2030000,14.1,Low Risk
CUST104250,Canara Bank,SME,5,26,35600,200000,111,584,603000,4080000,17.6,Low Risk
CUST104251,IDFC First Bank,Mass Retail,5,9,27200,100000,124,230,443000,2330000,37.1,Low Risk
CUST104252,Canara Bank,Mass Retail,4,10,4600,40000,91,252,68000,880000,22.3,Low Risk
CUST104253,Punjab National Bank,Mass Retail,10,9,19300,25000,238,207,363000,460000,93.4,High Risk
CUST104254,Union Bank of India,Affluent,3,16,56300,200000,50,409,1108000,4830000,21.1,Low Risk
CUST104255,Axis Bank,Mass Retail,6,9,70800,75000,134,191,2177000,1510000,96.8,High Risk
CUST104256,HDFC Bank,Premium,8,22,143900,300000,159,474,2548000,7490000,38.4,Low Risk
CUST104257,Union Bank of India,SME,11,27,42600,400000,194,522,806000,9870000,22.5,Low Risk
CUST104258,ICICI Bank,Affluent,4,20,32200,100000,75,462,553000,2460000,23.0,Low Risk
CUST104259,Indian Bank,Mass Retail,2,11,4300,100000,38,265,104000,2370000,9.3,Low Risk
CUST104260,IDFC First Bank,Mass Retail,4,8,19500,75000,95,195,302000,1470000,34.9,Low Risk
CUST104261,IndusInd Bank,Mass Retail,12,11,90600,75000,230,221,1999000,1630000,115.2,High Risk
CUST104262,Bank of India,Business,27,75,91000,1000000,555,1658,1484000,19570000,19.9,Low Risk
CUST104263,IndusInd Bank,Mass Retail,1,7,7000,75000,18,142,108000,1490000,10.4,Low Risk
CUST104264,ICICI Bank,Mass Retail,4,13,23000,100000,78,307,477000,2230000,24.6,Low Risk
CUST104265,Bank of India,Premium,8,29,101500,500000,141,583,1253000,9140000,21.0,Low Risk
CUST104266,Punjab National Bank,Affluent,2,20,27800,100000,51,507,490000,2480000,17.8,Low Risk
CUST104267,IDFC First Bank,Affluent,2,13,12900,150000,26,268,246000,3660000,10.0,Low Risk
CUST104268,HDFC Bank,Mass Retail,2,8,2800,100000,29,168,52000,2070000,10.9,Low Risk
CUST104269,Indian Bank,Business,24,70,1210300,5000000,479,1747,23167000,108040000,26.0,Low Risk
CUST104270,Federal Bank,SME,7,39,128900,750000,125,866,2026000,15950000,15.4,Low Risk
CUST104271,Axis Bank,Affluent,15,14,164500,200000,306,268,3647000,4840000,92.6,High Risk
CUST104272,Punjab National Bank,SME,31,33,152500,200000,675,741,4426000,4560000,89.1,Medium Risk
CUST104273,Kotak Mahindra Bank,Mass Retail,3,10,24900,50000,59,196,498000,1000000,41.2,Low-Medium Risk
CUST104274,Punjab National Bank,Affluent,0,15,21700,100000,9,388,306000,2110000,10.8,Low Risk
CUST104275,Punjab National Bank,Affluent,17,19,50000,300000,401,439,1373000,6300000,50.5,Low-Medium Risk
CUST104276,Bank of Baroda,Affluent,4,15,122400,300000,82,312,2109000,7410000,31.0,Low Risk
CUST104277,Union Bank of India,Mass Retail,7,13,11000,40000,125,298,194000,770000,36.0,Low Risk
CUST104278,Bank of India,Mass Retail,2,6,13300,50000,29,117,200000,930000,26.5,Low Risk
CUST104279,Bank of India,Mass Retail,2,9,4900,40000,27,221,92000,970000,13.4,Low Risk
CUST104280,HDFC Bank,Mass Retail,12,13,67600,75000,432,331,1123000,1820000,91.6,High Risk
CUST104281,HDFC Bank,Mass Retail,1,12,10100,40000,32,301,183000,960000,16.5,Low Risk
CUST104282,Federal Bank,Premium,11,20,979400,1000000,292,428,25944000,21580000,88.1,Medium Risk
CUST104283,Bank of Baroda,Mass Retail,1,11,18100,75000,18,234,371000,1700000,16.6,Low Risk
CUST104284,IndusInd Bank,Mass Retail,4,7,35200,100000,75,135,728000,2190000,43.9,Low-Medium Risk
CUST104285,Bank of Baroda,Affluent,18,16,196000,150000,394,377,3075000,2770000,115.5,High Risk
CUST104286,ICICI Bank,Affluent,18,15,173100,300000,314,341,6623000,6650000,90.9,High Risk
CUST104287,Punjab National Bank,Business,28,80,225500,1500000,528,1777,3056000,27140000,21.6,Low Risk
CUST104288,HDFC Bank,Affluent,10,20,50100,300000,196,507,1021000,6080000,29.1,Low Risk
CUST104289,Axis Bank,Mass Retail,2,12,24800,50000,31,242,534000,1230000,32.6,Low Risk
CUST104290,Punjab National Bank,Business,4,40,436100,1000000,69,763,6732000,20130000,25.7,Low Risk
CUST104291,Federal Bank,Affluent,2,12,36400,100000,35,234,711000,2460000,25.2,Low Risk
CUST104292,Axis Bank,Mass Retail,3,13,1300,40000,68,267,20000,790000,12.2,Low Risk
CUST104293,State Bank of India,Affluent,11,17,21700,150000,149,327,317000,3030000,31.1,Low Risk
CUST104294,IndusInd Bank,Business,15,61,58600,500000,316,1374,1285000,11200000,17.0,Low Risk
CUST104295,Kotak Mahindra Bank,Mass Retail,3,9,20700,50000,54,191,321000,1170000,32.5,Low Risk
CUST104296,HDFC Bank,Mass Retail,3,6,12500,40000,55,122,222000,860000,36.9,Low Risk
CUST104297,IDFC First Bank,Mass Retail,2,8,26400,100000,39,194,473000,2420000,22.8,Low Risk
CUST104298,Axis Bank,Mass Retail,3,8,2200,40000,61,163,32000,730000,19.3,Low Risk
CUST104299,Axis Bank,Affluent,5,18,103000,200000,116,429,2175000,4890000,39.0,Low Risk
CUST104300,Federal Bank,Affluent,7,21,11900,100000,168,450,176000,1940000,21.3,Low Risk
CUST104301,HDFC Bank,Mass Retail,2,12,21500,75000,35,271,383000,1810000,20.6,Low Risk
CUST104302,IDFC First Bank,SME,22,29,137100,750000,452,741,2991000,15600000,40.5,Low-Medium Risk
CUST104303,IDFC First Bank,Premium,23,23,1136700,1000000,498,443,31211000,23830000,115.2,High Risk
CUST104304,Canara Bank,Affluent,6,15,53900,150000,136,338,1065000,3410000,36.4,Low Risk
CUST104305,Kotak Mahindra Bank,Business,7,63,384500,1000000,160,1574,5404000,19230000,23.1,Low Risk
CUST104306,Federal Bank,Mass Retail,2,10,18800,40000,48,231,307000,980000,30.9,Low Risk
CUST104307,Bank of India,Affluent,9,21,59800,150000,202,440,792000,2960000,38.3,Low Risk
CUST104308,ICICI Bank,Affluent,22,21,78200,100000,389,457,1897000,1970000,90.5,High Risk
CUST104309,Punjab National Bank,Business,24,53,181900,1000000,518,1259,4060000,23700000,28.7,Low Risk
CUST104310,Bank of Baroda,Premium,33,32,532600,750000,771,808,13058000,14060000,89.5,Medium Risk
CUST104311,ICICI Bank,Mass Retail,2,6,15700,40000,37,116,272000,780000,35.0,Low Risk
CUST104312,Federal Bank,SME,2,48,118500,400000,51,936,1701000,8610000,16.0,Low Risk
CUST104313,Canara Bank,Mass Retail,1,6,2800,25000,23,128,44000,600000,12.7,Low Risk
CUST104314,Federal Bank,Business,9,66,906900,5000000,175,1362,15303000,95160000,15.5,Low Risk
CUST104315,Canara Bank,SME,37,41,1052600,1500000,1143,855,34811000,32750000,98.6,High Risk
CUST104316,Axis Bank,Mass Retail,3,12,11100,50000,46,247,234000,1150000,21.4,Low Risk
CUST104317,IDFC First Bank,Premium,7,27,14700,750000,118,550,288000,18020000,11.5,Low Risk
CUST104318,ICICI Bank,Mass Retail,1,9,7300,50000,15,179,126000,1230000,11.2,Low Risk
CUST104319,IDFC First Bank,Mass Retail,13,12,70000,75000,290,306,1492000,1760000,94.5,High Risk
CUST104320,Kotak Mahindra Bank,Affluent,2,18,8900,100000,31,360,174000,2260000,9.2,Low Risk
CUST104321,IndusInd Bank,Affluent,11,20,70600,200000,198,409,1250000,4210000,40.9,Low-Medium Risk
CUST104322,Kotak Mahindra Bank,SME,12,37,309100,750000,188,767,4530000,14090000,33.0,Low Risk
CUST104323,Kotak Mahindra Bank,Premium,7,27,73500,500000,186,689,1225000,11480000,18.9,Low Risk
CUST104324,ICICI Bank,Affluent,2,12,3400,100000,47,291,66000,2490000,8.9,Low Risk
CUST104325,Union Bank of India,Business,26,87,296100,1000000,572,2134,5070000,23160000,27.1,Low Risk
CUST104326,IDFC First Bank,SME,4,54,316300,1500000,53,1066,5927000,27180000,14.7,Low Risk
CUST104327,State Bank of India,Mass Retail,7,6,112300,100000,154,149,3070000,2150000,119.8,High Risk
CUST104328,Yes Bank,SME,39,42,531400,1500000,782,918,12905000,33450000,59.9,Low-Medium Risk
CUST104329,Bank of India,Mass Retail,2,13,30300,75000,31,271,625000,1710000,27.3,Low Risk
CUST104330,Yes Bank,Business,22,81,227200,1000000,425,1865,4323000,23040000,22.8,Low Risk
CUST104331,Union Bank of India,Mass Retail,9,7,49000,50000,203,173,1180000,1100000,111.5,High Risk
CUST104332,Union Bank of India,Mass Retail,0,11,14800,100000,5,269,279000,1960000,8.6,Low Risk
CUST104333,HDFC Bank,Affluent,7,16,88900,300000,180,404,2098000,7380000,35.8,Low Risk
CUST104334,HDFC Bank,Affluent,19,18,97200,300000,436,459,2549000,6860000,63.5,Low-Medium Risk
CUST104335,Canara Bank,Mass Retail,5,11,700,25000,71,227,12000,490000,18.1,Low Risk
CUST104336,Bank of Baroda,Mass Retail,1,9,2600,40000,32,198,44000,810000,9.0,Low Risk
CUST104337,IDFC First Bank,Affluent,3,15,31400,150000,53,287,566000,3670000,18.4,Low Risk
CUST104338,IDFC First Bank,Business,12,42,149600,500000,280,1057,3624000,12110000,28.9,Low Risk
CUST104339,ICICI Bank,Mass Retail,2,6,12300,100000,38,120,230000,2080000,20.7,Low Risk
CUST104340,ICICI Bank,Mass Retail,3,8,8200,40000,75,200,133000,730000,27.4,Low Risk
CUST104341,Indian Bank,Affluent,2,14,21900,100000,28,298,324000,1830000,16.3,Low Risk
CUST104342,Federal Bank,Mass Retail,14,13,43100,40000,376,281,1078000,800000,121.3,High Risk
CUST104343,Bank of Baroda,Business,8,86,618100,1500000,112,1658,10493000,33610000,23.7,Low Risk
CUST104344,Federal Bank,Business,37,80,131300,1000000,708,1703,2278000,22090000,25.8,Low Risk
CUST104345,Kotak Mahindra Bank,Affluent,1,13,23900,100000,27,328,386000,2240000,15.0,Low Risk
CUST104346,Yes Bank,Mass Retail,1,7,8600,25000,18,134,131000,580000,21.9,Low Risk
CUST104347,Bank of India,Premium,1,23,271600,1000000,25,502,4187000,18130000,16.0,Low Risk
CUST104348,State Bank of India,Affluent,3,13,12400,150000,44,250,209000,2810000,13.2,Low Risk
CUST104349,IndusInd Bank,Business,12,40,356900,1000000,205,864,5205000,20520000,29.0,Low Risk
CUST104350,ICICI Bank,Affluent,6,15,19300,150000,131,303,242000,2860000,24.1,Low Risk
CUST104351,Kotak Mahindra Bank,Premium,11,29,56700,750000,218,602,741000,13900000,19.9,Low Risk
CUST104352,Indian Bank,Affluent,8,19,45200,150000,161,478,773000,3370000,31.6,Low Risk
CUST104353,Axis Bank,Mass Retail,4,10,32300,75000,78,221,675000,1780000,39.2,Low Risk
CUST104354,Punjab National Bank,SME,7,51,314400,1500000,133,1067,5675000,34900000,16.1,Low Risk
CUST104355,Union Bank of India,Affluent,12,12,127700,100000,264,278,2855000,2370000,112.3,High Risk
CUST104356,Union Bank of India,Affluent,15,15,81800,100000,323,300,1944000,2270000,92.8,High Risk
CUST104357,ICICI Bank,Mass Retail,4,13,19600,100000,86,271,363000,2310000,23.9,Low Risk
CUST104358,HDFC Bank,Affluent,10,13,92800,300000,307,297,2351000,5970000,59.2,Low-Medium Risk
CUST104359,ICICI Bank,Affluent,5,18,3800,200000,100,372,70000,4990000,12.9,Low Risk
CUST104360,ICICI Bank,Mass Retail,8,7,22100,25000,198,166,602000,480000,110.9,High Risk
CUST104361,Punjab National Bank,Mass Retail,1,6,12900,50000,12,135,179000,980000,18.0,Low Risk
CUST104362,HDFC Bank,Affluent,3,19,5900,200000,74,464,109000,4000000,8.7,Low Risk
CUST104363,Indian Bank,Premium,4,23,306200,750000,91,590,5733000,18620000,27.2,Low Risk
CUST104364,HDFC Bank,Affluent,6,12,229500,400000,115,238,4968000,9970000,51.5,Low-Medium Risk
CUST104365,Canara Bank,Mass Retail,3,10,9900,50000,67,213,240000,1180000,24.6,Low Risk
CUST104366,HDFC Bank,Premium,8,23,57900,300000,174,488,1214000,6720000,26.0,Low Risk
CUST104367,State Bank of India,Mass Retail,1,7,32300,100000,19,140,654000,2160000,23.5,Low Risk
CUST104368,Kotak Mahindra Bank,Affluent,1,19,75300,200000,22,469,1780000,4960000,22.9,Low Risk
CUST104369,Punjab National Bank,Mass Retail,7,11,12200,75000,126,268,244000,1720000,32.8,Low Risk
CUST104370,Union Bank of India,Mass Retail,1,9,8500,25000,31,202,206000,620000,24.5,Low Risk
CUST104371,Punjab National Bank,Mass Retail,12,10,19600,25000,208,228,501000,510000,95.7,High Risk
CUST104372,Federal Bank,Mass Retail,5,13,6900,40000,100,252,127000,810000,26.4,Low Risk
CUST104373,Canara Bank,Mass Retail,14,13,30000,40000,297,298,584000,960000,83.8,Medium Risk
CUST104374,Kotak Mahindra Bank,Mass Retail,7,7,60000,75000,176,172,1139000,1430000,89.2,Medium Risk
CUST104375,Union Bank of India,Affluent,6,12,29000,100000,129,276,683000,2460000,37.3,Low Risk
CUST104376,Kotak Mahindra Bank,Affluent,3,21,50900,400000,61,438,940000,8620000,12.9,Low Risk
CUST104377,IndusInd Bank,Mass Retail,4,10,14200,50000,86,237,323000,1220000,31.8,Low Risk
CUST104378,HDFC Bank,Business,26,60,673100,500000,534,1292,10726000,10180000,85.7,Medium Risk
CUST104379,HDFC Bank,Mass Retail,1,11,23100,100000,16,251,527000,2300000,16.2,Low Risk
CUST104380,Union Bank of India,Affluent,6,16,43000,100000,119,359,941000,2140000,40.0,Low-Medium Risk
CUST104381,IDFC First Bank,Mass Retail,4,13,64500,100000,74,282,1140000,2240000,44.7,Low-Medium Risk
CUST104382,HDFC Bank,Mass Retail,4,6,65200,50000,84,144,1418000,1080000,100.6,High Risk
CUST104383,Punjab National Bank,Affluent,5,18,24700,100000,94,453,628000,2480000,24.8,Low Risk
CUST104384,Punjab National Bank,Affluent,14,12,234500,400000,275,228,6606000,9140000,89.0,Medium Risk
CUST104385,Union Bank of India,Business,9,45,47200,1000000,251,1149,616000,19760000,11.5,Low Risk
CUST104386,Axis Bank,Affluent,3,13,3200,200000,72,294,63000,4870000,11.2,Low Risk
CUST104387,Kotak Mahindra Bank,SME,26,49,113000,1500000,677,1171,1610000,30090000,28.1,Low Risk
CUST104388,IndusInd Bank,Mass Retail,13,11,118300,100000,369,275,2890000,2060000,127.7,High Risk
CUST104389,Bank of India,Mass Retail,3,10,22700,75000,72,223,277000,1400000,27.6,Low Risk
CUST104390,Yes Bank,Mass Retail,5,8,136900,100000,127,199,2908000,2430000,99.7,High Risk
CUST104391,ICICI Bank,Mass Retail,16,13,41500,75000,336,263,1122000,1500000,91.6,High Risk
CUST104392,Union Bank of India,Affluent,23,21,101900,150000,479,422,2982000,2970000,96.3,High Risk
CUST104393,IndusInd Bank,Affluent,2,14,15400,100000,41,330,286000,2440000,13.3,Low Risk
CUST104394,ICICI Bank,Mass Retail,2,8,7900,50000,43,201,162000,1180000,18.5,Low Risk
CUST104395,Axis Bank,SME,3,49,69400,400000,68,1237,1358000,7600000,12.2,Low Risk
CUST104396,Indian Bank,Business,29,81,970200,1000000,851,1904,32491000,23390000,83.9,Medium Risk
CUST104397,Axis Bank,Mass Retail,6,11,29000,25000,186,249,865000,610000,100.8,High Risk
CUST104398,IDFC First Bank,Mass Retail,2,9,2000,50000,31,192,29000,930000,10.3,Low Risk
CUST104399,Kotak Mahindra Bank,Mass Retail,2,10,7700,40000,48,259,162000,950000,18.7,Low Risk
CUST104400,HDFC Bank,Mass Retail,1,11,26800,100000,12,234,483000,2180000,16.8,Low Risk
CUST104401,State Bank of India,Mass Retail,13,12,25000,25000,407,291,768000,570000,120.4,High Risk
CUST104402,Punjab National Bank,Affluent,0,16,65600,200000,5,364,1452000,4290000,19.0,Low Risk
CUST104403,Yes Bank,Mass Retail,6,6,72700,100000,137,140,2376000,2290000,93.1,High Risk
CUST104404,State Bank of India,Mass Retail,0,7,100,25000,4,152,1000,460000,0.7,Low Risk
CUST104405,ICICI Bank,SME,5,50,55200,400000,85,1288,1294000,9340000,11.6,Low Risk
CUST104406,IDFC First Bank,Premium,26,25,637500,750000,646,575,14225000,13680000,100.4,High Risk
CUST104407,Yes Bank,SME,23,52,52100,400000,575,1329,724000,8470000,25.3,Low Risk
CUST104408,Bank of India,Mass Retail,3,10,13500,25000,47,191,197000,480000,38.7,Low Risk
CUST104409,State Bank of India,Mass Retail,7,11,49800,40000,168,253,1354000,950000,103.6,High Risk
CUST104410,IndusInd Bank,Affluent,2,16,79100,200000,44,384,1388000,4040000,25.8,Low Risk
CUST104411,IndusInd Bank,Mass Retail,2,7,6200,40000,50,170,93000,850000,20.3,Low Risk
CUST104412,IDFC First Bank,Mass Retail,5,12,48300,75000,118,304,759000,1580000,49.2,Low-Medium Risk
CUST104413,Indian Bank,Premium,11,22,83600,1000000,158,419,1385000,23410000,23.3,Low Risk
CUST104414,Bank of India,Affluent,3,17,37100,200000,54,323,752000,4270000,18.1,Low Risk
CUST104415,ICICI Bank,Mass Retail,2,7,7400,75000,33,156,165000,1760000,16.3,Low Risk
CUST104416,Axis Bank,Affluent,6,16,43700,200000,112,307,734000,3700000,28.0,Low Risk
CUST104417,State Bank of India,Mass Retail,2,7,4300,25000,54,181,65000,480000,21.7,Low Risk
CUST104418,Punjab National Bank,Mass Retail,7,8,43900,50000,158,164,734000,1090000,83.9,Medium Risk
CUST104419,Punjab National Bank,Mass Retail,2,11,14300,100000,44,245,329000,2460000,15.5,Low Risk
CUST104420,Axis Bank,Mass Retail,5,11,3700,50000,89,214,51000,930000,22.5,Low Risk
CUST104421,Axis Bank,Mass Retail,3,13,4900,50000,49,295,73000,920000,13.8,Low Risk
CUST104422,Bank of India,SME,8,37,88700,200000,154,801,1176000,3820000,30.0,Low Risk
CUST104423,Yes Bank,Affluent,6,19,15400,300000,100,367,359000,6750000,15.8,Low Risk
CUST104424,Yes Bank,Premium,35,29,395300,500000,780,619,6317000,10400000,93.5,High Risk
CUST104425,Yes Bank,Mass Retail,2,9,6600,40000,42,196,136000,950000,17.9,Low Risk
CUST104426,ICICI Bank,Mass Retail,3,8,3900,75000,63,207,62000,1390000,17.5,Low Risk
CUST104427,Federal Bank,Mass Retail,4,9,15300,40000,51,184,266000,770000,36.3,Low Risk
CUST104428,Punjab National Bank,Mass Retail,1,6,24500,40000,21,137,404000,800000,38.1,Low Risk
CUST104429,Bank of India,Mass Retail,4,11,5300,25000,71,285,95000,560000,24.1,Low Risk
CUST104430,IndusInd Bank,Premium,23,23,266200,300000,485,565,6270000,6840000,91.6,High Risk
CUST104431,ICICI Bank,Premium,7,30,77800,300000,155,779,1018000,5660000,21.8,Low Risk
CUST104432,Punjab National Bank,Affluent,8,20,190300,400000,160,516,3426000,9840000,38.9,Low Risk
CUST104433,IDFC First Bank,Affluent,1,14,16800,400000,21,314,317000,8150000,5.3,Low Risk
CUST104434,HDFC Bank,SME,17,39,134300,750000,345,931,2923000,17240000,27.6,Low Risk
CUST104435,Canara Bank,Mass Retail,2,10,33300,100000,37,198,670000,2170000,26.5,Low Risk
CUST104436,IndusInd Bank,Mass Retail,1,7,5600,25000,17,155,97000,490000,17.3,Low Risk
CUST104437,Yes Bank,Mass Retail,3,12,13800,100000,52,296,297000,2390000,16.7,Low Risk
CUST104438,Bank of Baroda,Premium,3,34,417300,1000000,60,766,7395000,23730000,24.2,Low Risk
CUST104439,State Bank of India,SME,9,32,101100,400000,191,765,1892000,8310000,25.1,Low Risk
CUST104440,Bank of Baroda,Mass Retail,4,13,6100,25000,92,315,99000,550000,25.0,Low Risk
CUST104441,Kotak Mahindra Bank,Business,15,71,54500,1000000,237,1475,914000,19800000,10.9,Low Risk
CUST104442,Kotak Mahindra Bank,Business,92,88,462700,1500000,1999,2211,9342000,34240000,59.1,Low-Medium Risk
CUST104443,Yes Bank,Mass Retail,0,10,46900,75000,11,222,784000,1510000,33.3,Low Risk
CUST104444,State Bank of India,Mass Retail,12,13,36400,40000,235,266,923000,960000,92.0,High Risk
CUST104445,Axis Bank,Mass Retail,3,7,4900,40000,64,175,84000,780000,24.0,Low Risk
CUST104446,Federal Bank,SME,7,39,28100,400000,143,855,475000,7240000,11.6,Low Risk
CUST104447,Canara Bank,Mass Retail,1,12,6500,40000,22,291,92000,800000,11.4,Low Risk
CUST104448,Yes Bank,Premium,35,32,274300,300000,899,731,5184000,5800000,101.4,High Risk
CUST104449,Kotak Mahindra Bank,Mass Retail,2,11,13300,100000,27,238,272000,2160000,13.7,Low Risk
CUST104450,Canara Bank,Premium,13,30,61200,1000000,242,740,1073000,19430000,20.1,Low Risk
CUST104451,IDFC First Bank,Affluent,1,16,170000,400000,26,369,2849000,9340000,23.3,Low Risk
CUST104452,Punjab National Bank,Affluent,2,16,10300,100000,36,348,206000,1970000,10.4,Low Risk
CUST104453,IndusInd Bank,Business,5,71,930700,2500000,89,1403,21036000,57370000,23.6,Low Risk
CUST104454,HDFC Bank,Business,10,54,550500,1500000,208,1364,8347000,33070000,24.8,Low Risk
CUST104455,Yes Bank,Business,18,61,151600,1000000,379,1174,3051000,24900000,21.2,Low Risk
CUST104456,Bank of India,Mass Retail,6,13,4700,25000,130,326,93000,620000,28.4,Low Risk
CUST104457,Kotak Mahindra Bank,Premium,10,31,204600,300000,192,667,4038000,7230000,48.1,Low-Medium Risk
CUST104458,Federal Bank,Mass Retail,1,13,9500,25000,25,305,182000,580000,22.8,Low Risk
CUST104459,Canara Bank,Mass Retail,2,7,8800,75000,40,178,126000,1550000,16.8,Low Risk
CUST104460,Bank of Baroda,Affluent,3,20,13200,150000,62,401,239000,3490000,11.1,Low Risk
CUST104461,Federal Bank,Mass Retail,0,8,4200,40000,2,184,77000,990000,5.3,Low Risk
CUST104462,Federal Bank,Affluent,2,19,19800,150000,51,463,308000,2720000,11.6,Low Risk
CUST104463,Bank of India,SME,9,50,18800,400000,244,1215,290000,8710000,10.6,Low Risk
CUST104464,State Bank of India,Mass Retail,2,13,800,25000,49,295,15000,490000,8.7,Low Risk
CUST104465,Axis Bank,Premium,20,26,85400,1000000,503,608,1631000,21910000,39.7,Low Risk
CUST104466,Axis Bank,Mass Retail,4,7,7200,40000,100,170,131000,850000,34.8,Low Risk
CUST104467,Axis Bank,Mass Retail,2,10,25200,100000,37,249,387000,2200000,19.7,Low Risk
CUST104468,Bank of Baroda,Mass Retail,3,8,5300,50000,57,195,105000,1090000,20.6,Low Risk
CUST104469,Punjab National Bank,SME,6,37,105300,1500000,131,795,1789000,37080000,10.4,Low Risk
CUST104470,Bank of Baroda,Business,19,74,604200,2500000,535,1922,10635000,54660000,23.9,Low Risk
CUST104471,Axis Bank,Business,80,84,1889500,1500000,2226,1851,50653000,35890000,122.1,High Risk
CUST104472,Bank of India,SME,2,42,68900,200000,37,805,1220000,4050000,20.1,Low Risk
CUST104473,State Bank of India,Mass Retail,2,8,18000,75000,48,172,367000,1580000,24.8,Low Risk
CUST104474,Indian Bank,Mass Retail,2,11,29200,75000,36,219,597000,1600000,28.8,Low Risk
CUST104475,Federal Bank,Premium,3,27,263300,750000,37,536,3601000,14960000,20.5,Low Risk
CUST104476,Union Bank of India,Affluent,9,14,201400,200000,228,294,6163000,4130000,101.2,High Risk
CUST104477,Kotak Mahindra Bank,Mass Retail,12,13,55100,75000,288,252,1779000,1660000,95.7,High Risk
CUST104478,Indian Bank,Mass Retail,6,6,35400,40000,190,143,772000,880000,100.5,High Risk
CUST104479,ICICI Bank,Affluent,8,21,426800,400000,341,410,9362000,8980000,85.7,Medium Risk
CUST104480,Kotak Mahindra Bank,Affluent,3,13,38400,200000,78,265,756000,4090000,21.8,Low Risk
CUST104481,ICICI Bank,Mass Retail,1,11,30100,75000,27,216,402000,1520000,23.1,Low Risk
CUST104482,Canara Bank,Affluent,13,12,81000,100000,220,233,1492000,2230000,85.9,Medium Risk
CUST104483,ICICI Bank,Affluent,2,12,24100,150000,38,250,425000,2840000,15.7,Low Risk
CUST104484,IndusInd Bank,Affluent,12,13,217200,200000,389,299,5306000,3950000,116.9,High Risk
CUST104485,Canara Bank,Mass Retail,3,12,4800,25000,63,309,60000,460000,18.9,Low Risk
CUST104486,Axis Bank,Premium,3,22,56500,1000000,72,553,705000,18510000,8.7,Low Risk
CUST104487,Yes Bank,Mass Retail,13,12,29300,25000,362,302,525000,490000,112.9,High Risk
CUST104488,Bank of Baroda,Mass Retail,4,7,17200,75000,62,142,261000,1360000,34.0,Low Risk
CUST104489,Union Bank of India,Premium,3,23,14900,1000000,60,480,215000,19720000,6.1,Low Risk
CUST104490,Indian Bank,Affluent,2,17,13700,300000,35,332,286000,6780000,7.6,Low Risk
CUST104491,Union Bank of India,Mass Retail,1,10,700,25000,22,244,12000,460000,5.9,Low Risk
CUST104492,Union Bank of India,Premium,13,31,973300,750000,455,604,17235000,15790000,92.7,High Risk
CUST104493,Canara Bank,Affluent,2,19,39800,400000,43,435,903000,9760000,9.9,Low Risk
CUST104494,State Bank of India,Premium,14,24,23200,300000,281,498,500000,7060000,29.3,Low Risk
CUST104495,Indian Bank,Premium,5,30,32100,750000,114,621,547000,15100000,9.9,Low Risk
CUST104496,HDFC Bank,Affluent,18,19,79400,100000,495,493,2001000,2450000,88.0,Medium Risk
CUST104497,State Bank of India,Affluent,4,13,54000,200000,62,316,1063000,4060000,26.1,Low Risk
CUST104498,State Bank of India,Mass Retail,1,9,25600,75000,21,224,350000,1390000,20.9,Low Risk
CUST104499,Union Bank of India,Mass Retail,4,7,5900,40000,90,161,129000,1000000,32.7,Low Risk
CUST104500,State Bank of India,Mass Retail,12,12,43500,75000,340,301,1527000,1810000,86.6,Medium Risk
CUST104501,Axis Bank,Affluent,13,13,187100,300000,283,306,6465000,6380000,87.9,Medium Risk
CUST104502,IDFC First Bank,Affluent,2,13,66300,150000,32,333,1346000,3400000,29.0,Low Risk
CUST104503,State Bank of India,Mass Retail,4,12,21100,75000,69,252,398000,1700000,27.5,Low Risk
CUST104504,Kotak Mahindra Bank,Mass Retail,13,13,93700,100000,369,301,2057000,1940000,105.1,High Risk
CUST104505,Punjab National Bank,Affluent,3,15,25000,100000,64,357,471000,1940000,22.1,Low Risk
CUST104506,State Bank of India,Mass Retail,3,7,59800,50000,114,152,1470000,1060000,98.5,High Risk
CUST104507,Canara Bank,Premium,4,26,59100,500000,110,654,1439000,12190000,13.8,Low Risk
CUST104508,Yes Bank,Mass Retail,0,6,17500,50000,2,155,287000,900000,19.0,Low Risk
CUST104509,HDFC Bank,Affluent,2,14,22000,300000,41,314,508000,7040000,9.9,Low Risk
CUST104510,Axis Bank,SME,25,53,1910300,1500000,539,1152,34259000,27600000,91.0,High Risk
CUST104511,HDFC Bank,Mass Retail,4,12,25100,50000,76,268,461000,1070000,39.5,Low Risk
CUST104512,ICICI Bank,Affluent,4,19,13200,200000,73,474,230000,4490000,11.3,Low Risk
CUST104513,State Bank of India,Mass Retail,3,13,10500,100000,86,306,181000,2280000,16.3,Low Risk
CUST104514,Kotak Mahindra Bank,Affluent,18,18,116100,150000,369,348,2623000,2760000,93.5,High Risk
CUST104515,Bank of Baroda,Affluent,2,16,17900,300000,55,365,252000,6280000,8.7,Low Risk
CUST104516,IDFC First Bank,Mass Retail,6,13,18900,40000,95,249,426000,880000,45.1,Low-Medium Risk
CUST104517,Bank of Baroda,Affluent,4,15,16800,400000,88,367,309000,7380000,13.5,Low Risk
CUST104518,State Bank of India,Business,5,81,1386400,5000000,88,1725,27007000,94730000,18.4,Low Risk
CUST104519,Union Bank of India,Mass Retail,5,11,7000,25000,118,245,132000,570000,34.7,Low Risk
CUST104520,Punjab National Bank,Mass Retail,4,8,1200,40000,85,197,23000,870000,22.1,Low Risk
CUST104521,Bank of India,Business,8,50,79800,500000,115,966,1296000,9570000,14.6,Low Risk
CUST104522,ICICI Bank,Affluent,4,13,31600,200000,58,261,477000,4350000,19.2,Low Risk
CUST104523,Bank of Baroda,Business,43,50,700400,1000000,1447,1089,25600000,24390000,97.2,High Risk
CUST104524,Axis Bank,Affluent,6,14,194600,150000,223,289,2811000,2720000,91.6,High Risk
CUST104525,Indian Bank,Business,12,54,438700,1500000,204,1154,6550000,33750000,22.2,Low Risk
CUST104526,ICICI Bank,Affluent,10,20,12100,300000,204,520,169000,5550000,21.5,Low Risk
CUST104527,Bank of India,Premium,7,31,29600,300000,129,768,482000,5410000,14.1,Low Risk
CUST104528,Kotak Mahindra Bank,Business,1,50,318900,1500000,10,1259,5291000,28580000,11.9,Low Risk
CUST104529,Bank of India,Affluent,3,12,42500,200000,67,307,848000,4190000,21.8,Low Risk
CUST104530,Federal Bank,Mass Retail,2,10,12300,40000,38,214,276000,940000,25.2,Low Risk
CUST104531,IndusInd Bank,Mass Retail,1,7,10400,40000,23,148,160000,800000,19.5,Low Risk
CUST104532,IDFC First Bank,Mass Retail,2,9,17700,40000,36,186,281000,900000,30.0,Low Risk
CUST104533,Yes Bank,Mass Retail,1,7,3700,100000,33,174,53000,2090000,9.2,Low Risk
CUST104534,Bank of Baroda,Mass Retail,1,8,4700,100000,20,190,77000,1960000,7.6,Low Risk
CUST104535,Indian Bank,Affluent,4,15,68300,150000,62,310,1343000,3240000,34.7,Low Risk
CUST104536,Indian Bank,Affluent,6,21,18900,150000,115,454,379000,3540000,18.6,Low Risk
CUST104537,IndusInd Bank,Affluent,8,17,37900,300000,171,383,917000,7150000,27.5,Low Risk
CUST104538,Yes Bank,Affluent,2,21,7600,100000,41,477,143000,2390000,8.1,Low Risk
CUST104539,Punjab National Bank,Mass Retail,0,11,11200,50000,13,277,223000,1020000,13.4,Low Risk
CUST104540,IndusInd Bank,Mass Retail,4,8,2200,25000,60,173,47000,590000,23.5,Low Risk
CUST104541,IndusInd Bank,Mass Retail,3,13,18100,75000,63,330,329000,1460000,22.4,Low Risk
CUST104542,Punjab National Bank,Affluent,20,21,106100,150000,570,464,2293000,3480000,86.3,Medium Risk
CUST104543,Federal Bank,Mass Retail,1,11,20100,50000,23,266,379000,1230000,23.8,Low Risk
CUST104544,Yes Bank,Mass Retail,4,9,17000,75000,101,230,206000,1360000,30.0,Low Risk
CUST104545,Canara Bank,Mass Retail,8,9,37400,40000,227,228,737000,840000,92.5,High Risk
CUST104546,Bank of India,Business,30,75,162300,500000,443,1455,3813000,11270000,33.9,Low Risk
CUST104547,Federal Bank,Mass Retail,3,10,3400,75000,56,204,70000,1720000,15.1,Low Risk
CUST104548,Kotak Mahindra Bank,Affluent,6,21,174600,300000,135,469,2303000,5770000,40.2,Low-Medium Risk
CUST104549,Axis Bank,Premium,13,34,334400,750000,295,749,8615000,18600000,42.4,Low-Medium Risk
CUST104550,Punjab National Bank,Premium,7,29,103100,300000,156,681,1656000,6690000,26.9,Low Risk
CUST104551,Bank of Baroda,SME,12,49,60200,200000,222,1255,781000,3830000,23.2,Low Risk
CUST104552,Bank of India,Mass Retail,5,11,3700,100000,74,218,51000,1810000,19.3,Low Risk
CUST104553,Bank of Baroda,Mass Retail,4,8,5300,50000,74,177,109000,1170000,25.8,Low Risk
CUST104554,IDFC First Bank,Business,6,47,259600,500000,108,956,4008000,9280000,31.9,Low Risk
CUST104555,Federal Bank,Affluent,4,15,43400,100000,116,379,743000,1900000,35.7,Low Risk
CUST104556,Axis Bank,Affluent,15,20,171200,200000,491,515,4257000,4400000,88.6,Medium Risk
CUST104557,Union Bank of India,Premium,14,34,46300,300000,225,760,1027000,6670000,24.0,Low Risk
CUST104558,Bank of Baroda,Premium,3,22,204000,750000,51,434,3732000,17110000,19.4,Low Risk
CUST104559,Indian Bank,SME,7,30,4500,750000,147,735,71000,15570000,9.7,Low Risk
CUST104560,ICICI Bank,SME,18,43,33300,200000,353,1027,675000,4680000,25.4,Low Risk
CUST104561,IDFC First Bank,Premium,9,31,8200,300000,160,666,182000,7450000,13.1,Low Risk
CUST104562,IndusInd Bank,Mass Retail,2,7,13700,50000,32,176,248000,990000,24.9,Low Risk
CUST104563,Axis Bank,Business,69,70,1615700,1500000,1834,1808,46339000,34380000,112.0,High Risk
CUST104564,IDFC First Bank,Mass Retail,4,12,1300,40000,98,275,32000,980000,16.9,Low Risk
CUST104565,Axis Bank,Mass Retail,2,8,19000,50000,43,184,363000,1140000,30.2,Low Risk
CUST104566,Bank of India,Business,11,42,379700,1000000,228,885,6018000,22770000,29.4,Low Risk
CUST104567,Federal Bank,Mass Retail,2,6,3000,50000,46,139,53000,980000,17.6,Low Risk
CUST104568,Union Bank of India,Mass Retail,1,9,3000,40000,23,199,56000,870000,9.0,Low Risk
CUST104569,Federal Bank,Mass Retail,2,10,5400,40000,35,211,112000,880000,15.7,Low Risk
CUST104570,Punjab National Bank,Business,11,54,269800,1000000,223,1051,4477000,22900000,22.2,Low Risk
CUST104571,State Bank of India,Affluent,21,16,312900,300000,338,332,8483000,7490000,112.0,High Risk
CUST104572,IDFC First Bank,Premium,8,32,111700,1000000,150,652,2132000,18240000,17.0,Low Risk
CUST104573,Kotak Mahindra Bank,Mass Retail,5,13,16600,40000,86,296,247000,740000,35.7,Low Risk
CUST104574,Kotak Mahindra Bank,Premium,21,32,378800,750000,377,743,5479000,13910000,50.9,Low-Medium Risk
CUST104575,State Bank of India,Premium,5,26,309400,500000,101,605,4727000,11600000,36.8,Low Risk
CUST104576,IDFC First Bank,Mass Retail,0,12,34500,75000,8,261,662000,1420000,26.7,Low Risk
CUST104577,Axis Bank,Mass Retail,1,9,9600,25000,21,198,168000,560000,23.9,Low Risk
CUST104578,Indian Bank,Mass Retail,2,9,14400,50000,29,224,217000,1010000,21.7,Low Risk
CUST104579,Bank of Baroda,SME,21,45,238800,200000,729,1005,4548000,4240000,89.7,Medium Risk
CUST104580,State Bank of India,Affluent,1,13,31900,300000,28,337,409000,5850000,8.6,Low Risk
CUST104581,Canara Bank,SME,6,25,89000,750000,136,552,2211000,18050000,17.5,Low Risk
CUST104582,Bank of Baroda,Mass Retail,0,6,5400,25000,11,141,116000,550000,13.8,Low Risk
CUST104583,Canara Bank,Premium,2,25,129500,750000,28,484,2689000,18460000,12.0,Low Risk
CUST104584,HDFC Bank,Premium,4,22,408700,1000000,102,519,9168000,22020000,31.6,Low Risk
CUST104585,IDFC First Bank,Premium,5,34,140700,300000,122,849,2593000,5660000,32.4,Low Risk
CUST104586,Kotak Mahindra Bank,SME,10,31,166300,750000,201,794,3170000,14400000,24.9,Low Risk
CUST104587,Kotak Mahindra Bank,Mass Retail,2,10,5200,40000,57,260,91000,1000000,15.4,Low Risk
CUST104588,IDFC First Bank,Mass Retail,8,9,58800,75000,224,189,1271000,1730000,88.0,Medium Risk
CUST104589,Bank of Baroda,Premium,8,25,15700,300000,140,576,201000,5500000,14.8,Low Risk
CUST104590,IDFC First Bank,Premium,7,31,97000,500000,125,687,2238000,11460000,19.9,Low Risk
CUST104591,Punjab National Bank,Affluent,1,17,39100,300000,29,390,752000,6270000,9.9,Low Risk
CUST104592,IndusInd Bank,Mass Retail,3,9,16200,75000,57,181,311000,1510000,26.1,Low Risk
CUST104593,HDFC Bank,Affluent,4,17,47400,200000,67,425,648000,3820000,20.3,Low Risk
CUST104594,Bank of India,Mass Retail,2,7,27800,75000,36,178,534000,1790000,29.5,Low Risk
CUST104595,Indian Bank,Affluent,5,19,48100,100000,106,421,576000,1840000,33.3,Low Risk
CUST104596,IDFC First Bank,Affluent,4,13,33600,100000,80,273,630000,2000000,31.7,Low Risk
CUST104597,Indian Bank,Premium,13,28,309600,1000000,283,560,4497000,20140000,36.2,Low Risk
CUST104598,Indian Bank,Mass Retail,2,10,6200,25000,41,238,117000,480000,21.9,Low Risk
CUST104599,Bank of India,Mass Retail,6,11,9500,25000,92,233,142000,540000,38.6,Low Risk
CUST104600,IndusInd Bank,Mass Retail,1,7,25200,100000,24,178,386000,1810000,18.8,Low Risk
CUST104601,ICICI Bank,Mass Retail,10,10,14600,25000,318,237,414000,500000,91.0,High Risk
CUST104602,Bank of India,Premium,2,24,197800,500000,51,564,3272000,12270000,22.5,Low Risk
CUST104603,IDFC First Bank,Business,1,87,479500,1000000,14,1994,8953000,20170000,26.2,Low Risk
CUST104604,Bank of Baroda,Mass Retail,8,7,60300,75000,153,135,1522000,1540000,100.1,High Risk
CUST104605,Federal Bank,Premium,19,20,49800,750000,565,510,1373000,15980000,49.8,Low-Medium Risk
CUST104606,Bank of India,Business,2,79,442500,5000000,58,1848,8383000,109660000,6.1,Low Risk
CUST104607,Union Bank of India,Business,11,73,153800,500000,223,1895,2862000,11830000,21.3,Low Risk
CUST104608,Federal Bank,Mass Retail,14,12,15800,25000,274,273,339000,480000,85.3,Medium Risk
CUST104609,State Bank of India,SME,6,52,40100,400000,106,1246,885000,9640000,9.9,Low Risk
CUST104610,Bank of Baroda,Mass Retail,0,10,7600,100000,2,194,166000,2330000,4.4,Low Risk
CUST104611,Kotak Mahindra Bank,Mass Retail,4,12,41800,40000,237,281,899000,920000,82.3,Medium Risk
CUST104612,IDFC First Bank,Mass Retail,2,7,7900,25000,44,170,134000,470000,29.2,Low Risk
CUST104613,Axis Bank,Affluent,3,16,147700,400000,64,391,1852000,7260000,25.3,Low Risk
CUST104614,Kotak Mahindra Bank,Mass Retail,2,12,2200,40000,37,293,32000,890000,9.4,Low Risk
CUST104615,IDFC First Bank,Mass Retail,2,8,2700,25000,35,165,54000,600000,15.7,Low Risk
CUST104616,Union Bank of India,Mass Retail,6,13,42400,100000,112,336,957000,2210000,41.2,Low-Medium Risk
CUST104617,ICICI Bank,Business,7,43,944700,2500000,141,1117,15202000,48730000,25.7,Low Risk
CUST104618,Punjab National Bank,Business,9,58,87200,1000000,134,1133,1670000,18630000,11.2,Low Risk
CUST104619,Punjab National Bank,Mass Retail,1,7,7300,40000,12,179,118000,920000,13.3,Low Risk
CUST104620,Punjab National Bank,Business,50,53,1554000,2500000,1075,1114,42132000,57630000,79.6,Medium Risk
CUST104621,Punjab National Bank,Business,7,73,350700,2500000,122,1739,6296000,48020000,11.3,Low Risk
CUST104622,IndusInd Bank,Premium,4,22,15900,300000,65,470,229000,5460000,9.6,Low Risk
CUST104623,Union Bank of India,Mass Retail,14,12,77600,100000,353,309,1902000,2090000,98.1,High Risk
CUST104624,ICICI Bank,Premium,7,30,178400,750000,156,591,2773000,16560000,22.3,Low Risk
CUST104625,Punjab National Bank,SME,21,36,35400,750000,350,809,703000,17210000,24.7,Low Risk
CUST104626,Yes Bank,Premium,16,32,279100,750000,309,704,5127000,17750000,39.2,Low Risk
CUST104627,Kotak Mahindra Bank,Mass Retail,11,11,15600,25000,247,234,372000,560000,81.2,Medium Risk
CUST104628,Union Bank of India,Affluent,5,18,4200,300000,116,423,61000,5630000,12.7,Low Risk
CUST104629,Union Bank of India,Affluent,3,16,35200,200000,45,319,579000,4560000,15.9,Low Risk
CUST104630,ICICI Bank,Affluent,5,13,17100,200000,87,312,418000,4980000,19.3,Low Risk
CUST104631,State Bank of India,Mass Retail,3,9,6500,25000,56,233,130000,610000,25.7,Low Risk
CUST104632,Axis Bank,Mass Retail,3,10,13800,25000,47,246,225000,600000,36.8,Low Risk
CUST104633,Union Bank of India,Business,16,51,168800,5000000,379,1276,3559000,100580000,15.4,Low Risk
CUST104634,Bank of India,Business,15,53,112100,1500000,231,1140,1706000,34880000,13.9,Low Risk
CUST104635,Federal Bank,Mass Retail,4,12,9500,50000,60,255,199000,1200000,22.6,Low Risk
CUST104636,Axis Bank,SME,5,48,205100,1500000,80,1086,4839000,34120000,11.6,Low Risk
CUST104637,Kotak Mahindra Bank,Mass Retail,2,11,20200,100000,32,213,263000,1980000,16.5,Low Risk
CUST104638,ICICI Bank,Premium,15,33,197100,750000,410,845,4404000,18510000,34.7,Low Risk
CUST104639,Bank of Baroda,Premium,27,34,208100,1000000,645,680,4525000,21160000,50.0,Low-Medium Risk
CUST104640,Bank of Baroda,Business,3,53,190900,2500000,54,1342,3011000,47270000,6.1,Low Risk
CUST104641,Bank of Baroda,SME,23,48,38000,400000,410,940,516000,7510000,25.0,Low Risk
CUST104642,Kotak Mahindra Bank,Mass Retail,3,12,10300,25000,52,297,153000,560000,28.5,Low Risk
CUST104643,Axis Bank,Business,87,70,1276900,1500000,1850,1404,25478000,31600000,102.8,High Risk
CUST104644,Bank of Baroda,Mass Retail,4,12,3600,100000,74,231,54000,1870000,16.3,Low Risk
CUST104645,Punjab National Bank,Premium,23,22,597100,750000,584,529,14083000,17390000,92.4,High Risk
CUST104646,IndusInd Bank,Premium,23,22,1282800,1000000,549,461,30051000,23600000,120.7,High Risk
CUST104647,Bank of India,Premium,11,29,512900,500000,385,696,13917000,11540000,83.2,Medium Risk
CUST104648,Union Bank of India,Mass Retail,5,6,45300,50000,179,137,903000,970000,98.6,High Risk
CUST104649,Kotak Mahindra Bank,Business,10,49,159100,500000,203,968,2855000,11410000,25.0,Low Risk
CUST104650,Punjab National Bank,Mass Retail,9,9,45000,50000,234,230,1128000,900000,104.6,High Risk
CUST104651,Kotak Mahindra Bank,Mass Retail,7,10,15900,75000,144,222,276000,1510000,40.6,Low-Medium Risk
CUST104652,ICICI Bank,Premium,26,28,552900,1000000,725,676,18333000,20790000,84.0,Medium Risk
CUST104653,Yes Bank,Affluent,11,19,163300,300000,247,428,3953000,7150000,56.0,Low-Medium Risk
CUST104654,IDFC First Bank,Business,9,71,1879900,5000000,188,1649,40725000,103660000,26.8,Low Risk
CUST104655,ICICI Bank,Mass Retail,3,10,22200,75000,48,211,332000,1360000,26.8,Low Risk
CUST104656,Federal Bank,Mass Retail,1,10,7800,75000,22,204,109000,1530000,9.4,Low Risk
CUST104657,Union Bank of India,Business,6,60,1070200,2500000,113,1368,15667000,53730000,24.1,Low Risk
CUST104658,Canara Bank,Affluent,2,14,58600,400000,54,309,970000,9860000,13.8,Low Risk
CUST104659,Bank of Baroda,Mass Retail,10,8,90400,100000,225,174,1487000,2460000,97.9,High Risk
CUST104660,Indian Bank,Premium,12,25,58500,300000,264,593,925000,5780000,30.5,Low Risk
CUST104661,IndusInd Bank,Affluent,1,12,160400,300000,15,286,2939000,5790000,32.0,Low Risk
CUST104662,State Bank of India,Affluent,7,21,2000,100000,144,406,34000,1910000,16.1,Low Risk
CUST104663,Indian Bank,Affluent,1,17,29800,150000,12,363,518000,3530000,11.8,Low Risk
CUST104664,Union Bank of India,Business,4,50,693300,1500000,74,1094,9810000,27060000,26.3,Low Risk
CUST104665,Canara Bank,Business,30,81,3249600,2500000,1290,1594,66959000,47230000,102.1,High Risk
CUST104666,Punjab National Bank,Premium,2,24,60800,500000,42,496,1168000,10880000,10.0,Low Risk
CUST104667,HDFC Bank,Mass Retail,1,7,12400,40000,11,136,224000,790000,21.4,Low Risk
CUST104668,Indian Bank,Business,31,71,176000,1000000,840,1844,3444000,18650000,29.9,Low Risk
CUST104669,Bank of Baroda,Premium,31,26,599100,500000,638,628,12421000,10260000,116.1,High Risk
CUST104670,IndusInd Bank,Premium,10,25,222300,750000,201,490,3473000,14940000,32.7,Low Risk
CUST104671,Canara Bank,Mass Retail,2,9,8600,25000,31,172,145000,540000,25.9,Low Risk
CUST104672,ICICI Bank,Business,8,69,384700,5000000,186,1658,9303000,124270000,9.3,Low Risk
CUST104673,Punjab National Bank,Premium,7,26,380700,1000000,124,574,7217000,18870000,32.1,Low Risk
CUST104674,Indian Bank,Mass Retail,6,6,36200,40000,149,147,696000,820000,93.2,High Risk
CUST104675,Bank of India,Mass Retail,0,6,17000,75000,4,153,369000,1840000,12.7,Low Risk
CUST104676,Yes Bank,Business,8,61,31700,500000,190,1415,623000,12070000,8.8,Low Risk
CUST104677,Yes Bank,Mass Retail,5,10,24200,75000,108,203,390000,1560000,38.6,Low Risk
CUST104678,Bank of India,SME,7,35,233200,1500000,135,857,3621000,34340000,15.5,Low Risk
CUST104679,Axis Bank,Premium,14,34,66900,500000,349,873,833000,9310000,24.0,Low Risk
CUST104680,Kotak Mahindra Bank,Affluent,6,14,68600,400000,119,323,1538000,9200000,27.1,Low Risk
CUST104681,Bank of India,Mass Retail,2,8,43000,100000,34,190,1094000,2480000,33.8,Low Risk
CUST104682,Bank of Baroda,Mass Retail,8,7,61500,100000,194,150,1397000,2180000,88.7,Medium Risk
CUST104683,IndusInd Bank,SME,15,28,25000,200000,303,607,383000,4300000,28.8,Low Risk
CUST104684,Federal Bank,Mass Retail,3,9,44700,75000,65,217,869000,1450000,47.5,Low-Medium Risk
CUST104685,HDFC Bank,Premium,4,22,385000,1000000,96,561,8285000,22440000,28.7,Low Risk
CUST104686,ICICI Bank,Mass Retail,1,7,6100,25000,19,164,134000,550000,19.2,Low Risk
CUST104687,HDFC Bank,Mass Retail,1,10,4000,50000,26,245,62000,1130000,8.3,Low Risk
CUST104688,Indian Bank,Mass Retail,6,13,2300,40000,98,263,43000,730000,21.6,Low Risk
CUST104689,Bank of Baroda,Affluent,2,12,84600,300000,24,246,1421000,6550000,19.9,Low Risk
CUST104690,Union Bank of India,SME,13,34,373400,400000,347,773,12857000,8870000,84.9,Medium Risk
CUST104691,Canara Bank,Mass Retail,1,7,7400,40000,31,142,108000,780000,16.9,Low Risk
CUST104692,HDFC Bank,Mass Retail,1,9,14500,100000,19,211,201000,1950000,11.1,Low Risk
CUST104693,State Bank of India,Mass Retail,8,12,55300,50000,166,252,1455000,1000000,101.2,High Risk
CUST104694,Federal Bank,Affluent,6,17,72000,400000,131,417,1364000,9190000,23.8,Low Risk
CUST104695,Yes Bank,Affluent,7,20,28400,200000,135,493,559000,4450000,21.2,Low Risk
CUST104696,Yes Bank,Business,21,70,397000,500000,440,1557,9872000,11960000,58.1,Low-Medium Risk
CUST104697,Bank of Baroda,Affluent,3,15,129900,400000,51,304,2676000,8030000,26.3,Low Risk
CUST104698,Bank of Baroda,Affluent,15,18,120300,150000,549,423,2513000,3660000,88.6,Medium Risk
CUST104699,Axis Bank,Mass Retail,7,13,19600,50000,164,337,475000,1160000,45.1,Low-Medium Risk
CUST104700,HDFC Bank,SME,20,39,340500,1500000,388,911,6559000,31150000,33.0,Low Risk
CUST104701,Canara Bank,Mass Retail,1,11,5400,40000,11,212,105000,750000,10.9,Low Risk
CUST104702,Bank of Baroda,Mass Retail,12,11,15600,25000,238,210,294000,490000,83.0,Medium Risk
CUST104703,ICICI Bank,Premium,3,29,23700,500000,69,616,389000,12350000,6.9,Low Risk
CUST104704,Indian Bank,Affluent,2,15,192100,400000,28,306,3218000,8070000,29.5,Low Risk
CUST104705,Canara Bank,Mass Retail,6,13,1600,25000,102,321,28000,510000,20.2,Low Risk
CUST104706,Canara Bank,Affluent,4,17,47200,300000,103,424,855000,5800000,19.2,Low Risk
CUST104707,Bank of India,Premium,0,24,324200,750000,9,499,7110000,17740000,23.7,Low Risk
CUST104708,Axis Bank,Mass Retail,0,10,11200,40000,5,213,190000,800000,15.0,Low Risk
CUST104709,IndusInd Bank,Business,10,63,148200,1000000,146,1301,2097000,20310000,12.9,Low Risk
CUST104710,ICICI Bank,Affluent,3,15,80100,300000,86,380,1124000,6270000,22.1,Low Risk
CUST104711,Bank of Baroda,Mass Retail,1,10,16300,100000,30,225,292000,2100000,13.5,Low Risk
CUST104712,Kotak Mahindra Bank,Affluent,3,12,25600,150000,47,283,413000,3130000,17.6,Low Risk
CUST104713,Canara Bank,Mass Retail,4,11,5600,100000,83,241,118000,2150000,18.5,Low Risk
CUST104714,Bank of Baroda,Premium,30,34,417100,500000,770,796,10526000,11850000,88.9,Medium Risk
CUST104715,Bank of Baroda,Affluent,7,19,19600,100000,132,412,373000,2370000,25.3,Low Risk
CUST104716,Punjab National Bank,Mass Retail,3,10,5000,75000,44,214,95000,1770000,14.6,Low Risk
CUST104717,State Bank of India,Affluent,5,17,6300,400000,117,399,101000,7480000,13.6,Low Risk
CUST104718,Bank of Baroda,SME,7,36,516700,1500000,179,833,12771000,35400000,28.4,Low Risk
CUST104719,State Bank of India,Affluent,5,13,67600,150000,89,274,883000,2830000,36.7,Low Risk
CUST104720,Bank of Baroda,SME,44,47,226800,200000,1131,942,4311000,3770000,110.6,High Risk
CUST104721,ICICI Bank,Mass Retail,4,13,15300,100000,78,281,318000,2460000,20.8,Low Risk
CUST104722,Bank of India,Mass Retail,5,8,9300,25000,98,175,145000,590000,43.3,Low-Medium Risk
CUST104723,IDFC First Bank,Mass Retail,2,6,1700,100000,49,140,35000,2190000,16.1,Low Risk
CUST104724,IDFC First Bank,Mass Retail,1,7,6400,50000,29,178,106000,1210000,12.8,Low Risk
CUST104725,IndusInd Bank,Mass Retail,8,6,102100,100000,159,116,3032000,2490000,122.1,High Risk
CUST104726,IDFC First Bank,Mass Retail,4,7,8200,40000,80,145,151000,890000,35.0,Low Risk
CUST104727,ICICI Bank,Business,65,65,1552100,2500000,1215,1323,49749000,55730000,84.5,Medium Risk
CUST104728,Kotak Mahindra Bank,Business,49,47,1140700,1000000,1434,1058,30275000,23280000,121.1,High Risk
CUST104729,ICICI Bank,Premium,4,32,96900,1000000,73,704,1516000,19620000,9.9,Low Risk
CUST104730,Indian Bank,Mass Retail,3,8,12700,100000,73,193,187000,1920000,23.2,Low Risk
CUST104731,Punjab National Bank,Mass Retail,7,12,11600,40000,107,248,184000,930000,35.9,Low Risk
CUST104732,Union Bank of India,Mass Retail,10,8,13800,25000,232,185,373000,510000,90.8,High Risk
CUST104733,ICICI Bank,Premium,3,20,90200,750000,89,504,1735000,14210000,14.0,Low Risk
CUST104734,Bank of Baroda,SME,3,53,31800,750000,66,1345,453000,15150000,4.4,Low Risk
CUST104735,ICICI Bank,Affluent,2,14,4100,200000,59,360,56000,4100000,7.4,Low Risk
CUST104736,Union Bank of India,Mass Retail,5,12,1700,100000,102,293,35000,2480000,17.8,Low Risk
CUST104737,Axis Bank,Affluent,15,17,127600,150000,545,431,3407000,3430000,98.6,High Risk
CUST104738,IndusInd Bank,Mass Retail,2,13,4600,50000,48,268,78000,1090000,11.7,Low Risk
CUST104739,Bank of Baroda,Mass Retail,2,11,23800,50000,29,224,476000,1240000,30.9,Low Risk
CUST104740,State Bank of India,Affluent,4,16,10300,100000,76,305,255000,2430000,16.6,Low Risk
CUST104741,ICICI Bank,Premium,5,31,502200,1000000,84,742,8054000,21580000,30.3,Low Risk
CUST104742,Yes Bank,Mass Retail,3,8,9100,75000,65,204,199000,1830000,21.8,Low Risk
CUST104743,HDFC Bank,Mass Retail,3,8,32700,100000,43,162,646000,2080000,32.2,Low Risk
CUST104744,Kotak Mahindra Bank,SME,12,53,31400,400000,223,1243,470000,7850000,12.9,Low Risk
CUST104745,Punjab National Bank,Mass Retail,3,8,22000,100000,57,194,411000,1960000,26.8,Low Risk
CUST104746,State Bank of India,Mass Retail,7,10,12700,50000,135,255,223000,1130000,39.7,Low Risk
CUST104747,Kotak Mahindra Bank,Mass Retail,4,11,2700,25000,108,259,53000,540000,23.0,Low Risk
CUST104748,Bank of Baroda,Mass Retail,7,8,16800,25000,200,206,618000,570000,89.7,Medium Risk
CUST104749,HDFC Bank,Mass Retail,10,10,18700,25000,223,214,477000,570000,89.4,Medium Risk
CUST104750,Bank of Baroda,Business,16,78,3273300,5000000,330,1673,51294000,90780000,43.2,Low-Medium Risk
CUST104751,HDFC Bank,Mass Retail,0,6,9600,25000,4,137,135000,460000,19.4,Low Risk
CUST104752,Union Bank of India,Affluent,20,20,318400,400000,427,434,5797000,8690000,84.7,Medium Risk
CUST104753,Axis Bank,Premium,9,33,125200,750000,151,627,2279000,14500000,20.5,Low Risk
CUST104754,HDFC Bank,Affluent,10,19,117300,100000,249,458,2615000,2240000,89.1,Medium Risk
CUST104755,Punjab National Bank,Business,64,58,46500,2500000,1483,1407,862000,54660000,48.4,Low-Medium Risk
CUST104756,IndusInd Bank,Business,15,69,1254800,2500000,348,1672,20381000,55250000,33.8,Low Risk
CUST104757,State Bank of India,Mass Retail,2,12,5400,75000,48,257,77000,1510000,11.3,Low Risk
CUST104758,Kotak Mahindra Bank,Premium,7,30,24800,300000,161,680,413000,6740000,14.3,Low Risk
CUST104759,ICICI Bank,Affluent,2,16,191500,400000,40,344,3449000,9520000,28.8,Low Risk
CUST104760,Canara Bank,SME,44,50,514900,1500000,1228,956,12197000,37480000,66.3,Medium Risk
CUST104761,Kotak Mahindra Bank,Affluent,7,18,222700,200000,256,413,4931000,4770000,82.1,Medium Risk
CUST104762,Kotak Mahindra Bank,SME,9,37,19800,200000,132,735,313000,4380000,14.0,Low Risk
CUST104763,Bank of Baroda,Premium,11,26,84700,750000,179,509,1084000,14520000,22.0,Low Risk
CUST104764,Indian Bank,Mass Retail,2,12,20800,75000,54,291,315000,1710000,20.8,Low Risk
CUST104765,Kotak Mahindra Bank,Affluent,3,14,24800,150000,55,267,512000,3680000,17.9,Low Risk
CUST104766,IDFC First Bank,SME,15,38,21700,400000,352,977,381000,7790000,19.3,Low Risk
CUST104767,ICICI Bank,Business,45,85,2519200,2500000,1382,1922,64798000,49480000,92.5,High Risk
CUST104768,State Bank of India,Mass Retail,1,13,47800,100000,14,336,801000,1900000,27.8,Low Risk
CUST104769,Indian Bank,Premium,12,27,320300,1000000,177,524,7472000,23160000,35.1,Low Risk
CUST104770,Yes Bank,Mass Retail,1,7,15100,40000,10,162,279000,830000,24.6,Low Risk
CUST104771,Indian Bank,Mass Retail,6,12,8800,75000,85,257,159000,1380000,25.0,Low Risk
CUST104772,IDFC First Bank,Mass Retail,1,7,5900,40000,20,174,141000,960000,13.9,Low Risk
CUST104773,HDFC Bank,Mass Retail,5,12,17400,75000,101,258,297000,1640000,29.3,Low Risk
CUST104774,Yes Bank,Business,31,61,416700,1500000,509,1270,7922000,30480000,35.1,Low Risk
CUST104775,Indian Bank,Mass Retail,1,11,35700,100000,30,275,747000,2040000,24.8,Low Risk
CUST104776,Kotak Mahindra Bank,Business,12,60,370800,1000000,264,1297,7326000,20030000,29.5,Low Risk
CUST104777,Bank of India,Mass Retail,2,13,3600,100000,39,249,65000,2120000,8.8,Low Risk
CUST104778,ICICI Bank,Mass Retail,9,8,23500,40000,230,174,663000,810000,93.2,High Risk
CUST104779,ICICI Bank,Mass Retail,14,12,81700,100000,356,283,1346000,2180000,93.8,High Risk
CUST104780,ICICI Bank,Mass Retail,2,13,6400,25000,43,270,103000,590000,18.9,Low Risk
CUST104781,State Bank of India,Mass Retail,3,6,6700,25000,61,132,102000,570000,33.7,Low Risk
CUST104782,Bank of India,Mass Retail,11,12,15300,25000,274,233,403000,500000,86.0,Medium Risk
CUST104783,Canara Bank,Affluent,2,17,12200,100000,40,393,178000,2170000,10.4,Low Risk
CUST104784,ICICI Bank,Mass Retail,1,7,3500,75000,29,170,88000,1790000,9.6,Low Risk
CUST104785,State Bank of India,Mass Retail,3,11,15500,75000,58,241,239000,1390000,21.9,Low Risk
CUST104786,Bank of Baroda,Mass Retail,1,7,20700,40000,22,154,264000,740000,30.8,Low Risk
CUST104787,State Bank of India,Business,1,53,566800,2500000,21,1040,12143000,54730000,13.5,Low Risk
CUST104788,IndusInd Bank,Business,9,64,187700,1000000,195,1306,3438000,22470000,15.9,Low Risk
CUST104789,State Bank of India,Affluent,1,12,22700,300000,24,241,443000,5840000,8.4,Low Risk
CUST104790,Yes Bank,Mass Retail,11,12,76000,100000,280,268,2028000,2320000,88.8,Medium Risk
CUST104791,Bank of Baroda,Mass Retail,12,12,102300,100000,341,272,2289000,2250000,106.6,High Risk
CUST104792,Federal Bank,SME,8,40,139700,1500000,148,1026,3200000,36690000,12.5,Low Risk
CUST104793,Yes Bank,Mass Retail,3,7,500,50000,58,137,8000,960000,19.3,Low Risk
CUST104794,Axis Bank,Mass Retail,4,13,3600,25000,75,302,70000,580000,19.6,Low Risk
CUST104795,Kotak Mahindra Bank,Mass Retail,2,7,4800,50000,43,159,59000,930000,16.8,Low Risk
CUST104796,Union Bank of India,Mass Retail,1,6,13500,75000,23,136,311000,1650000,17.8,Low Risk
CUST104797,Indian Bank,Mass Retail,1,12,23000,100000,33,301,409000,2190000,15.9,Low Risk
CUST104798,Punjab National Bank,Premium,4,30,91600,300000,91,613,1747000,6220000,22.7,Low Risk
CUST104799,IDFC First Bank,Mass Retail,3,13,17200,40000,55,251,404000,960000,33.7,Low Risk
CUST104800,Indian Bank,Affluent,1,12,22300,150000,22,284,282000,2700000,10.5,Low Risk
CUST104801,Union Bank of India,Mass Retail,7,12,109000,100000,174,257,2959000,2160000,96.6,High Risk
CUST104802,Federal Bank,Mass Retail,1,13,44400,100000,26,249,841000,1950000,28.3,Low Risk
CUST104803,Punjab National Bank,Business,79,80,478800,500000,1673,1661,12462000,11600000,100.8,High Risk
CUST104804,Union Bank of India,Mass Retail,6,7,34000,40000,192,148,697000,730000,97.9,High Risk
CUST104805,Indian Bank,Business,17,42,161500,500000,310,979,3029000,11910000,31.8,Low Risk
CUST104806,IndusInd Bank,Affluent,4,17,36800,200000,55,344,688000,4770000,17.8,Low Risk
CUST104807,Federal Bank,Mass Retail,0,6,11700,100000,9,131,215000,2380000,7.4,Low Risk
CUST104808,Federal Bank,SME,5,28,15000,200000,113,627,189000,3810000,11.6,Low Risk
CUST104809,IDFC First Bank,Mass Retail,2,6,2300,25000,37,133,48000,560000,18.5,Low Risk
CUST104810,Kotak Mahindra Bank,Business,21,67,110000,1000000,455,1730,1911000,18100000,18.7,Low Risk
CUST104811,Union Bank of India,Mass Retail,2,7,6000,40000,29,135,152000,960000,19.7,Low Risk
CUST104812,Indian Bank,Business,2,57,388900,1500000,41,1462,9123000,34590000,16.1,Low Risk
CUST104813,Bank of Baroda,Mass Retail,2,8,15300,40000,41,185,248000,870000,29.1,Low Risk
CUST104814,HDFC Bank,Affluent,6,21,97700,300000,101,516,1782000,6930000,27.3,Low Risk
CUST104815,Axis Bank,Premium,7,25,324000,1000000,121,550,4190000,18660000,26.1,Low Risk
CUST104816,Bank of India,SME,14,36,323000,750000,305,798,5303000,16280000,38.2,Low Risk
CUST104817,IDFC First Bank,Business,38,59,194000,1500000,721,1484,3071000,30060000,31.3,Low Risk
CUST104818,Canara Bank,Business,43,40,529300,1500000,1119,1011,13140000,37210000,67.8,Medium Risk
CUST104819,IndusInd Bank,Business,7,42,704300,2500000,140,868,13907000,60000000,21.5,Low Risk
CUST104820,Union Bank of India,Mass Retail,4,11,18300,25000,69,224,384000,580000,53.7,Low-Medium Risk
CUST104821,Kotak Mahindra Bank,Mass Retail,3,10,61000,100000,59,225,1239000,2450000,43.7,Low-Medium Risk
CUST104822,Federal Bank,Mass Retail,1,11,4600,100000,18,278,97000,2040000,6.1,Low Risk
CUST104823,Federal Bank,Mass Retail,2,6,2700,40000,35,128,65000,970000,17.1,Low Risk
CUST104824,Union Bank of India,Mass Retail,2,6,2900,75000,49,141,44000,1520000,16.9,Low Risk
CUST104825,Axis Bank,Affluent,17,14,254000,200000,404,335,6083000,4630000,125.5,High Risk
CUST104826,IDFC First Bank,Mass Retail,1,13,49900,75000,20,318,902000,1740000,36.4,Low Risk
CUST104827,Union Bank of India,Premium,3,31,197500,750000,58,711,3585000,13600000,18.5,Low Risk
CUST104828,Kotak Mahindra Bank,Mass Retail,2,12,9400,50000,38,262,171000,1030000,17.1,Low Risk
CUST104829,HDFC Bank,Mass Retail,4,12,10100,40000,95,309,172000,730000,27.8,Low Risk
CUST104830,Axis Bank,Affluent,19,18,114100,150000,512,419,2500000,3750000,90.2,High Risk
CUST104831,Bank of India,Premium,6,21,334200,1000000,119,506,4969000,18860000,28.2,Low Risk
CUST104832,HDFC Bank,Premium,32,34,685400,750000,835,728,11115000,16350000,90.5,High Risk
CUST104833,Federal Bank,Affluent,2,17,38900,200000,49,403,811000,4710000,15.4,Low Risk
CUST104834,ICICI Bank,Mass Retail,2,12,3700,50000,27,250,54000,970000,9.8,Low Risk
CUST104835,Union Bank of India,Affluent,3,17,67100,100000,50,352,1435000,2140000,44.6,Low-Medium Risk
CUST104836,Bank of Baroda,Mass Retail,2,11,4700,25000,35,264,75000,560000,15.8,Low Risk
CUST104837,Kotak Mahindra Bank,Mass Retail,10,10,16800,25000,238,226,464000,480000,91.0,High Risk
CUST104838,Indian Bank,Mass Retail,2,7,11100,40000,60,166,269000,940000,30.3,Low Risk
CUST104839,Bank of Baroda,Mass Retail,4,13,6000,40000,81,272,102000,800000,21.3,Low Risk
CUST104840,Bank of Baroda,Mass Retail,7,7,105800,100000,220,162,2338000,1950000,115.2,High Risk
CUST104841,Canara Bank,SME,21,50,521500,1500000,434,1105,11401000,32860000,37.4,Low Risk
CUST104842,Kotak Mahindra Bank,SME,10,36,150100,1500000,242,834,2113000,31310000,17.3,Low Risk
CUST104843,State Bank of India,Mass Retail,1,6,7800,50000,11,126,195000,1220000,14.7,Low Risk
CUST104844,Axis Bank,Mass Retail,6,10,8700,75000,143,240,193000,1810000,32.8,Low Risk
CUST104845,Kotak Mahindra Bank,Mass Retail,1,9,9800,40000,18,222,187000,860000,17.1,Low Risk
CUST104846,Federal Bank,Mass Retail,1,9,19600,40000,26,187,309000,820000,29.9,Low Risk
CUST104847,IDFC First Bank,SME,20,26,212900,750000,560,549,5438000,15210000,57.3,Low-Medium Risk
CUST104848,Yes Bank,Mass Retail,2,6,2400,40000,31,142,39000,790000,15.2,Low Risk
CUST104849,Yes Bank,Premium,19,21,451700,500000,482,501,7035000,10910000,84.0,Medium Risk
CUST104850,Punjab National Bank,Mass Retail,3,8,12300,40000,79,191,214000,950000,32.5,Low Risk
CUST104851,Punjab National Bank,SME,6,45,89200,200000,124,1070,1500000,4040000,28.5,Low Risk
CUST104852,Punjab National Bank,Mass Retail,1,13,17300,100000,20,283,267000,1930000,12.0,Low Risk
CUST104853,State Bank of India,Premium,21,23,50500,300000,509,501,1375000,6400000,53.1,Low-Medium Risk
CUST104854,Axis Bank,Mass Retail,1,9,26300,40000,9,187,510000,740000,41.3,Low-Medium Risk
CUST104855,Axis Bank,Affluent,2,14,52900,400000,42,281,1130000,9160000,13.4,Low Risk
CUST104856,Federal Bank,Mass Retail,2,9,11100,40000,32,215,164000,870000,21.3,Low Risk
CUST104857,IDFC First Bank,Mass Retail,6,12,131800,100000,108,236,2651000,2150000,92.5,High Risk
CUST104858,IDFC First Bank,SME,56,53,466400,400000,1323,1355,9976000,8040000,112.4,High Risk
CUST104859,IDFC First Bank,Business,22,61,609800,2500000,593,1512,11182000,60830000,28.3,Low Risk
CUST104860,IndusInd Bank,Business,13,62,97500,1000000,314,1550,1892000,18630000,14.6,Low Risk
CUST104861,Indian Bank,Affluent,1,14,156700,300000,29,355,2818000,7230000,28.8,Low Risk
CUST104862,Kotak Mahindra Bank,Business,57,84,515400,500000,1131,1836,11004000,10320000,87.4,Medium Risk
CUST104863,Axis Bank,Mass Retail,7,12,26400,40000,168,299,648000,970000,62.3,Low-Medium Risk
CUST104864,Indian Bank,Mass Retail,1,6,14100,50000,17,121,265000,1160000,21.1,Low Risk
CUST104865,Union Bank of India,Mass Retail,5,9,128000,100000,108,172,2404000,1870000,98.1,High Risk
CUST104866,Canara Bank,Affluent,3,21,112700,400000,66,514,2529000,9530000,21.3,Low Risk
CUST104867,IDFC First Bank,Mass Retail,5,12,2600,25000,102,234,42000,570000,23.7,Low Risk
CUST104868,Bank of India,Mass Retail,3,12,5700,25000,72,311,108000,460000,23.4,Low Risk
CUST104869,Kotak Mahindra Bank,Affluent,7,15,36400,150000,186,356,693000,2840000,35.2,Low Risk
CUST104870,IDFC First Bank,Business,4,65,1222900,2500000,70,1578,20140000,56120000,26.0,Low Risk
CUST104871,HDFC Bank,Mass Retail,4,11,4800,25000,62,228,96000,570000,23.9,Low Risk
CUST104872,Axis Bank,Mass Retail,1,6,1800,25000,17,142,38000,580000,10.3,Low Risk
CUST104873,IndusInd Bank,Mass Retail,3,10,12500,50000,57,193,253000,1150000,26.4,Low Risk
CUST104874,Indian Bank,Mass Retail,4,12,8700,25000,81,298,140000,570000,30.0,Low Risk
CUST104875,State Bank of India,Mass Retail,8,8,65200,50000,215,161,1429000,1170000,122.0,High Risk
CUST104876,IndusInd Bank,Affluent,13,21,183400,300000,246,502,2907000,6610000,53.8,Low-Medium Risk
CUST104877,Federal Bank,Affluent,2,16,94400,200000,42,329,1737000,3970000,31.0,Low Risk
CUST104878,Kotak Mahindra Bank,Premium,4,34,23400,300000,54,662,597000,7320000,8.9,Low Risk
CUST104879,HDFC Bank,Mass Retail,0,7,10300,25000,9,157,148000,450000,22.0,Low Risk
CUST104880,Axis Bank,Business,98,85,1449600,1500000,2077,1716,38495000,30850000,114.1,High Risk
CUST104881,Canara Bank,Mass Retail,5,9,15900,40000,92,217,248000,920000,40.3,Low-Medium Risk
CUST104882,State Bank of India,Affluent,1,18,24400,100000,16,372,444000,2100000,14.8,Low Risk
CUST104883,Axis Bank,Business,41,43,101700,1500000,836,920,2098000,27260000,45.1,Low-Medium Risk
CUST104884,Yes Bank,Mass Retail,1,9,34600,100000,17,207,609000,1850000,23.2,Low Risk
CUST104885,Bank of India,Mass Retail,1,10,2600,75000,17,210,49000,1690000,5.6,Low Risk
CUST104886,Canara Bank,Business,64,59,46500,500000,1572,1277,1125000,12380000,55.9,Low-Medium Risk
CUST104887,Axis Bank,Mass Retail,5,12,10100,100000,106,297,214000,2190000,22.8,Low Risk
CUST104888,Union Bank of India,Premium,4,21,54500,300000,83,425,1075000,6460000,18.4,Low Risk
CUST104889,Bank of India,Mass Retail,4,6,5400,25000,56,117,100000,510000,37.1,Low Risk
CUST104890,IndusInd Bank,Premium,12,25,1109600,1000000,330,532,21771000,19800000,86.1,Medium Risk
CUST104891,Punjab National Bank,Mass Retail,1,12,6600,40000,28,264,116000,730000,13.1,Low Risk
CUST104892,State Bank of India,Mass Retail,2,13,3800,75000,35,296,57000,1490000,8.5,Low Risk
CUST104893,State Bank of India,Affluent,20,17,386100,400000,490,367,12120000,8460000,122.6,High Risk
CUST104894,ICICI Bank,Mass Retail,2,13,30700,50000,46,319,436000,970000,36.1,Low Risk
CUST104895,Yes Bank,Mass Retail,3,11,17000,50000,59,212,260000,930000,29.5,Low Risk
CUST104896,Yes Bank,Mass Retail,2,10,22200,40000,37,220,512000,920000,39.5,Low Risk
CUST104897,Indian Bank,Mass Retail,9,12,7800,50000,154,260,149000,1210000,37.3,Low Risk
CUST104898,HDFC Bank,Mass Retail,3,6,12600,50000,65,141,244000,1230000,33.7,Low Risk
CUST104899,Bank of India,Mass Retail,5,10,34000,25000,106,258,814000,560000,98.7,High Risk
CUST104900,Bank of Baroda,Business,8,42,1017700,5000000,185,948,19120000,91850000,20.1,Low Risk
CUST104901,ICICI Bank,Mass Retail,1,7,21000,100000,31,181,509000,2320000,18.9,Low Risk
CUST104902,Axis Bank,Affluent,5,21,26500,100000,89,443,347000,1880000,22.0,Low Risk
CUST104903,Bank of Baroda,Mass Retail,1,10,17100,75000,16,192,399000,1700000,16.8,Low Risk
CUST104904,IndusInd Bank,Mass Retail,6,13,21500,75000,117,262,349000,1760000,33.7,Low Risk
CUST104905,State Bank of India,SME,15,44,174800,1500000,308,958,2806000,34620000,20.1,Low Risk
CUST104906,Canara Bank,Mass Retail,1,11,24900,75000,15,233,616000,1850000,21.8,Low Risk
CUST104907,ICICI Bank,SME,29,26,47000,200000,554,512,898000,4630000,60.4,Low-Medium Risk
CUST104908,IDFC First Bank,Mass Retail,3,12,1800,25000,60,264,37000,570000,14.2,Low Risk
CUST104909,Bank of Baroda,Premium,5,23,299700,750000,118,491,4076000,14870000,28.9,Low Risk
CUST104910,Union Bank of India,Affluent,8,20,32100,100000,116,397,620000,2450000,31.1,Low Risk
CUST104911,Indian Bank,Business,61,67,730700,1000000,1831,1412,18011000,19260000,95.4,High Risk
CUST104912,ICICI Bank,Affluent,7,12,378700,400000,182,302,13732000,9730000,92.0,High Risk
CUST104913,Bank of India,Affluent,4,18,69700,400000,85,380,1166000,8080000,18.4,Low Risk
CUST104914,Axis Bank,Mass Retail,6,12,6900,40000,140,288,132000,760000,31.3,Low Risk
CUST104915,ICICI Bank,Mass Retail,1,13,20000,50000,29,303,428000,1190000,25.2,Low Risk
CUST104916,IndusInd Bank,Business,7,42,1410800,2500000,117,924,24892000,45040000,37.7,Low Risk
CUST104917,Bank of India,Mass Retail,9,10,16400,25000,255,207,410000,600000,84.4,Medium Risk
CUST104918,Yes Bank,Mass Retail,2,12,22200,75000,36,259,376000,1490000,22.2,Low Risk
CUST104919,Union Bank of India,Premium,4,32,252500,500000,89,741,4820000,12100000,30.5,Low Risk
CUST104920,Punjab National Bank,Mass Retail,0,9,8900,100000,10,193,195000,2280000,6.1,Low Risk
CUST104921,State Bank of India,SME,13,41,117800,750000,256,841,2534000,17000000,22.3,Low Risk
CUST104922,Bank of India,Premium,14,31,220800,500000,292,614,3278000,10280000,41.7,Low-Medium Risk
CUST104923,IndusInd Bank,Affluent,4,12,20100,300000,98,302,372000,5520000,18.2,Low Risk
CUST104924,Punjab National Bank,Business,39,67,625500,5000000,932,1480,13143000,119050000,33.3,Low Risk
CUST104925,HDFC Bank,Mass Retail,3,8,18700,75000,60,187,254000,1440000,27.4,Low Risk
CUST104926,Punjab National Bank,Mass Retail,3,8,5000,40000,55,179,102000,820000,21.9,Low Risk
CUST104927,IDFC First Bank,Affluent,5,15,30000,200000,84,377,454000,4440000,19.1,Low Risk
CUST104928,IDFC First Bank,Mass Retail,4,7,22100,100000,97,160,383000,2140000,37.2,Low Risk
CUST104929,HDFC Bank,Premium,2,23,12700,300000,41,514,200000,5820000,5.7,Low Risk
CUST104930,IDFC First Bank,Business,65,68,609400,500000,2283,1732,11459000,9490000,118.2,High Risk
CUST104931,Yes Bank,Affluent,12,13,349800,400000,401,312,7042000,7550000,99.0,High Risk
CUST104932,IDFC First Bank,Mass Retail,4,13,12400,50000,56,257,274000,1200000,25.1,Low Risk
CUST104933,ICICI Bank,SME,3,34,129300,200000,54,688,1946000,3640000,36.8,Low Risk
CUST104934,Federal Bank,Affluent,1,14,27600,100000,29,343,663000,2480000,18.7,Low Risk
CUST104935,Bank of Baroda,Affluent,3,13,56500,400000,61,323,1039000,7760000,16.8,Low Risk
CUST104936,Canara Bank,Mass Retail,3,6,7100,25000,45,137,107000,470000,32.5,Low Risk
CUST104937,Bank of India,Business,28,82,991600,2500000,626,1876,16073000,55100000,34.1,Low Risk
CUST104938,Union Bank of India,Affluent,7,15,36200,150000,148,351,455000,2780000,30.8,Low Risk
CUST104939,Canara Bank,Premium,32,33,51100,500000,631,728,1064000,11110000,46.1,Low-Medium Risk
CUST104940,Canara Bank,Business,80,72,205400,1000000,1833,1711,4559000,23950000,59.2,Low-Medium Risk
CUST104941,State Bank of India,Mass Retail,3,6,13300,50000,39,119,217000,920000,32.5,Low Risk
CUST104942,Axis Bank,Affluent,8,18,31800,200000,211,463,601000,4720000,27.9,Low Risk
CUST104943,Canara Bank,Business,16,41,544600,1000000,316,994,10798000,20760000,45.3,Low-Medium Risk
CUST104944,Kotak Mahindra Bank,Mass Retail,6,11,10500,50000,110,258,152000,960000,31.9,Low Risk
CUST104945,State Bank of India,Premium,11,32,327300,1000000,243,679,6034000,19230000,33.3,Low Risk
CUST104946,IndusInd Bank,SME,36,38,1148100,1500000,1031,765,39799000,36650000,102.7,High Risk
CUST104947,ICICI Bank,Affluent,1,14,68100,300000,12,306,1096000,5630000,14.2,Low Risk
CUST104948,IndusInd Bank,Premium,9,32,189000,750000,153,756,4443000,18050000,24.6,Low Risk
CUST104949,Kotak Mahindra Bank,Business,47,76,85100,500000,928,1781,1766000,10900000,34.3,Low Risk
CUST104950,Bank of Baroda,Business,28,75,6168200,5000000,1311,1626,128935000,91370000,99.9,High Risk
CUST104951,Bank of India,Mass Retail,2,13,5100,40000,40,303,102000,850000,13.2,Low Risk
CUST104952,ICICI Bank,Mass Retail,2,7,6900,25000,51,173,145000,590000,27.6,Low Risk
CUST104953,Bank of Baroda,Mass Retail,3,7,12800,40000,52,134,209000,920000,33.4,Low Risk
CUST104954,Bank of Baroda,Premium,15,33,454300,1000000,247,731,7015000,21420000,39.2,Low Risk
CUST104955,Punjab National Bank,Affluent,17,19,83500,100000,394,462,1622000,2400000,80.8,Medium Risk
CUST104956,Kotak Mahindra Bank,Premium,3,20,150000,1000000,41,456,2673000,18840000,13.4,Low Risk
CUST104957,State Bank of India,Mass Retail,2,7,33100,75000,57,165,732000,1830000,37.6,Low Risk
CUST104958,Federal Bank,Affluent,6,17,6300,400000,99,384,147000,9570000,14.5,Low Risk
CUST104959,Federal Bank,Mass Retail,2,7,118900,100000,91,182,3029000,2300000,87.7,Medium Risk
CUST104960,Canara Bank,Premium,3,22,37800,500000,37,426,690000,11860000,9.0,Low Risk
CUST104961,Bank of India,Affluent,25,21,176300,300000,531,471,6524000,6540000,95.6,High Risk
CUST104962,Union Bank of India,Mass Retail,2,9,3000,40000,25,177,66000,910000,12.1,Low Risk
CUST104963,HDFC Bank,Mass Retail,11,12,45100,75000,238,241,1308000,1640000,81.2,Medium Risk
CUST104964,Canara Bank,Premium,8,27,468900,1000000,127,585,7503000,20490000,35.0,Low Risk
CUST104965,State Bank of India,Affluent,6,18,69400,150000,104,362,1462000,3300000,38.8,Low Risk
CUST104966,Bank of India,Mass Retail,2,6,52500,75000,31,154,1012000,1490000,50.3,Low-Medium Risk
CUST104967,Yes Bank,SME,8,31,49700,400000,209,794,751000,8430000,17.3,Low Risk
CUST104968,Axis Bank,Premium,10,29,272400,750000,210,619,4742000,14970000,34.0,Low Risk
CUST104969,Yes Bank,SME,31,36,179100,200000,983,845,4475000,3770000,103.0,High Risk
CUST104970,Axis Bank,Affluent,2,15,16700,150000,36,341,239000,3040000,10.6,Low Risk
CUST104971,Bank of Baroda,Affluent,8,20,12800,400000,172,494,316000,9590000,18.2,Low Risk
CUST104972,Punjab National Bank,Business,12,58,345300,2500000,308,1357,7050000,51670000,17.5,Low Risk
CUST104973,Bank of India,Affluent,9,17,45600,150000,152,323,858000,3490000,37.4,Low Risk
CUST104974,Canara Bank,Premium,3,20,120700,750000,63,487,2350000,14420000,15.1,Low Risk
CUST104975,Yes Bank,Mass Retail,2,13,7500,25000,48,315,139000,520000,22.6,Low Risk
CUST104976,Canara Bank,Affluent,13,15,88700,100000,302,339,2272000,1880000,97.5,High Risk
CUST104977,Federal Bank,Mass Retail,3,12,38100,100000,69,304,545000,1900000,29.3,Low Risk
CUST104978,Punjab National Bank,Mass Retail,9,7,68200,100000,170,178,1698000,2230000,89.8,Medium Risk
CUST104979,IndusInd Bank,Mass Retail,11,9,67600,100000,240,204,2381000,2230000,101.8,High Risk
CUST104980,IDFC First Bank,Mass Retail,3,6,4100,25000,53,140,72000,490000,28.0,Low Risk
CUST104981,Kotak Mahindra Bank,SME,34,43,9200,200000,774,1117,130000,4260000,34.8,Low Risk
CUST104982,Bank of India,Mass Retail,0,7,16300,75000,10,148,394000,1800000,13.9,Low Risk
CUST104983,Bank of Baroda,Premium,5,30,78600,300000,81,638,1247000,5770000,20.0,Low Risk
CUST104984,Axis Bank,Business,88,81,102100,1500000,1871,1643,1995000,27200000,53.0,Low-Medium Risk
CUST104985,Axis Bank,Affluent,0,12,73700,300000,8,303,1140000,6770000,12.4,Low Risk
CUST104986,Canara Bank,Mass Retail,3,12,30600,100000,62,291,484000,1840000,26.1,Low Risk
CUST104987,Bank of Baroda,Premium,35,33,673000,500000,842,651,17073000,12430000,127.9,High Risk
CUST104988,Axis Bank,Affluent,4,18,18300,100000,94,466,292000,2230000,17.9,Low Risk
CUST104989,Axis Bank,Premium,25,27,88500,750000,664,651,1990000,15970000,49.6,Low-Medium Risk
CUST104990,Punjab National Bank,Premium,8,26,13900,1000000,204,649,245000,21010000,14.2,Low Risk
CUST104991,Yes Bank,SME,14,27,174700,400000,242,522,3135000,8800000,44.0,Low-Medium Risk
CUST104992,Indian Bank,Affluent,2,14,29500,150000,30,315,450000,2800000,15.4,Low Risk
CUST104993,IndusInd Bank,Mass Retail,2,6,40300,100000,34,143,783000,2450000,32.7,Low Risk
CUST104994,Axis Bank,Affluent,4,13,128100,300000,77,296,2990000,6710000,37.2,Low Risk
CUST104995,Bank of India,Mass Retail,3,11,4100,50000,51,260,75000,960000,14.8,Low Risk
CUST104996,HDFC Bank,Business,22,67,100800,1000000,494,1657,1676000,21940000,18.9,Low Risk
CUST104997,Bank of India,Mass Retail,9,11,33900,40000,257,238,762000,760000,93.6,High Risk
CUST104998,Axis Bank,Mass Retail,5,12,14000,100000,96,299,173000,1810000,23.0,Low Risk
CUST104999,Axis Bank,Business,11,74,172300,1000000,168,1490,3130000,22410000,14.4,Low Risk
CUST105000,Bank of India,Affluent,19,15,248900,400000,330,313,9110000,9020000,96.7,High Risk
